// Generated by tools/generate_fish.py. Do not edit.
#include "lvgl.h"

static const uint8_t bp_fish_head_0[2279] = {
    0x00, 0x00, 0x00, 0x00, 0x00, 0x00, 0x00, 0x00, 0x00, 0x00, 0x00, 0x00, 0x00, 0x00, 0x00, 0x00, 0x00, 0x00, 0x00, 0x00, 0x00, 0x00, 0x00, 0x00,
    0x00, 0x00, 0x00, 0x00, 0x00, 0x00, 0x00, 0x00, 0x00, 0x00, 0x00, 0x00, 0x00, 0x00, 0x00, 0x00, 0x00, 0x00, 0x00, 0x00, 0x00, 0x00, 0x00, 0x00,
    0x00, 0x00, 0x00, 0x00, 0x00, 0x00, 0x00, 0x00, 0x00, 0x00, 0x00, 0x00, 0x00, 0x00, 0x00, 0x00, 0x00, 0x00, 0x00, 0x00, 0x00, 0x00, 0x00, 0x00,
    0x00, 0x00, 0x00, 0x00, 0x00, 0x00, 0x00, 0x00, 0x00, 0x00, 0x02, 0x00, 0x00, 0x04, 0x02, 0x00, 0x00, 0x00, 0x00, 0x00, 0x00, 0x00, 0x00, 0x00,
    0x00, 0x00, 0x00, 0x00, 0x00, 0x00, 0x00, 0x00, 0x00, 0x00, 0x00, 0x00, 0x00, 0x00, 0x00, 0x00, 0x00, 0x00, 0x00, 0x00, 0x00, 0x00, 0x00, 0x00,
    0x00, 0x00, 0x00, 0x00, 0x00, 0x00, 0x00, 0x00, 0x00, 0x00, 0x00, 0x00, 0x00, 0x00, 0x00, 0x00, 0x03, 0x00, 0x00, 0x00, 0x01, 0x03, 0x03, 0x00,
    0x01, 0x00, 0x00, 0x00, 0x00, 0x00, 0x00, 0x00, 0x00, 0x00, 0x00, 0x00, 0x00, 0x00, 0x00, 0x00, 0x00, 0x00, 0x00, 0x00, 0x00, 0x00, 0x00, 0x00,
    0x00, 0x00, 0x00, 0x00, 0x00, 0x00, 0x00, 0x00, 0x00, 0x00, 0x00, 0x00, 0x00, 0x00, 0x00, 0x00, 0x00, 0x00, 0x00, 0x01, 0x1c, 0x00, 0x03, 0x8c,
    0x32, 0x00, 0x00, 0x00, 0x03, 0x00, 0x01, 0x00, 0x00, 0x00, 0x00, 0x00, 0x00, 0x00, 0x00, 0x00, 0x00, 0x00, 0x00, 0x00, 0x00, 0x00, 0x00, 0x00,
    0x00, 0x00, 0x00, 0x00, 0x00, 0x00, 0x00, 0x00, 0x00, 0x00, 0x00, 0x00, 0x00, 0x00, 0x00, 0x00, 0x00, 0x00, 0x00, 0x00, 0x00, 0x00, 0x03, 0x00,
    0x57, 0xf9, 0x6a, 0x4c, 0xff, 0xd2, 0x14, 0x88, 0x64, 0x00, 0x01, 0x00, 0x02, 0x01, 0x00, 0x00, 0x00, 0x00, 0x00, 0x00, 0x00, 0x00, 0x00, 0x00,
    0x00, 0x00, 0x00, 0x00, 0x00, 0x00, 0x00, 0x00, 0x00, 0x00, 0x00, 0x00, 0x00, 0x00, 0x00, 0x00, 0x00, 0x00, 0x00, 0x00, 0x00, 0x00, 0x00, 0x00,
    0x00, 0x00, 0x00, 0x03, 0x00, 0xb1, 0x8f, 0x8f, 0xf5, 0x80, 0x68, 0xe1, 0xf2, 0xe7, 0x53, 0xd6, 0x5c, 0x00, 0x00, 0x00, 0x00, 0x00, 0x00, 0x00,
    0x00, 0x00, 0x00, 0x00, 0x00, 0x00, 0x00, 0x00, 0x00, 0x00, 0x00, 0x00, 0x00, 0x00, 0x00, 0x00, 0x00, 0x00, 0x00, 0x00, 0x00, 0x00, 0x00, 0x00,
    0x00, 0x00, 0x00, 0x00, 0x00, 0x00, 0x00, 0x00, 0x01, 0x07, 0xe0, 0x33, 0x00, 0xe4, 0x55, 0x00, 0xc9, 0xa0, 0x36, 0xff, 0xdb, 0xdb, 0x3c, 0x0d,
    0x07, 0x00, 0x00, 0x00, 0x00, 0x00, 0x00, 0x00, 0x00, 0x00, 0x00, 0x00, 0x00, 0x00, 0x00, 0x00, 0x00, 0x00, 0x00, 0x00, 0x00, 0x00, 0x00, 0x00,
    0x00, 0x00, 0x00, 0x00, 0x00, 0x00, 0x00, 0x00, 0x00, 0x00, 0x00, 0x00, 0x03, 0x00, 0x3b, 0xe1, 0x05, 0x1e, 0xe5, 0x15, 0x03, 0xc6, 0x50, 0x00,
    0xd6, 0x5b, 0x30, 0xe6, 0xdd, 0x2d, 0x00, 0x02, 0x00, 0x00, 0x00, 0x00, 0x00, 0x00, 0x00, 0x00, 0x00, 0x00, 0x00, 0x00, 0x00, 0x00, 0x00, 0x00,
    0x00, 0x00, 0x00, 0x00, 0x00, 0x00, 0x00, 0x00, 0x00, 0x00, 0x00, 0x00, 0x00, 0x00, 0x00, 0x00, 0x00, 0x05, 0x03, 0x87, 0xb7, 0x04, 0x72, 0xcb,
    0x04, 0x43, 0xe7, 0x04, 0x1c, 0xe8, 0x23, 0x00, 0xa5, 0xdc, 0x06, 0x03, 0x00, 0x00, 0x00, 0x00, 0x00, 0x00, 0x00, 0x00, 0x00, 0x00, 0x00, 0x00,
    0x00, 0x00, 0x00, 0x00, 0x00, 0x00, 0x00, 0x00, 0x00, 0x00, 0x00, 0x00, 0x00, 0x00, 0x00, 0x00, 0x00, 0x01, 0x02, 0x04, 0x04, 0x02, 0x00, 0x00,
    0xc8, 0x4b, 0x00, 0xb0, 0x6f, 0x00, 0x9e, 0x88, 0x00, 0x6f, 0xbb, 0x00, 0x03, 0xcf, 0x30, 0x00, 0x02, 0x00, 0x00, 0x00, 0x00, 0x00, 0x00, 0x00,
    0x00, 0x00, 0x00, 0x00, 0x00, 0x00, 0x00, 0x00, 0x00, 0x00, 0x00, 0x00, 0x00, 0x00, 0x00, 0x00, 0x00, 0x00, 0x00, 0x00, 0x03, 0x03, 0x00, 0x00,
    0x00, 0x00, 0x00, 0x29, 0x5f, 0xff, 0xa8, 0x92, 0xfb, 0xb7, 0x8f, 0xfd, 0xd9, 0xc9, 0xf4, 0xec, 0xc9, 0xd1, 0xff, 0x91, 0x55, 0x03, 0x01, 0x00,
    0x00, 0x00, 0x00, 0x00, 0x00, 0x00, 0x00, 0x00, 0x00, 0x00, 0x00, 0x00, 0x00, 0x00, 0x00, 0x00, 0x00, 0x00, 0x00, 0x00, 0x00, 0x00, 0x00, 0x03,
    0x01, 0x00, 0x00, 0x08, 0x28, 0x7d, 0x8e, 0xad, 0xb3, 0x99, 0x8c, 0x92, 0x93, 0x81, 0x8d, 0x74, 0x44, 0x4d, 0x4f, 0x46, 0x48, 0x4f, 0x5c, 0x82,
    0x92, 0xe5, 0x54, 0x00, 0x03, 0x00, 0x00, 0x00, 0x00, 0x00, 0x00, 0x00, 0x00, 0x00, 0x00, 0x00, 0x00, 0x00, 0x00, 0x00, 0x00, 0x00, 0x00, 0x00,
    0x00, 0x00, 0x03, 0x01, 0x00, 0x00, 0x52, 0x99, 0xc4, 0xff, 0x96, 0x53, 0xa0, 0x49, 0x00, 0x00, 0x00, 0x00, 0x00, 0x00, 0x00, 0x00, 0x00, 0x00,
    0x00, 0x00, 0x00, 0x00, 0x00, 0x00, 0x7d, 0xa4, 0x00, 0x04, 0x00, 0x00, 0x00, 0x00, 0x00, 0x00, 0x00, 0x00, 0x00, 0x00, 0x00, 0x00, 0x00, 0x00,
    0x00, 0x00, 0x00, 0x00, 0x00, 0x02, 0x01, 0x00, 0x00, 0x51, 0xbf, 0xc1, 0x55, 0xa1, 0xbc, 0x00, 0x00, 0xe1, 0x3f, 0x03, 0x06, 0x04, 0x04, 0x04,
    0x04, 0x04, 0x03, 0x03, 0x03, 0x03, 0x03, 0x03, 0x03, 0x07, 0x04, 0x3b, 0xcf, 0x07, 0x01, 0x00, 0x00, 0x00, 0x00, 0x00, 0x00, 0x00, 0x00, 0x00,
    0x00, 0x00, 0x00, 0x00, 0x00, 0x00, 0x00, 0x00, 0x00, 0x03, 0x00, 0x00, 0x53, 0xc2, 0xbf, 0x51, 0x00, 0x00, 0xd7, 0x2f, 0x03, 0x3b, 0xc8, 0x00,
    0x01, 0x00, 0x00, 0x00, 0x00, 0x00, 0x00, 0x00, 0x00, 0x00, 0x00, 0x00, 0x00, 0x00, 0x02, 0x01, 0x2b, 0xe4, 0x10, 0x01, 0x01, 0x00, 0x00, 0x00,
    0x00, 0x00, 0x00, 0x00, 0x00, 0x00, 0x00, 0x00, 0x00, 0x00, 0x00, 0x00, 0x01, 0x02, 0x00, 0x35, 0xaf, 0xb0, 0x3e, 0x00, 0x00, 0x01, 0x75, 0xc1,
    0x00, 0x00, 0xab, 0x78, 0x00, 0x04, 0x00, 0x00, 0x00, 0x00, 0x00, 0x00, 0x00, 0x01, 0x02, 0x03, 0x04, 0x03, 0x02, 0x05, 0x00, 0x82, 0xb1, 0x00,
    0x03, 0x02, 0x03, 0x01, 0x00, 0x00, 0x00, 0x00, 0x00, 0x00, 0x00, 0x00, 0x00, 0x00, 0x00, 0x00, 0x03, 0x00, 0x00, 0x7e, 0xff, 0xff, 0xbf, 0x62,
    0x08, 0x05, 0x00, 0xcc, 0x5f, 0x01, 0x09, 0xda, 0x2e, 0x00, 0x02, 0x00, 0x00, 0x00, 0x00, 0x02, 0x03, 0x03, 0x00, 0x00, 0x00, 0x00, 0x00, 0x00,
    0x00, 0x13, 0xc2, 0x7b, 0x15, 0x03, 0x00, 0x00, 0x00, 0x00, 0x00, 0x00, 0x00, 0x00, 0x00, 0x00, 0x00, 0x00, 0x00, 0x00, 0x04, 0x00, 0x12, 0xc1,
    0xff, 0xbc, 0x40, 0x44, 0xbd, 0xb4, 0x02, 0x0e, 0xd8, 0x22, 0x00, 0x29, 0xcd, 0x08, 0x01, 0x00, 0x00, 0x01, 0x03, 0x02, 0x00, 0x00, 0x00, 0x10,
    0x2b, 0x59, 0x88, 0xaa, 0xc7, 0xb1, 0xdc, 0xff, 0xde, 0xdf, 0xba, 0xc3, 0xb0, 0x19, 0x01, 0x01, 0x00, 0x00, 0x00, 0x00, 0x00, 0x00, 0x00, 0x00,
    0x04, 0x00, 0x3a, 0xe0, 0xc4, 0xcf, 0x00, 0x68, 0xaa, 0x17, 0xbe, 0x69, 0x00, 0xe4, 0x17, 0x00, 0x52, 0xc6, 0x00, 0x02, 0x00, 0x03, 0x00, 0x00,
    0x00, 0x34, 0x64, 0xaa, 0xc7, 0xaf, 0x90, 0x64, 0x53, 0x4f, 0x24, 0x19, 0xcf, 0x79, 0x0f, 0x17, 0x38, 0x97, 0xbc, 0x00, 0x03, 0x00, 0x00, 0x00,
    0x00, 0x00, 0x00, 0x00, 0x03, 0x00, 0x59, 0xec, 0x55, 0x75, 0x99, 0x02, 0xff, 0xff, 0x95, 0x76, 0x99, 0x0e, 0xdc, 0x12, 0x00, 0x4f, 0xca, 0x00,
    0x02, 0x00, 0x00, 0x01, 0x5a, 0xb5, 0xc0, 0x92, 0x61, 0x16, 0x00, 0x00, 0x00, 0x00, 0x00, 0x00, 0x00, 0x6d, 0xcc, 0x16, 0x34, 0x36, 0x4b, 0xe8,
    0x14, 0x00, 0x01, 0x00, 0x00, 0x00, 0x00, 0x00, 0x02, 0x00, 0x3b, 0xff, 0x44, 0x00, 0x63, 0xde, 0x00, 0x78, 0xaa, 0x17, 0xbc, 0x6b, 0x39, 0xcd,
    0x00, 0x00, 0x4f, 0xc9, 0x00, 0x03, 0x10, 0x53, 0xd7, 0xc8, 0x47, 0x00, 0x00, 0x00, 0x00, 0x00, 0x08, 0x12, 0x1e, 0x35, 0x3e, 0x3c, 0x4a, 0xe9,
    0x61, 0x25, 0x1b, 0x03, 0xc7, 0x50, 0x00, 0x03, 0x00, 0x00, 0x00, 0x00, 0x02, 0x00, 0x12, 0xed, 0x57, 0x00, 0x00, 0x00, 0xa8, 0xb4, 0x42, 0x42,
    0xa2, 0xb8, 0x03, 0x18, 0xdd, 0x17, 0x00, 0x4f, 0xc9, 0x00, 0x01, 0x54, 0xb1, 0x62, 0x00, 0x00, 0x08, 0x1d, 0x3b, 0x44, 0x42, 0x58, 0x5b, 0x47,
    0x3b, 0x3e, 0x33, 0x23, 0xb1, 0xa2, 0x2c, 0x34, 0x39, 0xe9, 0x31, 0x00, 0x02, 0x00, 0x00, 0x00, 0x00, 0x01, 0x05, 0x79, 0xec, 0x93, 0x9f, 0x4e,
    0x09, 0x00, 0x88, 0xcb, 0xca, 0x8e, 0x0d, 0x00, 0x17, 0xdf, 0x16, 0x00, 0x52, 0xc8, 0x00, 0x02, 0x01, 0x00, 0x0e, 0x5e, 0x9b, 0xa1, 0x9d, 0x8a,
    0x80, 0x71, 0x6f, 0x54, 0x52, 0x53, 0x58, 0x46, 0x4a, 0xd9, 0x76, 0x32, 0x28, 0x7f, 0xb1, 0x01, 0x02, 0x00, 0x00, 0x00, 0x00, 0x01, 0x00, 0x0f,
    0x84, 0x51, 0x53, 0x74, 0x91, 0xe2, 0x61, 0x00, 0x00, 0x00, 0x00, 0x00, 0x01, 0x10, 0xda, 0x22, 0x00, 0x26, 0xd7, 0x0d, 0x01, 0x0b, 0x8a, 0xa8,
    0xa6, 0x71, 0x6a, 0x65, 0x44, 0x2d, 0x2a, 0x29, 0x29, 0x29, 0x29, 0x28, 0x2a, 0x3a, 0xe6, 0x3c, 0x39, 0x74, 0xdc, 0x20, 0x00, 0x02, 0x00, 0x00,
    0x00, 0x00, 0x00, 0x01, 0x01, 0x0c, 0x66, 0x12, 0x00, 0x86, 0xcb, 0x22, 0x01, 0x00, 0x06, 0x07, 0x04, 0x06, 0x00, 0xbf, 0x60, 0x01, 0x03, 0xcd,
    0x30, 0x00, 0x0c, 0x89, 0x8f, 0x88, 0x94, 0xc2, 0xc4, 0xb7, 0xb5, 0xd9, 0xd9, 0xd9, 0xd9, 0xd9, 0xd9, 0xd8, 0xe2, 0xf4, 0xd7, 0xaa, 0xc3, 0x42,
    0x00, 0x02, 0x00, 0x00, 0x00, 0x00, 0x00, 0x00, 0x03, 0x01, 0x61, 0xef, 0xd4, 0xa7, 0xa9, 0x07, 0x00, 0x12, 0x16, 0x00, 0x00, 0x00, 0x00, 0x04,
    0xb4, 0xbc, 0x00, 0x00, 0xae, 0x91, 0x00, 0x02, 0x00, 0x00, 0x00, 0x00, 0x00, 0x00, 0x00, 0x01, 0x16, 0x16, 0x16, 0x16, 0x16, 0x1a, 0x16, 0xa4,
    0x9c, 0x14, 0x00, 0x00, 0x00, 0x01, 0x00, 0x00, 0x00, 0x00, 0x00, 0x00, 0x00, 0x00, 0x01, 0x00, 0x0c, 0x9e, 0xff, 0x2e, 0x00, 0x00, 0x46, 0xb7,
    0x8c, 0x62, 0x56, 0x6e, 0xb8, 0xb4, 0xe9, 0x2b, 0x01, 0x32, 0xdd, 0x05, 0x03, 0x05, 0x04, 0x04, 0x04, 0x02, 0x02, 0x02, 0x00, 0x00, 0x00, 0x00,
    0x00, 0x00, 0x00, 0x00, 0x4c, 0xd8, 0x00, 0x02, 0x03, 0x02, 0x00, 0x00, 0x00, 0x00, 0x00, 0x00, 0x00, 0x00, 0x00, 0x00, 0x01, 0x00, 0x00, 0x56,
    0xd2, 0xac, 0x28, 0x00, 0x00, 0x3b, 0x71, 0x8c, 0x61, 0x28, 0x00, 0xb4, 0xa0, 0x00, 0x00, 0xae, 0x81, 0x00, 0x03, 0x00, 0x00, 0x00, 0x00, 0x00,
    0x00, 0x00, 0x01, 0x01, 0x01, 0x01, 0x01, 0x01, 0x03, 0x00, 0xd2, 0x50, 0x00, 0x03, 0x00, 0x00, 0x00, 0x00, 0x00, 0x00, 0x00, 0x00, 0x00, 0x00,
    0x00, 0x00, 0x01, 0x03, 0x00, 0x06, 0x91, 0xea, 0x8d, 0x32, 0x00, 0x00, 0x00, 0x00, 0x00, 0x05, 0x2c, 0xec, 0x17, 0x02, 0x27, 0xff, 0x3b, 0x00,
    0x02, 0x00, 0x00, 0x00, 0x00, 0x00, 0x00, 0x00, 0x00, 0x00, 0x00, 0x00, 0x00, 0x04, 0x02, 0x7f, 0xc3, 0x00, 0x03, 0x00, 0x00, 0x00, 0x00, 0x00,
    0x00, 0x00, 0x00, 0x00, 0x00, 0x00, 0x00, 0x00, 0x00, 0x03, 0x00, 0x00, 0x2a, 0x75, 0xc4, 0xc5, 0x95, 0x63, 0x16, 0x00, 0x00, 0x00, 0x9e, 0xbf,
    0x00, 0x00, 0x6e, 0xf1, 0x15, 0x06, 0x05, 0x03, 0x03, 0x03, 0x03, 0x03, 0x03, 0x03, 0x04, 0x04, 0x04, 0x02, 0x02, 0x00, 0x9c, 0x8b, 0x00, 0x04,
    0x00, 0x00, 0x00, 0x00, 0x00, 0x00, 0x00, 0x00, 0x00, 0x00, 0x00, 0x00, 0x00, 0x00, 0x00, 0x01, 0x03, 0x00, 0x00, 0x00, 0x36, 0x64, 0xaa, 0xc9,
    0xaa, 0x66, 0x47, 0x29, 0xdd, 0x65, 0x00, 0x00, 0x2e, 0x00, 0x00, 0x00, 0x00, 0x00, 0x00, 0x00, 0x00, 0x00, 0x00, 0x00, 0x00, 0x00, 0x00, 0x06,
    0x1f, 0xdc, 0x39, 0x00, 0x03, 0x00, 0x00, 0x00, 0x00, 0x00, 0x00, 0x00, 0x00, 0x00, 0x00, 0x00, 0x00, 0x00, 0x00, 0x00, 0x00, 0x00, 0x02, 0x03,
    0x00, 0x00, 0x00, 0x00, 0x13, 0x5f, 0x8d, 0xa3, 0xad, 0xc7, 0xe4, 0xc9, 0xbb, 0x7e, 0x89, 0x80, 0x87, 0x48, 0x51, 0x4f, 0x4f, 0x48, 0x47, 0x52,
    0x83, 0x93, 0x91, 0xc5, 0xcc, 0xd4, 0x64, 0x02, 0x02, 0x00, 0x00, 0x00, 0x00, 0x00, 0x00, 0x00, 0x00, 0x00, 0x00, 0x00, 0x00, 0x00, 0x00, 0x00,
    0x00, 0x00, 0x00, 0x00, 0x00, 0x00, 0x02, 0x03, 0x03, 0x00, 0x00, 0x00, 0x00, 0x00, 0x16, 0x20, 0x4f, 0x52, 0x57, 0xb7, 0xff, 0xc1, 0xf9, 0xc0,
    0xcb, 0xc9, 0xeb, 0xf3, 0xaa, 0x91, 0x94, 0x63, 0x4f, 0x27, 0x0d, 0x00, 0x00, 0x00, 0x00, 0x00, 0x00, 0x00, 0x00, 0x00, 0x00, 0x00, 0x00, 0x00,
    0x00, 0x00, 0x00, 0x00, 0x00, 0x00, 0x00, 0x00, 0x00, 0x00, 0x00, 0x00, 0x00, 0x00, 0x01, 0x03, 0x04, 0x03, 0x01, 0x00, 0x00, 0x00, 0x00, 0x00,
    0x00, 0x9a, 0xaa, 0xc0, 0x42, 0x00, 0x00, 0xb8, 0x6a, 0x00, 0x00, 0x00, 0x00, 0x00, 0x00, 0x00, 0x01, 0x00, 0x00, 0x00, 0x00, 0x00, 0x00, 0x00,
    0x00, 0x00, 0x00, 0x00, 0x00, 0x00, 0x00, 0x00, 0x00, 0x00, 0x00, 0x00, 0x00, 0x00, 0x00, 0x00, 0x00, 0x00, 0x00, 0x00, 0x00, 0x00, 0x00, 0x00,
    0x01, 0x02, 0x03, 0x03, 0x04, 0x02, 0x00, 0xa3, 0xe2, 0xda, 0x16, 0x15, 0xef, 0x1b, 0x03, 0x06, 0x04, 0x03, 0x03, 0x02, 0x01, 0x00, 0x00, 0x00,
    0x00, 0x00, 0x00, 0x00, 0x00, 0x00, 0x00, 0x00, 0x00, 0x00, 0x00, 0x00, 0x00, 0x00, 0x00, 0x00, 0x00, 0x00, 0x00, 0x00, 0x00, 0x00, 0x00, 0x00,
    0x00, 0x00, 0x00, 0x00, 0x00, 0x00, 0x00, 0x00, 0x00, 0x00, 0x01, 0x02, 0x00, 0x99, 0xff, 0xa3, 0x81, 0xb7, 0x00, 0x03, 0x00, 0x00, 0x00, 0x00,
    0x00, 0x00, 0x00, 0x00, 0x00, 0x00, 0x00, 0x00, 0x00, 0x00, 0x00, 0x00, 0x00, 0x00, 0x00, 0x00, 0x00, 0x00, 0x00, 0x00, 0x00, 0x00, 0x00, 0x00,
    0x00, 0x00, 0x00, 0x00, 0x00, 0x00, 0x00, 0x00, 0x00, 0x00, 0x00, 0x00, 0x00, 0x00, 0x00, 0x00, 0x01, 0x02, 0x00, 0x9a, 0xff, 0xff, 0x4a, 0x00,
    0x03, 0x00, 0x00, 0x00, 0x00, 0x00, 0x00, 0x00, 0x00, 0x00, 0x00, 0x00, 0x00, 0x00, 0x00, 0x00, 0x00, 0x00, 0x00, 0x00, 0x00, 0x00, 0x00, 0x00,
    0x00, 0x00, 0x00, 0x00, 0x00, 0x00, 0x00, 0x00, 0x00, 0x00, 0x00, 0x00, 0x00, 0x00, 0x00, 0x00, 0x00, 0x00, 0x00, 0x00, 0x00, 0x00, 0x01, 0x03,
    0x00, 0xa0, 0xee, 0x0b, 0x00, 0x01, 0x00, 0x00, 0x00, 0x00, 0x00, 0x00, 0x00, 0x00, 0x00, 0x00, 0x00, 0x00, 0x00, 0x00, 0x00, 0x00, 0x00, 0x00,
    0x00, 0x00, 0x00, 0x00, 0x00, 0x00, 0x00, 0x00, 0x00, 0x00, 0x00, 0x00, 0x00, 0x00, 0x00, 0x00, 0x00, 0x00, 0x00, 0x00, 0x00, 0x00, 0x00, 0x00,
    0x00, 0x00, 0x00, 0x00, 0x01, 0x01, 0x00, 0x20, 0x00, 0x00, 0x00, 0x00, 0x00, 0x00, 0x00, 0x00, 0x00, 0x00, 0x00, 0x00, 0x00, 0x00, 0x00, 0x00,
    0x00, 0x00, 0x00, 0x00, 0x00, 0x00, 0x00, 0x00, 0x00, 0x00, 0x00, 0x00, 0x00, 0x00, 0x00, 0x00, 0x00, 0x00, 0x00, 0x00, 0x00, 0x00, 0x00, 0x00,
    0x00, 0x00, 0x00, 0x00, 0x00, 0x00, 0x00, 0x00, 0x00, 0x00, 0x00, 0x00, 0x00, 0x00, 0x00, 0x00, 0x00, 0x00, 0x00, 0x00, 0x00, 0x00, 0x00, 0x00,
    0x00, 0x00, 0x00, 0x00, 0x00, 0x00, 0x00, 0x00, 0x00, 0x00, 0x00, 0x00, 0x00, 0x00, 0x00, 0x00, 0x00, 0x00, 0x00, 0x00, 0x00, 0x00, 0x00, 0x00,
    0x00, 0x00, 0x00, 0x00, 0x00, 0x00, 0x00, 0x00, 0x00, 0x00, 0x00, 0x00, 0x00, 0x00, 0x00, 0x00, 0x01, 0x02, 0x00, 0x00, 0x00, 0x00, 0x00, 0x00,
    0x00, 0x00, 0x00, 0x00, 0x00, 0x00, 0x00, 0x00, 0x00, 0x00, 0x00, 0x00, 0x00, 0x00, 0x00, 0x00, 0x00, 0x00, 0x00, 0x00, 0x00, 0x00, 0x00, 0x00,
    0x00, 0x00, 0x00, 0x00, 0x00, 0x00, 0x00, 0x00, 0x00, 0x00, 0x00, 0x00, 0x00, 0x00, 0x00, 0x00, 0x00, 0x00, 0x00, 0x00, 0x00, 0x00, 0x00, 0x00,
    0x00, 0x00, 0x00, 0x00, 0x00, 0x00, 0x00, 0x00, 0x00, 0x00, 0x00, 0x00, 0x00, 0x00, 0x00, 0x00, 0x00, 0x00, 0x00, 0x00, 0x00, 0x00, 0x00, 0x00,
    0x00, 0x00, 0x00, 0x00, 0x00, 0x00, 0x00, 0x00, 0x00, 0x00, 0x00, 0x00, 0x00, 0x00, 0x00, 0x00, 0x00, 0x00, 0x00, 0x00, 0x00, 0x00, 0x00, 0x00,
    0x00, 0x00, 0x00, 0x00, 0x00, 0x00, 0x00, 0x00, 0x00, 0x00, 0x00, 0x00, 0x00, 0x00, 0x00, 0x00, 0x00, 0x00, 0x00, 0x00, 0x00, 0x00, 0x00
};
static const uint8_t bp_fish_head_1[2279] = {
    0x00, 0x00, 0x00, 0x00, 0x00, 0x00, 0x00, 0x00, 0x00, 0x00, 0x00, 0x00, 0x00, 0x00, 0x00, 0x00, 0x00, 0x00, 0x00, 0x00, 0x00, 0x00, 0x00, 0x00,
    0x00, 0x00, 0x00, 0x00, 0x00, 0x00, 0x00, 0x00, 0x00, 0x00, 0x00, 0x00, 0x00, 0x00, 0x00, 0x00, 0x00, 0x00, 0x00, 0x00, 0x00, 0x00, 0x00, 0x00,
    0x00, 0x00, 0x00, 0x00, 0x00, 0x00, 0x00, 0x00, 0x00, 0x00, 0x00, 0x00, 0x00, 0x00, 0x00, 0x00, 0x00, 0x00, 0x00, 0x00, 0x00, 0x00, 0x00, 0x00,
    0x00, 0x00, 0x00, 0x00, 0x00, 0x00, 0x00, 0x00, 0x00, 0x00, 0x01, 0x01, 0x00, 0x03, 0x03, 0x00, 0x00, 0x00, 0x00, 0x00, 0x00, 0x00, 0x00, 0x00,
    0x00, 0x00, 0x00, 0x00, 0x00, 0x00, 0x00, 0x00, 0x00, 0x00, 0x00, 0x00, 0x00, 0x00, 0x00, 0x00, 0x00, 0x00, 0x00, 0x00, 0x00, 0x00, 0x00, 0x00,
    0x00, 0x00, 0x00, 0x00, 0x00, 0x00, 0x00, 0x00, 0x00, 0x00, 0x00, 0x00, 0x00, 0x00, 0x01, 0x00, 0x00, 0x02, 0x00, 0x00, 0x02, 0x02, 0x03, 0x00,
    0x00, 0x00, 0x00, 0x00, 0x00, 0x00, 0x00, 0x00, 0x00, 0x00, 0x00, 0x00, 0x00, 0x00, 0x00, 0x00, 0x00, 0x00, 0x00, 0x00, 0x00, 0x00, 0x00, 0x00,
    0x00, 0x00, 0x00, 0x00, 0x00, 0x00, 0x00, 0x00, 0x00, 0x00, 0x00, 0x00, 0x00, 0x00, 0x00, 0x00, 0x00, 0x00, 0x00, 0x00, 0x19, 0x00, 0x00, 0x75,
    0x60, 0x00, 0x00, 0x00, 0x02, 0x02, 0x01, 0x00, 0x00, 0x00, 0x00, 0x00, 0x00, 0x00, 0x00, 0x00, 0x00, 0x00, 0x00, 0x00, 0x00, 0x00, 0x00, 0x00,
    0x00, 0x00, 0x00, 0x00, 0x00, 0x00, 0x00, 0x00, 0x00, 0x00, 0x00, 0x00, 0x00, 0x00, 0x00, 0x00, 0x00, 0x00, 0x00, 0x00, 0x00, 0x00, 0x02, 0x00,
    0x23, 0xf4, 0xa7, 0x29, 0xf6, 0xf5, 0x2c, 0x56, 0x85, 0x00, 0x00, 0x00, 0x02, 0x00, 0x00, 0x00, 0x00, 0x00, 0x00, 0x00, 0x00, 0x00, 0x00, 0x00,
    0x00, 0x00, 0x00, 0x00, 0x00, 0x00, 0x00, 0x00, 0x00, 0x00, 0x00, 0x00, 0x00, 0x00, 0x00, 0x00, 0x00, 0x00, 0x00, 0x00, 0x00, 0x00, 0x00, 0x00,
    0x00, 0x00, 0x00, 0x04, 0x00, 0x81, 0xb5, 0x6b, 0xf3, 0xaf, 0x39, 0xe7, 0xee, 0xfc, 0x43, 0xa2, 0x88, 0x00, 0x05, 0x00, 0x00, 0x00, 0x00, 0x00,
    0x00, 0x00, 0x00, 0x00, 0x00, 0x00, 0x00, 0x00, 0x00, 0x00, 0x00, 0x00, 0x00, 0x00, 0x00, 0x00, 0x00, 0x00, 0x00, 0x00, 0x00, 0x00, 0x00, 0x00,
    0x00, 0x00, 0x00, 0x00, 0x00, 0x00, 0x00, 0x00, 0x02, 0x00, 0xc4, 0x6e, 0x00, 0xc7, 0x8a, 0x00, 0x86, 0xe3, 0x2d, 0xec, 0xef, 0xe8, 0x37, 0x00,
    0x01, 0x00, 0x00, 0x00, 0x00, 0x00, 0x00, 0x00, 0x00, 0x00, 0x00, 0x00, 0x00, 0x00, 0x00, 0x00, 0x00, 0x00, 0x00, 0x00, 0x00, 0x00, 0x00, 0x00,
    0x00, 0x00, 0x00, 0x00, 0x00, 0x00, 0x00, 0x00, 0x00, 0x00, 0x00, 0x00, 0x01, 0x00, 0x1b, 0xea, 0x19, 0x0d, 0xe4, 0x30, 0x02, 0x93, 0xa0, 0x00,
    0xa3, 0xa0, 0x3f, 0xd4, 0x9c, 0x50, 0x00, 0x03, 0x00, 0x00, 0x00, 0x00, 0x00, 0x00, 0x00, 0x00, 0x00, 0x00, 0x00, 0x00, 0x00, 0x00, 0x00, 0x00,
    0x00, 0x00, 0x00, 0x00, 0x00, 0x00, 0x00, 0x00, 0x00, 0x00, 0x00, 0x00, 0x00, 0x00, 0x00, 0x00, 0x01, 0x05, 0x03, 0x70, 0xca, 0x02, 0x5b, 0xd7,
    0x05, 0x05, 0xe6, 0x47, 0x02, 0xbf, 0x67, 0x00, 0x9e, 0xff, 0x1c, 0x01, 0x01, 0x00, 0x00, 0x00, 0x00, 0x00, 0x00, 0x00, 0x00, 0x00, 0x00, 0x00,
    0x00, 0x00, 0x00, 0x00, 0x00, 0x00, 0x00, 0x00, 0x00, 0x00, 0x00, 0x00, 0x00, 0x00, 0x00, 0x00, 0x00, 0x00, 0x03, 0x04, 0x02, 0x00, 0x00, 0x00,
    0xbd, 0x64, 0x00, 0xa2, 0x81, 0x00, 0x47, 0xcf, 0x00, 0x0d, 0xe2, 0x08, 0x00, 0xa1, 0x7c, 0x00, 0x05, 0x00, 0x00, 0x00, 0x00, 0x00, 0x00, 0x00,
    0x00, 0x00, 0x00, 0x00, 0x00, 0x00, 0x00, 0x00, 0x00, 0x00, 0x00, 0x00, 0x00, 0x00, 0x00, 0x00, 0x00, 0x00, 0x00, 0x01, 0x03, 0x04, 0x00, 0x00,
    0x00, 0x00, 0x1a, 0x24, 0x54, 0xf8, 0x77, 0x63, 0xfb, 0xbf, 0x93, 0xe3, 0xdf, 0x92, 0xbf, 0xfb, 0x91, 0x9b, 0xff, 0x66, 0x2b, 0x00, 0x01, 0x00,
    0x00, 0x00, 0x00, 0x00, 0x00, 0x00, 0x00, 0x00, 0x00, 0x00, 0x00, 0x00, 0x00, 0x00, 0x00, 0x00, 0x00, 0x00, 0x00, 0x00, 0x00, 0x00, 0x01, 0x03,
    0x00, 0x00, 0x00, 0x00, 0x41, 0x80, 0xaf, 0xba, 0xa2, 0xc8, 0xbf, 0x96, 0x8d, 0x83, 0x8c, 0x93, 0x86, 0x87, 0x93, 0x8c, 0x83, 0x93, 0x92, 0x80,
    0xb6, 0xec, 0x42, 0x01, 0x03, 0x00, 0x00, 0x00, 0x00, 0x00, 0x00, 0x00, 0x00, 0x00, 0x00, 0x00, 0x00, 0x00, 0x00, 0x00, 0x00, 0x00, 0x00, 0x00,
    0x00, 0x01, 0x04, 0x00, 0x00, 0x0f, 0x4a, 0x8f, 0xb9, 0xff, 0x98, 0x37, 0x48, 0x5b, 0x00, 0x00, 0x00, 0x00, 0x00, 0x00, 0x00, 0x00, 0x00, 0x00,
    0x00, 0x00, 0x00, 0x00, 0x00, 0x00, 0x88, 0xb5, 0x00, 0x03, 0x00, 0x00, 0x00, 0x00, 0x00, 0x00, 0x00, 0x00, 0x00, 0x00, 0x00, 0x00, 0x00, 0x00,
    0x00, 0x00, 0x00, 0x00, 0x00, 0x03, 0x00, 0x00, 0x1b, 0x8e, 0xcb, 0xa4, 0x68, 0xab, 0xac, 0x00, 0x00, 0xce, 0x6a, 0x02, 0x06, 0x04, 0x04, 0x04,
    0x04, 0x04, 0x04, 0x04, 0x04, 0x04, 0x04, 0x04, 0x04, 0x06, 0x03, 0x2a, 0xe3, 0x14, 0x00, 0x01, 0x00, 0x00, 0x00, 0x00, 0x00, 0x00, 0x00, 0x00,
    0x00, 0x00, 0x00, 0x00, 0x00, 0x00, 0x00, 0x00, 0x01, 0x02, 0x00, 0x1b, 0x90, 0xd4, 0x8f, 0x1d, 0x00, 0x07, 0xe3, 0x26, 0x03, 0x43, 0xe1, 0x05,
    0x01, 0x01, 0x00, 0x00, 0x00, 0x00, 0x00, 0x00, 0x00, 0x00, 0x00, 0x00, 0x00, 0x00, 0x01, 0x01, 0x0a, 0xe8, 0x3a, 0x00, 0x02, 0x00, 0x00, 0x00,
    0x00, 0x00, 0x00, 0x00, 0x00, 0x00, 0x00, 0x00, 0x00, 0x00, 0x00, 0x00, 0x03, 0x00, 0x00, 0x62, 0xcd, 0x81, 0x0a, 0x00, 0x00, 0x03, 0x57, 0xcb,
    0x00, 0x00, 0xab, 0x75, 0x00, 0x04, 0x00, 0x00, 0x00, 0x00, 0x00, 0x00, 0x00, 0x00, 0x00, 0x01, 0x03, 0x04, 0x04, 0x06, 0x02, 0x56, 0xd8, 0x04,
    0x05, 0x05, 0x04, 0x01, 0x00, 0x00, 0x00, 0x00, 0x00, 0x00, 0x00, 0x00, 0x00, 0x00, 0x00, 0x00, 0x03, 0x00, 0x0e, 0x9d, 0xff, 0xf0, 0xb3, 0x9b,
    0x11, 0x03, 0x00, 0x9d, 0x94, 0x01, 0x09, 0xda, 0x2e, 0x00, 0x02, 0x00, 0x00, 0x00, 0x00, 0x01, 0x03, 0x04, 0x03, 0x00, 0x00, 0x00, 0x00, 0x00,
    0x00, 0x00, 0xb5, 0x78, 0x00, 0x00, 0x00, 0x00, 0x00, 0x00, 0x00, 0x00, 0x00, 0x00, 0x00, 0x00, 0x00, 0x00, 0x00, 0x00, 0x04, 0x00, 0x41, 0xdd,
    0xf7, 0xa6, 0x40, 0x5a, 0x8e, 0xd1, 0x0e, 0x0a, 0xe5, 0x34, 0x00, 0x2a, 0xcd, 0x08, 0x01, 0x00, 0x00, 0x01, 0x03, 0x02, 0x00, 0x00, 0x00, 0x00,
    0x01, 0x1e, 0x46, 0x72, 0x9a, 0xc8, 0xcb, 0xff, 0xd1, 0xca, 0x9b, 0x92, 0x78, 0x04, 0x00, 0x01, 0x00, 0x00, 0x00, 0x00, 0x00, 0x00, 0x00, 0x00,
    0x04, 0x00, 0x73, 0xe8, 0x9c, 0xcd, 0x00, 0x7c, 0xcc, 0x34, 0xb0, 0x6f, 0x03, 0xe1, 0x13, 0x00, 0x52, 0xc6, 0x00, 0x02, 0x00, 0x03, 0x00, 0x00,
    0x00, 0x08, 0x48, 0x8b, 0xa3, 0xb5, 0xaf, 0xa3, 0x80, 0x55, 0x54, 0x51, 0xcf, 0x95, 0x4c, 0x4f, 0x79, 0xb5, 0x87, 0x02, 0x02, 0x00, 0x00, 0x00,
    0x00, 0x00, 0x00, 0x00, 0x03, 0x00, 0x97, 0xdd, 0x1e, 0x6f, 0xb7, 0x00, 0xff, 0xff, 0xa1, 0x75, 0x9d, 0x00, 0xe2, 0x19, 0x00, 0x4f, 0xca, 0x00,
    0x02, 0x00, 0x00, 0x01, 0x5b, 0xb2, 0xc2, 0xb7, 0x75, 0x48, 0x1d, 0x00, 0x00, 0x00, 0x00, 0x00, 0x00, 0x6a, 0xb9, 0x00, 0x10, 0x11, 0x38, 0xe8,
    0x0f, 0x00, 0x01, 0x00, 0x00, 0x00, 0x00, 0x00, 0x03, 0x00, 0x6f, 0xff, 0x16, 0x00, 0x40, 0xeb, 0x08, 0x4b, 0xaa, 0x1a, 0xb6, 0x61, 0x04, 0xe1,
    0x18, 0x00, 0x50, 0xc9, 0x00, 0x03, 0x10, 0x53, 0xd7, 0xc8, 0x48, 0x18, 0x00, 0x00, 0x00, 0x00, 0x00, 0x06, 0x17, 0x1c, 0x2d, 0x3f, 0x49, 0xe7,
    0x5f, 0x33, 0x27, 0x18, 0xcb, 0x43, 0x00, 0x03, 0x00, 0x00, 0x00, 0x00, 0x02, 0x00, 0x1f, 0xf8, 0x39, 0x00, 0x00, 0x00, 0x7d, 0xd5, 0x62, 0x4d,
    0xbb, 0xa3, 0x00, 0x16, 0xde, 0x19, 0x00, 0x4f, 0xc9, 0x00, 0x01, 0x54, 0xb1, 0x62, 0x00, 0x00, 0x00, 0x17, 0x29, 0x36, 0x4a, 0x49, 0x52, 0x59,
    0x47, 0x46, 0x45, 0x2d, 0xbf, 0x97, 0x2d, 0x34, 0x34, 0xde, 0x41, 0x00, 0x03, 0x00, 0x00, 0x00, 0x01, 0x01, 0x0a, 0x9e, 0xdb, 0xb2, 0xc7, 0x78,
    0x16, 0x00, 0x59, 0xb1, 0xcc, 0x7e, 0x00, 0x00, 0x17, 0xdf, 0x15, 0x00, 0x52, 0xc8, 0x00, 0x02, 0x01, 0x00, 0x11, 0x5f, 0x8e, 0xa4, 0xa9, 0x8f,
    0x85, 0x78, 0x7c, 0x5f, 0x4a, 0x45, 0x4a, 0x35, 0x3a, 0xe4, 0x6d, 0x27, 0x1e, 0x60, 0xd5, 0x05, 0x02, 0x00, 0x00, 0x00, 0x00, 0x01, 0x00, 0x0c,
    0x4a, 0x23, 0x1c, 0x38, 0x8e, 0xe6, 0x5d, 0x00, 0x00, 0x00, 0x00, 0x01, 0x01, 0x0b, 0xd8, 0x30, 0x00, 0x27, 0xd7, 0x0d, 0x01, 0x09, 0x8f, 0x8a,
    0x75, 0x6f, 0x6c, 0x40, 0x26, 0x25, 0x28, 0x12, 0x08, 0x17, 0x1c, 0x1b, 0x1d, 0x50, 0xd8, 0x23, 0x29, 0x4d, 0xe0, 0x3e, 0x00, 0x03, 0x00, 0x00,
    0x00, 0x00, 0x00, 0x01, 0x00, 0x3e, 0xac, 0x44, 0x00, 0x9b, 0xd1, 0x31, 0x00, 0x00, 0x04, 0x08, 0x04, 0x07, 0x00, 0xae, 0x63, 0x00, 0x03, 0xce,
    0x30, 0x01, 0x0c, 0x8b, 0x8b, 0xa1, 0xc1, 0xc1, 0xaf, 0xce, 0xd9, 0xd9, 0xb5, 0xbd, 0xc3, 0xc1, 0xc3, 0xc1, 0xd3, 0xf7, 0xbe, 0xa7, 0xd7, 0x6e,
    0x00, 0x02, 0x00, 0x00, 0x00, 0x00, 0x00, 0x00, 0x01, 0x01, 0x6c, 0xc1, 0xee, 0xd5, 0xa7, 0x12, 0x00, 0x3b, 0x2d, 0x00, 0x00, 0x00, 0x00, 0x07,
    0xcd, 0x9c, 0x00, 0x00, 0x93, 0x91, 0x00, 0x02, 0x00, 0x00, 0x00, 0x00, 0x00, 0x00, 0x0f, 0x16, 0x16, 0x1d, 0x44, 0x51, 0x50, 0x52, 0x51, 0xbd,
    0x77, 0x4f, 0x25, 0x16, 0x00, 0x01, 0x00, 0x00, 0x00, 0x00, 0x00, 0x00, 0x00, 0x00, 0x00, 0x00, 0x00, 0x88, 0xff, 0x62, 0x00, 0x00, 0x30, 0x95,
    0x9e, 0x89, 0x8a, 0x88, 0x97, 0x92, 0xe0, 0x0b, 0x02, 0x28, 0xed, 0x16, 0x02, 0x05, 0x04, 0x03, 0x02, 0x02, 0x02, 0x00, 0x00, 0x00, 0x00, 0x00,
    0x00, 0x00, 0x00, 0x00, 0x88, 0xa3, 0x00, 0x00, 0x00, 0x01, 0x00, 0x00, 0x00, 0x00, 0x00, 0x00, 0x00, 0x00, 0x00, 0x00, 0x03, 0x03, 0x00, 0x34,
    0xd6, 0xcc, 0x38, 0x00, 0x00, 0x1d, 0x54, 0x57, 0x49, 0x0f, 0x00, 0xcf, 0x78, 0x00, 0x00, 0xb2, 0x73, 0x00, 0x04, 0x00, 0x00, 0x00, 0x00, 0x00,
    0x01, 0x01, 0x01, 0x01, 0x03, 0x03, 0x03, 0x04, 0x04, 0x17, 0xf2, 0x2f, 0x01, 0x03, 0x00, 0x00, 0x00, 0x00, 0x00, 0x00, 0x00, 0x00, 0x00, 0x00,
    0x00, 0x00, 0x00, 0x03, 0x00, 0x02, 0x78, 0xb6, 0xb8, 0x6f, 0x0b, 0x00, 0x00, 0x00, 0x01, 0x07, 0x3a, 0xff, 0x31, 0x02, 0x30, 0xe1, 0x15, 0x01,
    0x01, 0x00, 0x00, 0x00, 0x00, 0x00, 0x00, 0x00, 0x00, 0x00, 0x00, 0x00, 0x00, 0x04, 0x00, 0x91, 0xb3, 0x00, 0x03, 0x00, 0x00, 0x00, 0x00, 0x00,
    0x00, 0x00, 0x00, 0x00, 0x00, 0x00, 0x00, 0x00, 0x00, 0x03, 0x00, 0x00, 0x00, 0x3a, 0x97, 0xc8, 0xac, 0x61, 0x17, 0x00, 0x00, 0x00, 0x88, 0xd7,
    0x00, 0x00, 0xab, 0xbd, 0x07, 0x07, 0x04, 0x03, 0x03, 0x03, 0x03, 0x03, 0x03, 0x03, 0x03, 0x03, 0x04, 0x03, 0x06, 0x00, 0x86, 0xa4, 0x00, 0x03,
    0x00, 0x00, 0x00, 0x00, 0x00, 0x00, 0x00, 0x00, 0x00, 0x00, 0x00, 0x00, 0x00, 0x00, 0x00, 0x01, 0x04, 0x01, 0x00, 0x00, 0x14, 0x5e, 0xaa, 0xc7,
    0xaf, 0x8f, 0x83, 0x40, 0xdc, 0x66, 0x00, 0x05, 0x29, 0x00, 0x00, 0x00, 0x00, 0x00, 0x00, 0x00, 0x00, 0x00, 0x00, 0x00, 0x00, 0x00, 0x00, 0x00,
    0x0a, 0xde, 0x4a, 0x00, 0x03, 0x00, 0x00, 0x00, 0x00, 0x00, 0x00, 0x00, 0x00, 0x00, 0x00, 0x00, 0x00, 0x00, 0x00, 0x00, 0x00, 0x00, 0x00, 0x02,
    0x04, 0x00, 0x00, 0x00, 0x10, 0x2b, 0x54, 0x80, 0xaa, 0xd1, 0xe3, 0xc9, 0xb7, 0x7f, 0x8a, 0x80, 0x75, 0x4b, 0x51, 0x4f, 0x4f, 0x48, 0x44, 0x4f,
    0x4f, 0x58, 0x8e, 0xad, 0xc0, 0xc8, 0xa7, 0x08, 0x02, 0x01, 0x00, 0x00, 0x00, 0x00, 0x00, 0x00, 0x00, 0x00, 0x00, 0x00, 0x00, 0x00, 0x00, 0x00,
    0x00, 0x00, 0x00, 0x00, 0x00, 0x00, 0x01, 0x03, 0x03, 0x00, 0x00, 0x00, 0x00, 0x00, 0x14, 0x20, 0x4f, 0x53, 0x57, 0xb6, 0xff, 0xdf, 0xce, 0xc5,
    0xcc, 0xca, 0xea, 0xff, 0xc9, 0xca, 0x9b, 0x92, 0x62, 0x42, 0x1a, 0x00, 0x00, 0x01, 0x00, 0x00, 0x00, 0x00, 0x00, 0x00, 0x00, 0x00, 0x00, 0x00,
    0x00, 0x00, 0x00, 0x00, 0x00, 0x00, 0x00, 0x00, 0x00, 0x00, 0x00, 0x00, 0x00, 0x00, 0x01, 0x02, 0x03, 0x04, 0x02, 0x00, 0x00, 0x00, 0x00, 0x00,
    0x00, 0xa3, 0xca, 0xb1, 0x00, 0x00, 0x00, 0xb9, 0x72, 0x00, 0x00, 0x00, 0x00, 0x00, 0x00, 0x00, 0x00, 0x00, 0x00, 0x00, 0x00, 0x00, 0x00, 0x00,
    0x00, 0x00, 0x00, 0x00, 0x00, 0x00, 0x00, 0x00, 0x00, 0x00, 0x00, 0x00, 0x00, 0x00, 0x00, 0x00, 0x00, 0x00, 0x00, 0x00, 0x00, 0x00, 0x00, 0x00,
    0x01, 0x02, 0x03, 0x03, 0x04, 0x02, 0x15, 0xc3, 0xfd, 0xa5, 0x00, 0x2b, 0xeb, 0x15, 0x03, 0x03, 0x04, 0x04, 0x03, 0x03, 0x01, 0x01, 0x00, 0x00,
    0x00, 0x00, 0x00, 0x00, 0x00, 0x00, 0x00, 0x00, 0x00, 0x00, 0x00, 0x00, 0x00, 0x00, 0x00, 0x00, 0x00, 0x00, 0x00, 0x00, 0x00, 0x00, 0x00, 0x00,
    0x00, 0x00, 0x00, 0x00, 0x00, 0x00, 0x00, 0x00, 0x00, 0x00, 0x02, 0x00, 0x12, 0xc9, 0xff, 0x56, 0x7a, 0xb7, 0x00, 0x03, 0x00, 0x00, 0x00, 0x00,
    0x00, 0x00, 0x00, 0x00, 0x00, 0x00, 0x00, 0x00, 0x00, 0x00, 0x00, 0x00, 0x00, 0x00, 0x00, 0x00, 0x00, 0x00, 0x00, 0x00, 0x00, 0x00, 0x00, 0x00,
    0x00, 0x00, 0x00, 0x00, 0x00, 0x00, 0x00, 0x00, 0x00, 0x00, 0x00, 0x00, 0x00, 0x00, 0x00, 0x00, 0x03, 0x00, 0x10, 0xdd, 0xf6, 0xe7, 0x47, 0x01,
    0x03, 0x00, 0x00, 0x00, 0x00, 0x00, 0x00, 0x00, 0x00, 0x00, 0x00, 0x00, 0x00, 0x00, 0x00, 0x00, 0x00, 0x00, 0x00, 0x00, 0x00, 0x00, 0x00, 0x00,
    0x00, 0x00, 0x00, 0x00, 0x00, 0x00, 0x00, 0x00, 0x00, 0x00, 0x00, 0x00, 0x00, 0x00, 0x00, 0x00, 0x00, 0x00, 0x00, 0x00, 0x00, 0x00, 0x03, 0x00,
    0x32, 0xf7, 0xe1, 0x03, 0x01, 0x00, 0x00, 0x00, 0x00, 0x00, 0x00, 0x00, 0x00, 0x00, 0x00, 0x00, 0x00, 0x00, 0x00, 0x00, 0x00, 0x00, 0x00, 0x00,
    0x00, 0x00, 0x00, 0x00, 0x00, 0x00, 0x00, 0x00, 0x00, 0x00, 0x00, 0x00, 0x00, 0x00, 0x00, 0x00, 0x00, 0x00, 0x00, 0x00, 0x00, 0x00, 0x00, 0x00,
    0x00, 0x00, 0x00, 0x00, 0x03, 0x00, 0x34, 0x3c, 0x00, 0x02, 0x00, 0x00, 0x00, 0x00, 0x00, 0x00, 0x00, 0x00, 0x00, 0x00, 0x00, 0x00, 0x00, 0x00,
    0x00, 0x00, 0x00, 0x00, 0x00, 0x00, 0x00, 0x00, 0x00, 0x00, 0x00, 0x00, 0x00, 0x00, 0x00, 0x00, 0x00, 0x00, 0x00, 0x00, 0x00, 0x00, 0x00, 0x00,
    0x00, 0x00, 0x00, 0x00, 0x00, 0x00, 0x00, 0x00, 0x00, 0x00, 0x02, 0x00, 0x00, 0x00, 0x00, 0x00, 0x00, 0x00, 0x00, 0x00, 0x00, 0x00, 0x00, 0x00,
    0x00, 0x00, 0x00, 0x00, 0x00, 0x00, 0x00, 0x00, 0x00, 0x00, 0x00, 0x00, 0x00, 0x00, 0x00, 0x00, 0x00, 0x00, 0x00, 0x00, 0x00, 0x00, 0x00, 0x00,
    0x00, 0x00, 0x00, 0x00, 0x00, 0x00, 0x00, 0x00, 0x00, 0x00, 0x00, 0x00, 0x00, 0x00, 0x00, 0x00, 0x02, 0x02, 0x00, 0x00, 0x00, 0x00, 0x00, 0x00,
    0x00, 0x00, 0x00, 0x00, 0x00, 0x00, 0x00, 0x00, 0x00, 0x00, 0x00, 0x00, 0x00, 0x00, 0x00, 0x00, 0x00, 0x00, 0x00, 0x00, 0x00, 0x00, 0x00, 0x00,
    0x00, 0x00, 0x00, 0x00, 0x00, 0x00, 0x00, 0x00, 0x00, 0x00, 0x00, 0x00, 0x00, 0x00, 0x00, 0x00, 0x00, 0x00, 0x00, 0x00, 0x00, 0x00, 0x00, 0x00,
    0x00, 0x00, 0x00, 0x00, 0x00, 0x00, 0x00, 0x00, 0x00, 0x00, 0x00, 0x00, 0x00, 0x00, 0x00, 0x00, 0x00, 0x00, 0x00, 0x00, 0x00, 0x00, 0x00, 0x00,
    0x00, 0x00, 0x00, 0x00, 0x00, 0x00, 0x00, 0x00, 0x00, 0x00, 0x00, 0x00, 0x00, 0x00, 0x00, 0x00, 0x00, 0x00, 0x00, 0x00, 0x00, 0x00, 0x00, 0x00,
    0x00, 0x00, 0x00, 0x00, 0x00, 0x00, 0x00, 0x00, 0x00, 0x00, 0x00, 0x00, 0x00, 0x00, 0x00, 0x00, 0x00, 0x00, 0x00, 0x00, 0x00, 0x00, 0x00
};
static const uint8_t bp_fish_head_2[2279] = {
    0x00, 0x00, 0x00, 0x00, 0x00, 0x00, 0x00, 0x00, 0x00, 0x00, 0x00, 0x00, 0x00, 0x00, 0x00, 0x00, 0x00, 0x00, 0x00, 0x00, 0x00, 0x00, 0x00, 0x00,
    0x00, 0x00, 0x00, 0x00, 0x00, 0x00, 0x00, 0x00, 0x00, 0x00, 0x00, 0x00, 0x00, 0x00, 0x00, 0x00, 0x00, 0x00, 0x00, 0x00, 0x00, 0x00, 0x00, 0x00,
    0x00, 0x00, 0x00, 0x00, 0x00, 0x00, 0x00, 0x00, 0x00, 0x00, 0x00, 0x00, 0x00, 0x00, 0x00, 0x00, 0x00, 0x00, 0x00, 0x00, 0x00, 0x00, 0x00, 0x00,
    0x00, 0x00, 0x00, 0x00, 0x00, 0x00, 0x00, 0x00, 0x00, 0x00, 0x01, 0x01, 0x00, 0x03, 0x03, 0x00, 0x00, 0x00, 0x00, 0x00, 0x00, 0x00, 0x00, 0x00,
    0x00, 0x00, 0x00, 0x00, 0x00, 0x00, 0x00, 0x00, 0x00, 0x00, 0x00, 0x00, 0x00, 0x00, 0x00, 0x00, 0x00, 0x00, 0x00, 0x00, 0x00, 0x00, 0x00, 0x00,
    0x00, 0x00, 0x00, 0x00, 0x00, 0x00, 0x00, 0x00, 0x00, 0x00, 0x00, 0x00, 0x00, 0x00, 0x00, 0x00, 0x00, 0x02, 0x00, 0x00, 0x01, 0x02, 0x03, 0x00,
    0x00, 0x00, 0x00, 0x00, 0x00, 0x00, 0x00, 0x00, 0x00, 0x00, 0x00, 0x00, 0x00, 0x00, 0x00, 0x00, 0x00, 0x00, 0x00, 0x00, 0x00, 0x00, 0x00, 0x00,
    0x00, 0x00, 0x00, 0x00, 0x00, 0x00, 0x00, 0x00, 0x00, 0x00, 0x00, 0x00, 0x00, 0x00, 0x00, 0x00, 0x00, 0x00, 0x00, 0x00, 0x11, 0x0b, 0x00, 0x75,
    0x69, 0x00, 0x00, 0x00, 0x01, 0x02, 0x03, 0x00, 0x00, 0x00, 0x00, 0x00, 0x00, 0x00, 0x00, 0x00, 0x00, 0x00, 0x00, 0x00, 0x00, 0x00, 0x00, 0x00,
    0x00, 0x00, 0x00, 0x00, 0x00, 0x00, 0x00, 0x00, 0x00, 0x00, 0x00, 0x00, 0x00, 0x00, 0x00, 0x00, 0x00, 0x00, 0x00, 0x00, 0x00, 0x00, 0x00, 0x01,
    0x07, 0xd4, 0xd4, 0x3c, 0xe7, 0xeb, 0x45, 0x28, 0x54, 0x00, 0x00, 0x00, 0x02, 0x00, 0x00, 0x00, 0x00, 0x00, 0x00, 0x00, 0x00, 0x00, 0x00, 0x00,
    0x00, 0x00, 0x00, 0x00, 0x00, 0x00, 0x00, 0x00, 0x00, 0x00, 0x00, 0x00, 0x00, 0x00, 0x00, 0x00, 0x00, 0x00, 0x00, 0x00, 0x00, 0x00, 0x00, 0x00,
    0x00, 0x00, 0x00, 0x03, 0x00, 0x3c, 0xde, 0x53, 0xed, 0xc1, 0x28, 0xd7, 0xe1, 0xfc, 0x4b, 0x49, 0x89, 0x00, 0x04, 0x00, 0x00, 0x00, 0x00, 0x00,
    0x00, 0x00, 0x00, 0x00, 0x00, 0x00, 0x00, 0x00, 0x00, 0x00, 0x00, 0x00, 0x00, 0x00, 0x00, 0x00, 0x00, 0x00, 0x00, 0x00, 0x00, 0x00, 0x00, 0x00,
    0x00, 0x00, 0x00, 0x00, 0x00, 0x00, 0x00, 0x00, 0x04, 0x00, 0x85, 0xb4, 0x00, 0xa4, 0xa2, 0x00, 0x5f, 0xf2, 0x37, 0xda, 0xeb, 0xf4, 0x59, 0x00,
    0x00, 0x00, 0x00, 0x00, 0x00, 0x00, 0x00, 0x00, 0x00, 0x00, 0x00, 0x00, 0x00, 0x00, 0x00, 0x00, 0x00, 0x00, 0x00, 0x00, 0x00, 0x00, 0x00, 0x00,
    0x00, 0x00, 0x00, 0x00, 0x00, 0x00, 0x00, 0x00, 0x00, 0x00, 0x00, 0x00, 0x00, 0x02, 0x01, 0xd5, 0x57, 0x01, 0xd9, 0x4f, 0x01, 0x7f, 0xaf, 0x00,
    0x64, 0xe3, 0x2c, 0xd9, 0x90, 0x7f, 0x00, 0x03, 0x00, 0x00, 0x00, 0x00, 0x00, 0x00, 0x00, 0x00, 0x00, 0x00, 0x00, 0x00, 0x00, 0x00, 0x00, 0x00,
    0x00, 0x00, 0x00, 0x00, 0x00, 0x00, 0x00, 0x00, 0x00, 0x00, 0x00, 0x00, 0x00, 0x00, 0x00, 0x00, 0x01, 0x03, 0x02, 0x2e, 0xea, 0x0b, 0x28, 0xe9,
    0x15, 0x06, 0xe1, 0x47, 0x03, 0xa9, 0x97, 0x00, 0x57, 0xff, 0x4b, 0x00, 0x03, 0x00, 0x00, 0x00, 0x00, 0x00, 0x00, 0x00, 0x00, 0x00, 0x00, 0x00,
    0x00, 0x00, 0x00, 0x00, 0x00, 0x00, 0x00, 0x00, 0x00, 0x00, 0x00, 0x00, 0x00, 0x00, 0x00, 0x00, 0x00, 0x01, 0x03, 0x04, 0x03, 0x00, 0x00, 0x00,
    0x7c, 0xab, 0x00, 0x6c, 0xb2, 0x00, 0x3a, 0xce, 0x00, 0x00, 0xe2, 0x16, 0x00, 0x62, 0xbc, 0x00, 0x03, 0x00, 0x00, 0x00, 0x00, 0x00, 0x00, 0x00,
    0x00, 0x00, 0x00, 0x00, 0x00, 0x00, 0x00, 0x00, 0x00, 0x00, 0x00, 0x00, 0x00, 0x00, 0x00, 0x00, 0x00, 0x00, 0x00, 0x01, 0x02, 0x03, 0x00, 0x00,
    0x00, 0x00, 0x12, 0x23, 0x42, 0xdc, 0xa9, 0x61, 0xe2, 0xdc, 0x93, 0xdd, 0xde, 0x92, 0xb8, 0xff, 0x95, 0x85, 0xf4, 0x87, 0x12, 0x00, 0x00, 0x00,
    0x00, 0x00, 0x00, 0x00, 0x00, 0x00, 0x00, 0x00, 0x00, 0x00, 0x00, 0x00, 0x00, 0x00, 0x00, 0x00, 0x00, 0x00, 0x00, 0x00, 0x00, 0x00, 0x01, 0x04,
    0x00, 0x00, 0x00, 0x1a, 0x4f, 0x73, 0xa4, 0xbd, 0xa0, 0xc1, 0xc2, 0x92, 0x8c, 0x87, 0x88, 0x93, 0x88, 0x87, 0x93, 0x8d, 0x81, 0x93, 0x95, 0xbc,
    0xbd, 0xe1, 0x67, 0x00, 0x03, 0x00, 0x00, 0x00, 0x00, 0x00, 0x00, 0x00, 0x00, 0x00, 0x00, 0x00, 0x00, 0x00, 0x00, 0x00, 0x00, 0x00, 0x00, 0x00,
    0x00, 0x01, 0x03, 0x00, 0x00, 0x04, 0x48, 0xa6, 0xd7, 0xfb, 0x94, 0x47, 0x4f, 0x5b, 0x00, 0x00, 0x00, 0x00, 0x00, 0x00, 0x00, 0x00, 0x00, 0x00,
    0x00, 0x00, 0x00, 0x00, 0x00, 0x00, 0x5c, 0xcd, 0x00, 0x02, 0x00, 0x00, 0x00, 0x00, 0x00, 0x00, 0x00, 0x00, 0x00, 0x00, 0x00, 0x00, 0x00, 0x00,
    0x00, 0x00, 0x00, 0x00, 0x01, 0x04, 0x00, 0x00, 0x1b, 0x83, 0xca, 0xb6, 0x60, 0x9c, 0xc6, 0x00, 0x00, 0xcc, 0x6a, 0x02, 0x06, 0x04, 0x04, 0x04,
    0x04, 0x04, 0x04, 0x04, 0x04, 0x04, 0x04, 0x04, 0x04, 0x04, 0x02, 0x13, 0xd9, 0x18, 0x00, 0x01, 0x00, 0x00, 0x00, 0x00, 0x00, 0x00, 0x00, 0x00,
    0x00, 0x00, 0x00, 0x00, 0x00, 0x00, 0x00, 0x00, 0x02, 0x00, 0x00, 0x17, 0x88, 0xd3, 0x91, 0x31, 0x00, 0x08, 0xe9, 0x3c, 0x03, 0x3e, 0xe1, 0x05,
    0x01, 0x01, 0x00, 0x00, 0x00, 0x00, 0x00, 0x00, 0x00, 0x00, 0x00, 0x00, 0x00, 0x00, 0x00, 0x02, 0x02, 0xd5, 0x47, 0x00, 0x03, 0x00, 0x00, 0x00,
    0x00, 0x00, 0x00, 0x00, 0x00, 0x00, 0x00, 0x00, 0x00, 0x00, 0x00, 0x00, 0x03, 0x00, 0x04, 0x7b, 0xdd, 0xa4, 0x0f, 0x00, 0x00, 0x02, 0x5a, 0xc9,
    0x00, 0x00, 0x78, 0xa1, 0x00, 0x04, 0x00, 0x00, 0x00, 0x00, 0x00, 0x00, 0x00, 0x00, 0x00, 0x01, 0x03, 0x04, 0x04, 0x06, 0x04, 0x2c, 0xe8, 0x16,
    0x05, 0x05, 0x02, 0x00, 0x00, 0x00, 0x00, 0x00, 0x00, 0x00, 0x00, 0x00, 0x00, 0x00, 0x00, 0x00, 0x04, 0x00, 0x23, 0xc3, 0xff, 0xf8, 0xc5, 0xb7,
    0x37, 0x00, 0x00, 0x8c, 0x98, 0x01, 0x0c, 0xdc, 0x4c, 0x01, 0x03, 0x00, 0x00, 0x00, 0x00, 0x01, 0x03, 0x04, 0x03, 0x00, 0x00, 0x00, 0x00, 0x00,
    0x00, 0x00, 0x6c, 0xb3, 0x00, 0x00, 0x00, 0x00, 0x01, 0x00, 0x00, 0x00, 0x00, 0x00, 0x00, 0x00, 0x00, 0x00, 0x00, 0x00, 0x04, 0x00, 0x4c, 0xf6,
    0xff, 0x97, 0x22, 0x29, 0x6c, 0xd2, 0x1e, 0x00, 0xbc, 0x65, 0x00, 0x17, 0xe2, 0x11, 0x00, 0x01, 0x00, 0x00, 0x01, 0x04, 0x00, 0x00, 0x00, 0x00,
    0x01, 0x1e, 0x45, 0x74, 0x92, 0x93, 0x8e, 0xe1, 0xcb, 0x92, 0x94, 0x75, 0x3c, 0x00, 0x01, 0x00, 0x00, 0x00, 0x00, 0x00, 0x00, 0x00, 0x00, 0x00,
    0x05, 0x00, 0x73, 0xe6, 0x8c, 0xce, 0x00, 0x8d, 0xe5, 0x3e, 0x98, 0x98, 0x01, 0xda, 0x30, 0x00, 0x28, 0xcc, 0x0c, 0x01, 0x01, 0x03, 0x03, 0x00,
    0x00, 0x05, 0x49, 0x8b, 0xa3, 0xb5, 0xb0, 0xa3, 0x90, 0x93, 0x96, 0x73, 0xc0, 0xcb, 0x8d, 0x8f, 0x86, 0xba, 0x63, 0x00, 0x02, 0x00, 0x00, 0x00,
    0x00, 0x00, 0x00, 0x00, 0x02, 0x00, 0x78, 0xe0, 0x12, 0x46, 0xc3, 0x00, 0xfd, 0xff, 0x9e, 0x7a, 0xa5, 0x00, 0xe3, 0x15, 0x00, 0x53, 0xc7, 0x00,
    0x02, 0x00, 0x00, 0x00, 0x25, 0x84, 0xc4, 0xb6, 0x74, 0x48, 0x1d, 0x00, 0x00, 0x00, 0x00, 0x00, 0x00, 0x51, 0xbd, 0x00, 0x0b, 0x11, 0x4d, 0xdf,
    0x12, 0x00, 0x01, 0x00, 0x00, 0x00, 0x00, 0x00, 0x02, 0x04, 0x98, 0xd0, 0x0a, 0x00, 0x35, 0xda, 0x17, 0x28, 0x66, 0x12, 0xd3, 0x56, 0x06, 0xe1,
    0x19, 0x00, 0x4f, 0xc9, 0x00, 0x03, 0x0f, 0x53, 0xa8, 0xc7, 0x85, 0x24, 0x00, 0x00, 0x00, 0x00, 0x00, 0x0a, 0x19, 0x1e, 0x31, 0x40, 0x43, 0xea,
    0x5d, 0x2f, 0x24, 0x10, 0xcb, 0x4f, 0x00, 0x03, 0x00, 0x00, 0x00, 0x00, 0x02, 0x00, 0x33, 0xfa, 0x3f, 0x21, 0x00, 0x00, 0x63, 0xe3, 0x96, 0x7e,
    0xd1, 0x8b, 0x00, 0x17, 0xde, 0x19, 0x00, 0x51, 0xca, 0x00, 0x01, 0x54, 0xb1, 0x4f, 0x00, 0x00, 0x00, 0x11, 0x21, 0x36, 0x4a, 0x40, 0x40, 0x51,
    0x47, 0x34, 0x32, 0x20, 0xc5, 0x7f, 0x25, 0x2c, 0x27, 0xd0, 0x41, 0x00, 0x03, 0x00, 0x00, 0x00, 0x01, 0x00, 0x0e, 0xb2, 0xbf, 0xb3, 0xcf, 0xaa,
    0x43, 0x00, 0x3f, 0x90, 0x96, 0x4e, 0x00, 0x01, 0x17, 0xdf, 0x14, 0x00, 0x4d, 0xc5, 0x00, 0x02, 0x01, 0x00, 0x13, 0x5d, 0x90, 0xb2, 0x9b, 0x9d,
    0x89, 0x75, 0x61, 0x58, 0x5b, 0x45, 0x4a, 0x44, 0x38, 0xd8, 0x74, 0x28, 0x26, 0x4d, 0xe6, 0x0b, 0x01, 0x01, 0x00, 0x00, 0x00, 0x00, 0x00, 0x07,
    0x1a, 0x00, 0x00, 0x01, 0x66, 0xff, 0x6b, 0x00, 0x00, 0x00, 0x00, 0x01, 0x01, 0x0c, 0xd8, 0x30, 0x00, 0x1e, 0xd3, 0x0f, 0x00, 0x09, 0x8f, 0x89,
    0x76, 0x6c, 0x3d, 0x30, 0x2c, 0x21, 0x24, 0x1d, 0x1f, 0x1c, 0x1b, 0x15, 0x26, 0x40, 0xe0, 0x36, 0x2a, 0x2f, 0xcc, 0x65, 0x00, 0x03, 0x00, 0x00,
    0x00, 0x00, 0x00, 0x01, 0x00, 0x75, 0xc3, 0x41, 0x23, 0xcd, 0x9f, 0x15, 0x00, 0x00, 0x03, 0x06, 0x04, 0x05, 0x00, 0xaf, 0x63, 0x00, 0x05, 0xd6,
    0x3c, 0x00, 0x0c, 0x8b, 0x8b, 0xa1, 0xc0, 0xaa, 0xd3, 0xd8, 0xcc, 0xa6, 0xc0, 0xc1, 0xc2, 0xbe, 0x8a, 0x8b, 0xad, 0xfa, 0xc3, 0xc3, 0xcb, 0x9c,
    0x00, 0x02, 0x00, 0x00, 0x00, 0x00, 0x00, 0x00, 0x01, 0x01, 0x3f, 0x81, 0xfa, 0xfe, 0x6a, 0x00, 0x00, 0x4f, 0x5d, 0x06, 0x00, 0x00, 0x00, 0x23,
    0xca, 0x9b, 0x00, 0x00, 0x92, 0x8f, 0x00, 0x02, 0x00, 0x00, 0x00, 0x00, 0x00, 0x14, 0x16, 0x18, 0x24, 0x4e, 0x51, 0x51, 0x51, 0x5b, 0x8f, 0xd6,
    0x7f, 0x51, 0x52, 0x4f, 0x07, 0x00, 0x01, 0x00, 0x00, 0x00, 0x00, 0x00, 0x00, 0x00, 0x00, 0x00, 0x00, 0x50, 0xf0, 0x81, 0x07, 0x00, 0x11, 0x70,
    0x9f, 0x8d, 0x8c, 0x92, 0xa9, 0x92, 0xda, 0x0c, 0x02, 0x2e, 0xe0, 0x07, 0x02, 0x05, 0x04, 0x03, 0x02, 0x01, 0x00, 0x00, 0x00, 0x00, 0x00, 0x00,
    0x00, 0x00, 0x00, 0x00, 0x93, 0x7e, 0x00, 0x00, 0x00, 0x00, 0x00, 0x00, 0x00, 0x00, 0x00, 0x00, 0x00, 0x00, 0x00, 0x00, 0x02, 0x05, 0x00, 0x25,
    0xbf, 0xce, 0x71, 0x11, 0x00, 0x09, 0x3e, 0x57, 0x2d, 0x00, 0x00, 0xcf, 0x79, 0x00, 0x06, 0xd9, 0x6f, 0x00, 0x03, 0x00, 0x00, 0x00, 0x00, 0x01,
    0x01, 0x01, 0x01, 0x03, 0x03, 0x03, 0x03, 0x06, 0x04, 0x44, 0xe8, 0x04, 0x04, 0x03, 0x01, 0x00, 0x00, 0x00, 0x00, 0x00, 0x00, 0x00, 0x00, 0x00,
    0x00, 0x00, 0x00, 0x03, 0x00, 0x00, 0x30, 0xa0, 0xeb, 0x75, 0x10, 0x00, 0x00, 0x00, 0x03, 0x06, 0x3a, 0xff, 0x32, 0x00, 0x3a, 0xdf, 0x15, 0x00,
    0x01, 0x00, 0x00, 0x00, 0x00, 0x00, 0x00, 0x00, 0x00, 0x00, 0x00, 0x00, 0x00, 0x01, 0x06, 0xd6, 0x54, 0x00, 0x03, 0x00, 0x00, 0x00, 0x00, 0x00,
    0x00, 0x00, 0x00, 0x00, 0x00, 0x00, 0x00, 0x00, 0x00, 0x02, 0x03, 0x00, 0x00, 0x49, 0x9d, 0xc8, 0x9a, 0x5c, 0x37, 0x00, 0x00, 0x00, 0x82, 0xd3,
    0x00, 0x00, 0xab, 0xbd, 0x07, 0x07, 0x03, 0x03, 0x03, 0x03, 0x03, 0x03, 0x03, 0x03, 0x03, 0x03, 0x04, 0x04, 0x05, 0x00, 0xc1, 0x77, 0x00, 0x04,
    0x00, 0x00, 0x00, 0x00, 0x00, 0x00, 0x00, 0x00, 0x00, 0x00, 0x00, 0x00, 0x00, 0x00, 0x00, 0x00, 0x02, 0x03, 0x00, 0x00, 0x13, 0x6f, 0x90, 0xc3,
    0xc4, 0x8f, 0x73, 0x57, 0xf2, 0x7c, 0x00, 0x05, 0x28, 0x00, 0x00, 0x00, 0x00, 0x00, 0x00, 0x00, 0x00, 0x00, 0x00, 0x00, 0x00, 0x00, 0x00, 0x00,
    0x19, 0xf0, 0x19, 0x00, 0x01, 0x00, 0x00, 0x00, 0x00, 0x00, 0x00, 0x00, 0x00, 0x00, 0x00, 0x00, 0x00, 0x00, 0x00, 0x00, 0x00, 0x00, 0x00, 0x03,
    0x04, 0x00, 0x00, 0x00, 0x00, 0x35, 0x54, 0x7e, 0x95, 0xb0, 0xce, 0xad, 0xa0, 0x7e, 0x86, 0x65, 0x49, 0x4b, 0x50, 0x4f, 0x50, 0x44, 0x48, 0x4f,
    0x50, 0x4f, 0x73, 0x93, 0xb9, 0xd0, 0x66, 0x00, 0x02, 0x00, 0x00, 0x00, 0x00, 0x00, 0x00, 0x00, 0x00, 0x00, 0x00, 0x00, 0x00, 0x00, 0x00, 0x00,
    0x00, 0x00, 0x00, 0x00, 0x00, 0x00, 0x01, 0x03, 0x04, 0x00, 0x00, 0x00, 0x00, 0x00, 0x00, 0x04, 0x1f, 0x48, 0x5b, 0xe6, 0xe1, 0xd0, 0xe0, 0xc8,
    0xcb, 0xc8, 0xfd, 0xed, 0xc9, 0xca, 0xc9, 0x9f, 0x8e, 0x55, 0x32, 0x00, 0x01, 0x00, 0x00, 0x00, 0x00, 0x00, 0x00, 0x00, 0x00, 0x00, 0x00, 0x00,
    0x00, 0x00, 0x00, 0x00, 0x00, 0x00, 0x00, 0x00, 0x00, 0x00, 0x00, 0x00, 0x00, 0x00, 0x00, 0x02, 0x03, 0x04, 0x03, 0x02, 0x00, 0x00, 0x00, 0x00,
    0x13, 0xc3, 0x9e, 0xa8, 0x00, 0x00, 0x00, 0xe1, 0x2c, 0x00, 0x00, 0x00, 0x00, 0x00, 0x00, 0x00, 0x01, 0x00, 0x00, 0x00, 0x00, 0x00, 0x00, 0x00,
    0x00, 0x00, 0x00, 0x00, 0x00, 0x00, 0x00, 0x00, 0x00, 0x00, 0x00, 0x00, 0x00, 0x00, 0x00, 0x00, 0x00, 0x00, 0x00, 0x00, 0x00, 0x00, 0x00, 0x00,
    0x00, 0x01, 0x01, 0x02, 0x05, 0x00, 0x3d, 0xda, 0xed, 0x7a, 0x00, 0x6e, 0xcd, 0x00, 0x04, 0x02, 0x02, 0x04, 0x04, 0x03, 0x02, 0x00, 0x00, 0x00,
    0x00, 0x00, 0x00, 0x00, 0x00, 0x00, 0x00, 0x00, 0x00, 0x00, 0x00, 0x00, 0x00, 0x00, 0x00, 0x00, 0x00, 0x00, 0x00, 0x00, 0x00, 0x00, 0x00, 0x00,
    0x00, 0x00, 0x00, 0x00, 0x00, 0x00, 0x00, 0x00, 0x00, 0x00, 0x03, 0x00, 0x37, 0xec, 0xfb, 0x24, 0xbc, 0x70, 0x00, 0x04, 0x00, 0x00, 0x00, 0x00,
    0x00, 0x00, 0x00, 0x00, 0x00, 0x00, 0x00, 0x00, 0x00, 0x00, 0x00, 0x00, 0x00, 0x00, 0x00, 0x00, 0x00, 0x00, 0x00, 0x00, 0x00, 0x00, 0x00, 0x00,
    0x00, 0x00, 0x00, 0x00, 0x00, 0x00, 0x00, 0x00, 0x00, 0x00, 0x00, 0x00, 0x00, 0x00, 0x00, 0x00, 0x04, 0x00, 0x36, 0xfd, 0xd8, 0xd9, 0x19, 0x01,
    0x01, 0x00, 0x00, 0x00, 0x00, 0x00, 0x00, 0x00, 0x00, 0x00, 0x00, 0x00, 0x00, 0x00, 0x00, 0x00, 0x00, 0x00, 0x00, 0x00, 0x00, 0x00, 0x00, 0x00,
    0x00, 0x00, 0x00, 0x00, 0x00, 0x00, 0x00, 0x00, 0x00, 0x00, 0x00, 0x00, 0x00, 0x00, 0x00, 0x00, 0x00, 0x00, 0x00, 0x00, 0x00, 0x00, 0x04, 0x00,
    0x60, 0xff, 0x9e, 0x00, 0x03, 0x00, 0x00, 0x00, 0x00, 0x00, 0x00, 0x00, 0x00, 0x00, 0x00, 0x00, 0x00, 0x00, 0x00, 0x00, 0x00, 0x00, 0x00, 0x00,
    0x00, 0x00, 0x00, 0x00, 0x00, 0x00, 0x00, 0x00, 0x00, 0x00, 0x00, 0x00, 0x00, 0x00, 0x00, 0x00, 0x00, 0x00, 0x00, 0x00, 0x00, 0x00, 0x00, 0x00,
    0x00, 0x00, 0x00, 0x00, 0x02, 0x00, 0x4b, 0x21, 0x01, 0x01, 0x00, 0x00, 0x00, 0x00, 0x00, 0x00, 0x00, 0x00, 0x00, 0x00, 0x00, 0x00, 0x00, 0x00,
    0x00, 0x00, 0x00, 0x00, 0x00, 0x00, 0x00, 0x00, 0x00, 0x00, 0x00, 0x00, 0x00, 0x00, 0x00, 0x00, 0x00, 0x00, 0x00, 0x00, 0x00, 0x00, 0x00, 0x00,
    0x00, 0x00, 0x00, 0x00, 0x00, 0x00, 0x00, 0x00, 0x00, 0x00, 0x02, 0x00, 0x00, 0x00, 0x00, 0x00, 0x00, 0x00, 0x00, 0x00, 0x00, 0x00, 0x00, 0x00,
    0x00, 0x00, 0x00, 0x00, 0x00, 0x00, 0x00, 0x00, 0x00, 0x00, 0x00, 0x00, 0x00, 0x00, 0x00, 0x00, 0x00, 0x00, 0x00, 0x00, 0x00, 0x00, 0x00, 0x00,
    0x00, 0x00, 0x00, 0x00, 0x00, 0x00, 0x00, 0x00, 0x00, 0x00, 0x00, 0x00, 0x00, 0x00, 0x00, 0x00, 0x03, 0x01, 0x00, 0x00, 0x00, 0x00, 0x00, 0x00,
    0x00, 0x00, 0x00, 0x00, 0x00, 0x00, 0x00, 0x00, 0x00, 0x00, 0x00, 0x00, 0x00, 0x00, 0x00, 0x00, 0x00, 0x00, 0x00, 0x00, 0x00, 0x00, 0x00, 0x00,
    0x00, 0x00, 0x00, 0x00, 0x00, 0x00, 0x00, 0x00, 0x00, 0x00, 0x00, 0x00, 0x00, 0x00, 0x00, 0x00, 0x00, 0x00, 0x00, 0x00, 0x00, 0x00, 0x00, 0x00,
    0x00, 0x00, 0x00, 0x00, 0x00, 0x00, 0x00, 0x00, 0x00, 0x00, 0x00, 0x00, 0x00, 0x00, 0x00, 0x00, 0x00, 0x00, 0x00, 0x00, 0x00, 0x00, 0x00, 0x00,
    0x00, 0x00, 0x00, 0x00, 0x00, 0x00, 0x00, 0x00, 0x00, 0x00, 0x00, 0x00, 0x00, 0x00, 0x00, 0x00, 0x00, 0x00, 0x00, 0x00, 0x00, 0x00, 0x00, 0x00,
    0x00, 0x00, 0x00, 0x00, 0x00, 0x00, 0x00, 0x00, 0x00, 0x00, 0x00, 0x00, 0x00, 0x00, 0x00, 0x00, 0x00, 0x00, 0x00, 0x00, 0x00, 0x00, 0x00
};
static const uint8_t bp_fish_head_3[2279] = {
    0x00, 0x00, 0x00, 0x00, 0x00, 0x00, 0x00, 0x00, 0x00, 0x00, 0x00, 0x00, 0x00, 0x00, 0x00, 0x00, 0x00, 0x00, 0x00, 0x00, 0x00, 0x00, 0x00, 0x00,
    0x00, 0x00, 0x00, 0x00, 0x00, 0x00, 0x00, 0x00, 0x00, 0x00, 0x00, 0x00, 0x00, 0x00, 0x00, 0x00, 0x00, 0x00, 0x00, 0x00, 0x00, 0x00, 0x00, 0x00,
    0x00, 0x00, 0x00, 0x00, 0x00, 0x00, 0x00, 0x00, 0x00, 0x00, 0x00, 0x00, 0x00, 0x00, 0x00, 0x00, 0x00, 0x00, 0x00, 0x00, 0x00, 0x00, 0x00, 0x00,
    0x00, 0x00, 0x00, 0x00, 0x00, 0x00, 0x00, 0x00, 0x00, 0x00, 0x01, 0x01, 0x00, 0x03, 0x03, 0x00, 0x00, 0x00, 0x00, 0x00, 0x00, 0x00, 0x00, 0x00,
    0x00, 0x00, 0x00, 0x00, 0x00, 0x00, 0x00, 0x00, 0x00, 0x00, 0x00, 0x00, 0x00, 0x00, 0x00, 0x00, 0x00, 0x00, 0x00, 0x00, 0x00, 0x00, 0x00, 0x00,
    0x00, 0x00, 0x00, 0x00, 0x00, 0x00, 0x00, 0x00, 0x00, 0x00, 0x00, 0x00, 0x00, 0x00, 0x00, 0x00, 0x00, 0x03, 0x00, 0x00, 0x01, 0x01, 0x04, 0x00,
    0x00, 0x00, 0x00, 0x00, 0x00, 0x00, 0x00, 0x00, 0x00, 0x00, 0x00, 0x00, 0x00, 0x00, 0x00, 0x00, 0x00, 0x00, 0x00, 0x00, 0x00, 0x00, 0x00, 0x00,
    0x00, 0x00, 0x00, 0x00, 0x00, 0x00, 0x00, 0x00, 0x00, 0x00, 0x00, 0x00, 0x00, 0x00, 0x00, 0x00, 0x00, 0x00, 0x00, 0x00, 0x07, 0x18, 0x00, 0x4c,
    0x7d, 0x00, 0x00, 0x00, 0x01, 0x02, 0x03, 0x00, 0x00, 0x00, 0x00, 0x00, 0x00, 0x00, 0x00, 0x00, 0x00, 0x00, 0x00, 0x00, 0x00, 0x00, 0x00, 0x00,
    0x00, 0x00, 0x00, 0x00, 0x00, 0x00, 0x00, 0x00, 0x00, 0x00, 0x00, 0x00, 0x00, 0x00, 0x00, 0x00, 0x00, 0x00, 0x00, 0x00, 0x00, 0x00, 0x00, 0x03,
    0x00, 0x97, 0xf6, 0x4e, 0xc5, 0xff, 0x50, 0x08, 0x5f, 0x00, 0x00, 0x00, 0x02, 0x00, 0x00, 0x00, 0x00, 0x00, 0x00, 0x00, 0x00, 0x00, 0x00, 0x00,
    0x00, 0x00, 0x00, 0x00, 0x00, 0x00, 0x00, 0x00, 0x00, 0x00, 0x00, 0x00, 0x00, 0x00, 0x00, 0x00, 0x00, 0x00, 0x00, 0x00, 0x00, 0x00, 0x00, 0x00,
    0x00, 0x00, 0x00, 0x01, 0x00, 0x0f, 0xe5, 0x53, 0xc8, 0xec, 0x3b, 0xd4, 0xbf, 0xff, 0x4b, 0x3c, 0x81, 0x00, 0x04, 0x02, 0x00, 0x00, 0x00, 0x00,
    0x00, 0x00, 0x00, 0x00, 0x00, 0x00, 0x00, 0x00, 0x00, 0x00, 0x00, 0x00, 0x00, 0x00, 0x00, 0x00, 0x00, 0x00, 0x00, 0x00, 0x00, 0x00, 0x00, 0x00,
    0x00, 0x00, 0x00, 0x00, 0x00, 0x00, 0x00, 0x00, 0x03, 0x00, 0x56, 0xd9, 0x00, 0x68, 0xca, 0x00, 0x58, 0xff, 0x52, 0xc6, 0xe8, 0xfc, 0x58, 0x00,
    0x00, 0x00, 0x00, 0x00, 0x00, 0x00, 0x00, 0x00, 0x00, 0x00, 0x00, 0x00, 0x00, 0x00, 0x00, 0x00, 0x00, 0x00, 0x00, 0x00, 0x00, 0x00, 0x00, 0x00,
    0x00, 0x00, 0x00, 0x00, 0x00, 0x00, 0x00, 0x00, 0x00, 0x00, 0x00, 0x00, 0x00, 0x03, 0x00, 0xb7, 0x87, 0x00, 0xca, 0x71, 0x02, 0x3a, 0xd9, 0x00,
    0x68, 0xf4, 0x2a, 0xd2, 0x6d, 0x5b, 0x00, 0x02, 0x00, 0x00, 0x00, 0x00, 0x00, 0x00, 0x00, 0x00, 0x00, 0x00, 0x00, 0x00, 0x00, 0x00, 0x00, 0x00,
    0x00, 0x00, 0x00, 0x00, 0x00, 0x00, 0x00, 0x00, 0x00, 0x00, 0x00, 0x00, 0x00, 0x00, 0x00, 0x00, 0x01, 0x02, 0x03, 0x1c, 0xef, 0x18, 0x17, 0xec,
    0x22, 0x01, 0xb3, 0x8e, 0x06, 0x6d, 0xb4, 0x00, 0x42, 0xff, 0x6e, 0x00, 0x03, 0x00, 0x00, 0x00, 0x00, 0x00, 0x00, 0x00, 0x00, 0x00, 0x00, 0x00,
    0x00, 0x00, 0x00, 0x00, 0x00, 0x00, 0x00, 0x00, 0x00, 0x00, 0x00, 0x00, 0x00, 0x00, 0x00, 0x00, 0x00, 0x02, 0x03, 0x04, 0x03, 0x00, 0x00, 0x00,
    0x6a, 0xbb, 0x00, 0x58, 0xbf, 0x00, 0x02, 0xdb, 0x16, 0x00, 0xc4, 0x61, 0x00, 0x43, 0xd9, 0x01, 0x03, 0x00, 0x00, 0x00, 0x00, 0x00, 0x00, 0x00,
    0x00, 0x00, 0x00, 0x00, 0x00, 0x00, 0x00, 0x00, 0x00, 0x00, 0x00, 0x00, 0x00, 0x00, 0x00, 0x00, 0x00, 0x00, 0x00, 0x01, 0x03, 0x02, 0x00, 0x00,
    0x00, 0x00, 0x12, 0x23, 0x42, 0xdd, 0xab, 0x55, 0xdd, 0xe1, 0x93, 0xba, 0xf8, 0x90, 0x9b, 0xff, 0x69, 0x4f, 0xde, 0x7e, 0x0a, 0x00, 0x00, 0x00,
    0x00, 0x00, 0x00, 0x00, 0x00, 0x00, 0x00, 0x00, 0x00, 0x00, 0x00, 0x00, 0x00, 0x00, 0x00, 0x00, 0x00, 0x00, 0x00, 0x00, 0x00, 0x00, 0x02, 0x04,
    0x00, 0x00, 0x00, 0x24, 0x49, 0x74, 0xa3, 0xbf, 0x9d, 0xc0, 0xc2, 0xa1, 0x8b, 0x87, 0x86, 0x93, 0x8d, 0x83, 0x94, 0x92, 0x90, 0xc7, 0xc8, 0xce,
    0xdb, 0xde, 0x4f, 0x01, 0x03, 0x00, 0x00, 0x00, 0x00, 0x00, 0x00, 0x00, 0x00, 0x00, 0x00, 0x00, 0x00, 0x00, 0x00, 0x00, 0x00, 0x00, 0x00, 0x00,
    0x00, 0x02, 0x03, 0x00, 0x00, 0x0a, 0x5d, 0xb5, 0xc9, 0xff, 0xad, 0x48, 0x40, 0x6b, 0x00, 0x00, 0x00, 0x00, 0x00, 0x00, 0x00, 0x00, 0x00, 0x00,
    0x00, 0x00, 0x00, 0x00, 0x00, 0x15, 0x71, 0xc1, 0x00, 0x03, 0x00, 0x00, 0x00, 0x00, 0x00, 0x00, 0x00, 0x00, 0x00, 0x00, 0x00, 0x00, 0x00, 0x00,
    0x00, 0x00, 0x00, 0x00, 0x01, 0x03, 0x00, 0x00, 0x35, 0x99, 0xc9, 0xaf, 0x4c, 0x67, 0xcc, 0x00, 0x00, 0xb9, 0xa4, 0x04, 0x06, 0x03, 0x04, 0x04,
    0x04, 0x04, 0x04, 0x04, 0x04, 0x04, 0x04, 0x02, 0x02, 0x02, 0x00, 0x1e, 0xda, 0x0d, 0x00, 0x01, 0x00, 0x00, 0x00, 0x00, 0x00, 0x00, 0x00, 0x00,
    0x00, 0x00, 0x00, 0x00, 0x00, 0x00, 0x00, 0x00, 0x02, 0x00, 0x00, 0x2c, 0xa6, 0xcc, 0x76, 0x24, 0x00, 0x00, 0xc9, 0x50, 0x01, 0x14, 0xdf, 0x18,
    0x00, 0x02, 0x00, 0x00, 0x00, 0x00, 0x00, 0x00, 0x00, 0x00, 0x00, 0x00, 0x00, 0x00, 0x00, 0x02, 0x02, 0xd2, 0x44, 0x00, 0x03, 0x00, 0x00, 0x00,
    0x00, 0x00, 0x00, 0x00, 0x00, 0x00, 0x00, 0x00, 0x00, 0x00, 0x00, 0x00, 0x03, 0x00, 0x03, 0x81, 0xf2, 0x88, 0x09, 0x00, 0x00, 0x03, 0x51, 0xdc,
    0x05, 0x01, 0x6b, 0xb2, 0x00, 0x03, 0x00, 0x00, 0x00, 0x00, 0x00, 0x00, 0x00, 0x00, 0x00, 0x01, 0x03, 0x03, 0x03, 0x06, 0x05, 0x1d, 0xe7, 0x26,
    0x03, 0x04, 0x01, 0x00, 0x00, 0x00, 0x00, 0x00, 0x00, 0x00, 0x00, 0x00, 0x00, 0x00, 0x00, 0x00, 0x04, 0x00, 0x23, 0xc6, 0xff, 0xe4, 0xbf, 0xd2,
    0x40, 0x00, 0x00, 0x9c, 0x8f, 0x00, 0x00, 0xb0, 0x61, 0x00, 0x04, 0x00, 0x00, 0x00, 0x00, 0x00, 0x01, 0x03, 0x03, 0x01, 0x00, 0x00, 0x00, 0x00,
    0x00, 0x00, 0x58, 0xc1, 0x00, 0x00, 0x00, 0x00, 0x01, 0x00, 0x00, 0x00, 0x00, 0x00, 0x00, 0x00, 0x00, 0x00, 0x00, 0x01, 0x02, 0x00, 0x4b, 0xf5,
    0xf4, 0x62, 0x18, 0x4a, 0x46, 0xda, 0x23, 0x00, 0xc5, 0x56, 0x00, 0x09, 0xd9, 0x31, 0x00, 0x02, 0x00, 0x00, 0x01, 0x04, 0x00, 0x00, 0x00, 0x00,
    0x00, 0x1a, 0x43, 0x50, 0x58, 0x90, 0x93, 0xd0, 0xd5, 0x64, 0x52, 0x44, 0x14, 0x00, 0x00, 0x00, 0x00, 0x00, 0x00, 0x00, 0x00, 0x00, 0x00, 0x01,
    0x01, 0x00, 0x7f, 0xea, 0x8e, 0xc0, 0x00, 0xb3, 0xf9, 0x6d, 0x72, 0xb2, 0x04, 0xdc, 0x25, 0x00, 0x29, 0xcd, 0x07, 0x01, 0x01, 0x03, 0x03, 0x00,
    0x00, 0x00, 0x20, 0x5e, 0xb3, 0xb0, 0xb5, 0xc2, 0xba, 0x8c, 0x95, 0x95, 0xe6, 0xce, 0x8d, 0xbb, 0xbb, 0xcf, 0x63, 0x00, 0x03, 0x00, 0x00, 0x00,
    0x00, 0x00, 0x00, 0x01, 0x00, 0x02, 0xad, 0xdc, 0x1c, 0x3d, 0xcb, 0x00, 0xe3, 0xff, 0x9c, 0x5a, 0xb7, 0x03, 0xe2, 0x15, 0x00, 0x52, 0xc6, 0x00,
    0x02, 0x00, 0x00, 0x00, 0x25, 0x85, 0xc3, 0xbc, 0xa8, 0x4b, 0x21, 0x03, 0x00, 0x00, 0x00, 0x00, 0x00, 0x62, 0xb0, 0x00, 0x00, 0x0d, 0x5d, 0xcf,
    0x07, 0x01, 0x00, 0x00, 0x00, 0x00, 0x00, 0x01, 0x01, 0x0a, 0xd0, 0xa5, 0x00, 0x00, 0x1a, 0xe6, 0x45, 0x22, 0x61, 0x1f, 0xd4, 0x3c, 0x08, 0xe0,
    0x19, 0x00, 0x4f, 0xc9, 0x00, 0x03, 0x0f, 0x53, 0xa8, 0xc6, 0x85, 0x36, 0x00, 0x00, 0x00, 0x00, 0x00, 0x04, 0x09, 0x1b, 0x23, 0x35, 0x50, 0xe6,
    0x55, 0x3a, 0x41, 0x25, 0xd4, 0x42, 0x00, 0x03, 0x00, 0x00, 0x00, 0x00, 0x02, 0x01, 0x54, 0xda, 0x28, 0x26, 0x00, 0x00, 0x33, 0xda, 0xbc, 0x9d,
    0xe0, 0x6f, 0x00, 0x18, 0xdd, 0x19, 0x00, 0x51, 0xca, 0x00, 0x01, 0x54, 0xb1, 0x4f, 0x00, 0x00, 0x00, 0x0e, 0x1c, 0x29, 0x40, 0x40, 0x4d, 0x43,
    0x49, 0x38, 0x34, 0x35, 0xde, 0x6f, 0x18, 0x19, 0x12, 0xc7, 0x4e, 0x00, 0x03, 0x00, 0x00, 0x00, 0x01, 0x00, 0x11, 0xa5, 0x9e, 0xb8, 0xcf, 0xa4,
    0x6e, 0x1b, 0x0f, 0x60, 0x6b, 0x3a, 0x00, 0x01, 0x16, 0xdf, 0x14, 0x00, 0x4d, 0xc5, 0x00, 0x02, 0x01, 0x00, 0x15, 0x5d, 0x8e, 0xaa, 0xa7, 0x9e,
    0x7b, 0x84, 0x64, 0x5e, 0x4a, 0x41, 0x41, 0x4c, 0x35, 0xd7, 0x89, 0x31, 0x31, 0x46, 0xeb, 0x15, 0x00, 0x01, 0x00, 0x00, 0x00, 0x00, 0x00, 0x03,
    0x06, 0x0c, 0x00, 0x00, 0x6a, 0xff, 0x65, 0x00, 0x00, 0x00, 0x00, 0x03, 0x01, 0x0c, 0xd8, 0x30, 0x00, 0x1e, 0xd4, 0x0f, 0x00, 0x0a, 0x8e, 0x7a,
    0x75, 0x6c, 0x3e, 0x2f, 0x36, 0x27, 0x1d, 0x1c, 0x1a, 0x20, 0x23, 0x24, 0x20, 0x37, 0xe0, 0x38, 0x1d, 0x1f, 0xa8, 0x8f, 0x00, 0x03, 0x00, 0x00,
    0x00, 0x00, 0x00, 0x01, 0x00, 0x94, 0xee, 0x70, 0x5b, 0xe5, 0x69, 0x01, 0x00, 0x00, 0x00, 0x04, 0x01, 0x04, 0x00, 0xb1, 0x63, 0x01, 0x05, 0xd1,
    0x3e, 0x00, 0x0c, 0x8a, 0x89, 0xb0, 0xc0, 0xaa, 0xd5, 0xbc, 0xb1, 0xc0, 0xc1, 0xa2, 0x8a, 0x90, 0x90, 0x8f, 0xa9, 0xf3, 0x9a, 0x9b, 0xa6, 0xc4,
    0x0b, 0x01, 0x01, 0x00, 0x00, 0x00, 0x00, 0x00, 0x00, 0x02, 0x14, 0x5d, 0xfe, 0xff, 0x37, 0x00, 0x03, 0x4e, 0x5e, 0x17, 0x00, 0x00, 0x00, 0x25,
    0xba, 0x9b, 0x00, 0x00, 0xa3, 0x70, 0x01, 0x02, 0x00, 0x00, 0x00, 0x00, 0x00, 0x15, 0x1c, 0x39, 0x51, 0x51, 0x54, 0x75, 0x94, 0x94, 0x94, 0xe4,
    0xb1, 0x91, 0x91, 0x8f, 0x1e, 0x00, 0x02, 0x00, 0x00, 0x00, 0x00, 0x00, 0x00, 0x00, 0x00, 0x00, 0x00, 0x21, 0xbb, 0xa5, 0x21, 0x00, 0x13, 0x71,
    0xa3, 0xa9, 0xad, 0xa9, 0x89, 0x5e, 0xdb, 0x1c, 0x01, 0x6b, 0xcd, 0x00, 0x04, 0x04, 0x04, 0x03, 0x02, 0x01, 0x00, 0x00, 0x00, 0x00, 0x00, 0x00,
    0x00, 0x00, 0x00, 0x00, 0x9a, 0x60, 0x00, 0x00, 0x00, 0x00, 0x01, 0x00, 0x00, 0x00, 0x00, 0x00, 0x00, 0x00, 0x00, 0x00, 0x01, 0x04, 0x00, 0x00,
    0x7e, 0xe4, 0x91, 0x05, 0x00, 0x00, 0x1c, 0x22, 0x1e, 0x00, 0x00, 0xbc, 0x82, 0x00, 0x0b, 0xdf, 0x41, 0x00, 0x02, 0x00, 0x00, 0x00, 0x00, 0x01,
    0x01, 0x02, 0x03, 0x03, 0x03, 0x04, 0x04, 0x07, 0x04, 0x57, 0xd9, 0x02, 0x06, 0x04, 0x01, 0x00, 0x00, 0x00, 0x00, 0x00, 0x00, 0x00, 0x00, 0x00,
    0x00, 0x00, 0x00, 0x02, 0x02, 0x00, 0x29, 0xb8, 0xc1, 0x9d, 0x48, 0x00, 0x00, 0x00, 0x00, 0x05, 0x4b, 0xed, 0x0b, 0x00, 0x5e, 0xf2, 0x12, 0x01,
    0x01, 0x00, 0x00, 0x00, 0x00, 0x00, 0x00, 0x00, 0x00, 0x00, 0x00, 0x00, 0x00, 0x01, 0x02, 0xd7, 0x54, 0x00, 0x03, 0x00, 0x00, 0x00, 0x00, 0x00,
    0x00, 0x00, 0x00, 0x00, 0x00, 0x00, 0x00, 0x00, 0x00, 0x00, 0x04, 0x00, 0x00, 0x1f, 0x72, 0xb5, 0xbf, 0x85, 0x38, 0x19, 0x00, 0x00, 0xa9, 0xac,
    0x00, 0x00, 0xb4, 0xbc, 0x07, 0x07, 0x03, 0x03, 0x03, 0x01, 0x01, 0x01, 0x01, 0x01, 0x02, 0x03, 0x03, 0x03, 0x06, 0x01, 0xbb, 0x78, 0x00, 0x04,
    0x00, 0x00, 0x00, 0x00, 0x00, 0x00, 0x00, 0x00, 0x00, 0x00, 0x00, 0x00, 0x00, 0x00, 0x00, 0x00, 0x02, 0x03, 0x00, 0x00, 0x00, 0x33, 0x85, 0xb7,
    0xc2, 0xb8, 0x74, 0x5d, 0xff, 0x7a, 0x00, 0x03, 0x29, 0x00, 0x00, 0x00, 0x00, 0x00, 0x00, 0x00, 0x00, 0x00, 0x00, 0x00, 0x00, 0x00, 0x00, 0x00,
    0x02, 0xe8, 0x1e, 0x00, 0x01, 0x00, 0x00, 0x00, 0x00, 0x00, 0x00, 0x00, 0x00, 0x00, 0x00, 0x00, 0x00, 0x00, 0x00, 0x00, 0x00, 0x00, 0x00, 0x01,
    0x04, 0x02, 0x00, 0x00, 0x00, 0x08, 0x48, 0x8b, 0x94, 0xb6, 0xce, 0xad, 0xa0, 0x7e, 0x86, 0x65, 0x47, 0x4b, 0x43, 0x1c, 0x16, 0x12, 0x12, 0x15,
    0x34, 0x4f, 0x4f, 0x52, 0x74, 0xb1, 0x96, 0x03, 0x01, 0x00, 0x00, 0x00, 0x00, 0x00, 0x00, 0x00, 0x00, 0x00, 0x00, 0x00, 0x00, 0x00, 0x00, 0x00,
    0x00, 0x00, 0x00, 0x00, 0x00, 0x00, 0x00, 0x02, 0x04, 0x02, 0x00, 0x00, 0x00, 0x00, 0x00, 0x04, 0x1f, 0x48, 0x5b, 0xe6, 0xe3, 0xdf, 0xe0, 0xc1,
    0xbb, 0xde, 0xe8, 0xed, 0xde, 0xc8, 0xc8, 0xc9, 0xb8, 0x8e, 0x6f, 0x04, 0x01, 0x01, 0x00, 0x00, 0x00, 0x00, 0x00, 0x00, 0x00, 0x00, 0x00, 0x00,
    0x00, 0x00, 0x00, 0x00, 0x00, 0x00, 0x00, 0x00, 0x00, 0x00, 0x00, 0x00, 0x00, 0x00, 0x00, 0x01, 0x03, 0x04, 0x03, 0x02, 0x00, 0x00, 0x00, 0x00,
    0x13, 0xc3, 0xa0, 0xa8, 0x00, 0x05, 0x19, 0xe5, 0x5a, 0x15, 0x00, 0x00, 0x00, 0x00, 0x00, 0x00, 0x00, 0x00, 0x00, 0x00, 0x00, 0x00, 0x00, 0x00,
    0x00, 0x00, 0x00, 0x00, 0x00, 0x00, 0x00, 0x00, 0x00, 0x00, 0x00, 0x00, 0x00, 0x00, 0x00, 0x00, 0x00, 0x00, 0x00, 0x00, 0x00, 0x00, 0x00, 0x00,
    0x00, 0x01, 0x01, 0x02, 0x05, 0x00, 0x3d, 0xda, 0xed, 0x79, 0x00, 0x49, 0xdd, 0x00, 0x00, 0x00, 0x02, 0x02, 0x03, 0x04, 0x04, 0x01, 0x00, 0x00,
    0x00, 0x00, 0x00, 0x00, 0x00, 0x00, 0x00, 0x00, 0x00, 0x00, 0x00, 0x00, 0x00, 0x00, 0x00, 0x00, 0x00, 0x00, 0x00, 0x00, 0x00, 0x00, 0x00, 0x00,
    0x00, 0x00, 0x00, 0x00, 0x00, 0x00, 0x00, 0x00, 0x00, 0x00, 0x03, 0x00, 0x37, 0xec, 0xfc, 0x24, 0xae, 0x78, 0x00, 0x05, 0x00, 0x00, 0x00, 0x00,
    0x00, 0x00, 0x00, 0x00, 0x00, 0x00, 0x00, 0x00, 0x00, 0x00, 0x00, 0x00, 0x00, 0x00, 0x00, 0x00, 0x00, 0x00, 0x00, 0x00, 0x00, 0x00, 0x00, 0x00,
    0x00, 0x00, 0x00, 0x00, 0x00, 0x00, 0x00, 0x00, 0x00, 0x00, 0x00, 0x00, 0x00, 0x00, 0x00, 0x00, 0x04, 0x00, 0x36, 0xfd, 0xd8, 0xdb, 0x18, 0x01,
    0x01, 0x00, 0x00, 0x00, 0x00, 0x00, 0x00, 0x00, 0x00, 0x00, 0x00, 0x00, 0x00, 0x00, 0x00, 0x00, 0x00, 0x00, 0x00, 0x00, 0x00, 0x00, 0x00, 0x00,
    0x00, 0x00, 0x00, 0x00, 0x00, 0x00, 0x00, 0x00, 0x00, 0x00, 0x00, 0x00, 0x00, 0x00, 0x00, 0x00, 0x00, 0x00, 0x00, 0x00, 0x00, 0x00, 0x04, 0x00,
    0x60, 0xff, 0x9e, 0x00, 0x03, 0x00, 0x00, 0x00, 0x00, 0x00, 0x00, 0x00, 0x00, 0x00, 0x00, 0x00, 0x00, 0x00, 0x00, 0x00, 0x00, 0x00, 0x00, 0x00,
    0x00, 0x00, 0x00, 0x00, 0x00, 0x00, 0x00, 0x00, 0x00, 0x00, 0x00, 0x00, 0x00, 0x00, 0x00, 0x00, 0x00, 0x00, 0x00, 0x00, 0x00, 0x00, 0x00, 0x00,
    0x00, 0x00, 0x00, 0x00, 0x02, 0x00, 0x4b, 0x21, 0x01, 0x01, 0x00, 0x00, 0x00, 0x00, 0x00, 0x00, 0x00, 0x00, 0x00, 0x00, 0x00, 0x00, 0x00, 0x00,
    0x00, 0x00, 0x00, 0x00, 0x00, 0x00, 0x00, 0x00, 0x00, 0x00, 0x00, 0x00, 0x00, 0x00, 0x00, 0x00, 0x00, 0x00, 0x00, 0x00, 0x00, 0x00, 0x00, 0x00,
    0x00, 0x00, 0x00, 0x00, 0x00, 0x00, 0x00, 0x00, 0x00, 0x00, 0x02, 0x00, 0x00, 0x00, 0x00, 0x00, 0x00, 0x00, 0x00, 0x00, 0x00, 0x00, 0x00, 0x00,
    0x00, 0x00, 0x00, 0x00, 0x00, 0x00, 0x00, 0x00, 0x00, 0x00, 0x00, 0x00, 0x00, 0x00, 0x00, 0x00, 0x00, 0x00, 0x00, 0x00, 0x00, 0x00, 0x00, 0x00,
    0x00, 0x00, 0x00, 0x00, 0x00, 0x00, 0x00, 0x00, 0x00, 0x00, 0x00, 0x00, 0x00, 0x00, 0x00, 0x00, 0x03, 0x01, 0x00, 0x00, 0x00, 0x00, 0x00, 0x00,
    0x00, 0x00, 0x00, 0x00, 0x00, 0x00, 0x00, 0x00, 0x00, 0x00, 0x00, 0x00, 0x00, 0x00, 0x00, 0x00, 0x00, 0x00, 0x00, 0x00, 0x00, 0x00, 0x00, 0x00,
    0x00, 0x00, 0x00, 0x00, 0x00, 0x00, 0x00, 0x00, 0x00, 0x00, 0x00, 0x00, 0x00, 0x00, 0x00, 0x00, 0x00, 0x00, 0x00, 0x00, 0x00, 0x00, 0x00, 0x00,
    0x00, 0x00, 0x00, 0x00, 0x00, 0x00, 0x00, 0x00, 0x00, 0x00, 0x00, 0x00, 0x00, 0x00, 0x00, 0x00, 0x00, 0x00, 0x00, 0x00, 0x00, 0x00, 0x00, 0x00,
    0x00, 0x00, 0x00, 0x00, 0x00, 0x00, 0x00, 0x00, 0x00, 0x00, 0x00, 0x00, 0x00, 0x00, 0x00, 0x00, 0x00, 0x00, 0x00, 0x00, 0x00, 0x00, 0x00, 0x00,
    0x00, 0x00, 0x00, 0x00, 0x00, 0x00, 0x00, 0x00, 0x00, 0x00, 0x00, 0x00, 0x00, 0x00, 0x00, 0x00, 0x00, 0x00, 0x00, 0x00, 0x00, 0x00, 0x00
};
static const uint8_t bp_fish_head_4[2279] = {
    0x00, 0x00, 0x00, 0x00, 0x00, 0x00, 0x00, 0x00, 0x00, 0x00, 0x00, 0x00, 0x00, 0x00, 0x00, 0x00, 0x00, 0x00, 0x00, 0x00, 0x00, 0x00, 0x00, 0x00,
    0x00, 0x00, 0x00, 0x00, 0x00, 0x00, 0x00, 0x00, 0x00, 0x00, 0x00, 0x00, 0x00, 0x00, 0x00, 0x00, 0x00, 0x00, 0x00, 0x00, 0x00, 0x00, 0x00, 0x00,
    0x00, 0x00, 0x00, 0x00, 0x00, 0x00, 0x00, 0x00, 0x00, 0x00, 0x00, 0x00, 0x00, 0x00, 0x00, 0x00, 0x00, 0x00, 0x00, 0x00, 0x00, 0x00, 0x00, 0x00,
    0x00, 0x00, 0x00, 0x00, 0x00, 0x00, 0x00, 0x00, 0x00, 0x00, 0x01, 0x01, 0x00, 0x01, 0x03, 0x00, 0x00, 0x00, 0x00, 0x00, 0x00, 0x00, 0x00, 0x00,
    0x00, 0x00, 0x00, 0x00, 0x00, 0x00, 0x00, 0x00, 0x00, 0x00, 0x00, 0x00, 0x00, 0x00, 0x00, 0x00, 0x00, 0x00, 0x00, 0x00, 0x00, 0x00, 0x00, 0x00,
    0x00, 0x00, 0x00, 0x00, 0x00, 0x00, 0x00, 0x00, 0x00, 0x00, 0x00, 0x00, 0x00, 0x00, 0x00, 0x00, 0x00, 0x02, 0x00, 0x00, 0x00, 0x00, 0x02, 0x01,
    0x00, 0x00, 0x00, 0x00, 0x00, 0x00, 0x00, 0x00, 0x00, 0x00, 0x00, 0x00, 0x00, 0x00, 0x00, 0x00, 0x00, 0x00, 0x00, 0x00, 0x00, 0x00, 0x00, 0x00,
    0x00, 0x00, 0x00, 0x00, 0x00, 0x00, 0x00, 0x00, 0x00, 0x00, 0x00, 0x00, 0x00, 0x00, 0x00, 0x00, 0x00, 0x00, 0x00, 0x00, 0x07, 0x16, 0x00, 0x10,
    0x4e, 0x00, 0x02, 0x00, 0x00, 0x01, 0x03, 0x00, 0x00, 0x00, 0x00, 0x00, 0x00, 0x00, 0x00, 0x00, 0x00, 0x00, 0x00, 0x00, 0x00, 0x00, 0x00, 0x00,
    0x00, 0x00, 0x00, 0x00, 0x00, 0x00, 0x00, 0x00, 0x00, 0x00, 0x00, 0x00, 0x00, 0x00, 0x00, 0x00, 0x00, 0x00, 0x00, 0x00, 0x00, 0x00, 0x00, 0x03,
    0x00, 0x96, 0xf8, 0x2b, 0x67, 0xff, 0x72, 0x00, 0x25, 0x02, 0x00, 0x00, 0x01, 0x00, 0x00, 0x00, 0x00, 0x00, 0x00, 0x00, 0x00, 0x00, 0x00, 0x00,
    0x00, 0x00, 0x00, 0x00, 0x00, 0x00, 0x00, 0x00, 0x00, 0x00, 0x00, 0x00, 0x00, 0x00, 0x00, 0x00, 0x00, 0x00, 0x00, 0x00, 0x00, 0x00, 0x00, 0x00,
    0x00, 0x00, 0x00, 0x01, 0x00, 0x0c, 0xdd, 0x6d, 0xcc, 0xdf, 0x66, 0xc2, 0x9e, 0xff, 0x83, 0x08, 0x5e, 0x00, 0x02, 0x03, 0x00, 0x00, 0x00, 0x00,
    0x00, 0x00, 0x00, 0x00, 0x00, 0x00, 0x00, 0x00, 0x00, 0x00, 0x00, 0x00, 0x00, 0x00, 0x00, 0x00, 0x00, 0x00, 0x00, 0x00, 0x00, 0x00, 0x00, 0x00,
    0x00, 0x00, 0x00, 0x00, 0x00, 0x00, 0x00, 0x00, 0x03, 0x00, 0x40, 0xe1, 0x00, 0x48, 0xfa, 0x08, 0x21, 0xf1, 0x98, 0xbb, 0xc8, 0xff, 0x57, 0x00,
    0x00, 0x00, 0x00, 0x00, 0x00, 0x00, 0x00, 0x00, 0x00, 0x00, 0x00, 0x00, 0x00, 0x00, 0x00, 0x00, 0x00, 0x00, 0x00, 0x00, 0x00, 0x00, 0x00, 0x00,
    0x00, 0x00, 0x00, 0x00, 0x00, 0x00, 0x00, 0x00, 0x00, 0x00, 0x00, 0x00, 0x00, 0x04, 0x00, 0x9d, 0xa1, 0x03, 0x6a, 0xc3, 0x03, 0x11, 0xe0, 0x18,
    0x24, 0xff, 0x61, 0xd8, 0x2d, 0x3f, 0x02, 0x00, 0x00, 0x00, 0x00, 0x00, 0x00, 0x00, 0x00, 0x00, 0x00, 0x00, 0x00, 0x00, 0x00, 0x00, 0x00, 0x00,
    0x00, 0x00, 0x00, 0x00, 0x00, 0x00, 0x00, 0x00, 0x00, 0x00, 0x00, 0x00, 0x00, 0x00, 0x00, 0x00, 0x00, 0x01, 0x03, 0x08, 0xe1, 0x46, 0x01, 0xca,
    0x75, 0x02, 0x7b, 0xce, 0x02, 0x48, 0xdd, 0x00, 0x67, 0xf1, 0xc0, 0x03, 0x02, 0x00, 0x00, 0x00, 0x00, 0x00, 0x00, 0x00, 0x00, 0x00, 0x00, 0x00,
    0x00, 0x00, 0x00, 0x00, 0x00, 0x00, 0x00, 0x00, 0x00, 0x00, 0x00, 0x00, 0x00, 0x00, 0x00, 0x00, 0x00, 0x01, 0x03, 0x04, 0x02, 0x00, 0x00, 0x00,
    0x33, 0xd8, 0x00, 0x07, 0xe2, 0x0d, 0x00, 0xcf, 0x41, 0x00, 0xb5, 0x79, 0x00, 0x0f, 0xf4, 0x46, 0x02, 0x03, 0x00, 0x00, 0x00, 0x00, 0x00, 0x00,
    0x00, 0x00, 0x00, 0x00, 0x00, 0x00, 0x00, 0x00, 0x00, 0x00, 0x00, 0x00, 0x00, 0x00, 0x00, 0x00, 0x00, 0x00, 0x00, 0x01, 0x04, 0x02, 0x00, 0x00,
    0x00, 0x00, 0x02, 0x24, 0x37, 0xad, 0xd8, 0x4f, 0x88, 0xf0, 0x50, 0x79, 0xf7, 0x52, 0x57, 0xf8, 0x78, 0x23, 0x9a, 0xad, 0x00, 0x00, 0x00, 0x00,
    0x00, 0x00, 0x00, 0x00, 0x00, 0x00, 0x00, 0x00, 0x00, 0x00, 0x00, 0x00, 0x00, 0x00, 0x00, 0x00, 0x00, 0x00, 0x00, 0x00, 0x00, 0x00, 0x02, 0x03,
    0x00, 0x00, 0x00, 0x16, 0x4e, 0x9b, 0xb4, 0xb4, 0xa1, 0xba, 0xc6, 0xbe, 0xc9, 0xc7, 0xbe, 0xc9, 0xc9, 0xbd, 0xc9, 0xca, 0xbf, 0xc5, 0xcb, 0xef,
    0xd5, 0xbb, 0x4e, 0x00, 0x02, 0x00, 0x00, 0x00, 0x00, 0x00, 0x00, 0x00, 0x00, 0x00, 0x00, 0x00, 0x00, 0x00, 0x00, 0x00, 0x00, 0x00, 0x00, 0x00,
    0x00, 0x02, 0x03, 0x00, 0x00, 0x1d, 0x72, 0xb1, 0xba, 0xff, 0x93, 0x2c, 0x37, 0x76, 0x00, 0x00, 0x00, 0x00, 0x00, 0x00, 0x00, 0x00, 0x00, 0x00,
    0x00, 0x00, 0x00, 0x07, 0x12, 0x2f, 0x70, 0xdd, 0x07, 0x01, 0x00, 0x00, 0x00, 0x00, 0x00, 0x00, 0x00, 0x00, 0x00, 0x00, 0x00, 0x00, 0x00, 0x00,
    0x00, 0x00, 0x00, 0x00, 0x02, 0x03, 0x00, 0x00, 0x36, 0xa7, 0xcc, 0x9b, 0x41, 0x6c, 0xcb, 0x00, 0x00, 0x8a, 0xa2, 0x02, 0x06, 0x02, 0x02, 0x02,
    0x02, 0x02, 0x02, 0x02, 0x02, 0x02, 0x02, 0x02, 0x00, 0x00, 0x00, 0x00, 0xd8, 0x2d, 0x00, 0x02, 0x00, 0x00, 0x00, 0x00, 0x00, 0x00, 0x00, 0x00,
    0x00, 0x00, 0x00, 0x00, 0x00, 0x00, 0x00, 0x00, 0x03, 0x00, 0x00, 0x29, 0x9a, 0xc9, 0x73, 0x12, 0x00, 0x00, 0xc8, 0x50, 0x01, 0x1e, 0xe7, 0x18,
    0x00, 0x02, 0x00, 0x00, 0x00, 0x00, 0x00, 0x00, 0x00, 0x00, 0x00, 0x00, 0x00, 0x01, 0x01, 0x05, 0x02, 0xa7, 0x7b, 0x00, 0x04, 0x00, 0x00, 0x00,
    0x00, 0x00, 0x00, 0x00, 0x00, 0x00, 0x00, 0x00, 0x00, 0x00, 0x00, 0x00, 0x04, 0x00, 0x26, 0x9b, 0xff, 0xc3, 0x1f, 0x00, 0x02, 0x04, 0x51, 0xdc,
    0x05, 0x01, 0x7f, 0xb6, 0x00, 0x03, 0x00, 0x00, 0x00, 0x00, 0x00, 0x00, 0x00, 0x00, 0x00, 0x00, 0x01, 0x02, 0x03, 0x03, 0x05, 0x01, 0xc6, 0x73,
    0x02, 0x04, 0x00, 0x00, 0x00, 0x00, 0x00, 0x00, 0x00, 0x00, 0x00, 0x00, 0x00, 0x00, 0x00, 0x01, 0x03, 0x00, 0x5b, 0xe9, 0xff, 0xc9, 0xa7, 0xdb,
    0x67, 0x00, 0x00, 0x9c, 0x8f, 0x00, 0x00, 0xad, 0x60, 0x01, 0x04, 0x00, 0x00, 0x00, 0x00, 0x00, 0x01, 0x03, 0x04, 0x04, 0x02, 0x00, 0x00, 0x00,
    0x00, 0x00, 0x2d, 0xd8, 0x00, 0x00, 0x00, 0x01, 0x02, 0x00, 0x00, 0x00, 0x00, 0x00, 0x00, 0x00, 0x00, 0x00, 0x00, 0x03, 0x00, 0x00, 0x8b, 0xf3,
    0xe9, 0x4f, 0x0d, 0x37, 0x39, 0xd7, 0x3c, 0x00, 0xc6, 0x56, 0x00, 0x09, 0xd9, 0x31, 0x00, 0x02, 0x00, 0x00, 0x01, 0x04, 0x00, 0x00, 0x00, 0x00,
    0x00, 0x00, 0x12, 0x37, 0x4f, 0x51, 0x4f, 0xc1, 0xbf, 0x4e, 0x39, 0x13, 0x00, 0x00, 0x00, 0x00, 0x00, 0x00, 0x00, 0x00, 0x00, 0x00, 0x00, 0x02,
    0x00, 0x0f, 0xbd, 0xca, 0x55, 0xc9, 0x00, 0xb3, 0xff, 0x82, 0x6f, 0xba, 0x04, 0xdc, 0x25, 0x00, 0x29, 0xcd, 0x07, 0x01, 0x01, 0x03, 0x03, 0x00,
    0x00, 0x00, 0x1d, 0x45, 0x71, 0x8e, 0xb0, 0xb9, 0xbb, 0xc9, 0xca, 0xca, 0xf0, 0xe3, 0xcb, 0xbd, 0xb6, 0xb4, 0x5e, 0x00, 0x02, 0x00, 0x00, 0x00,
    0x00, 0x00, 0x00, 0x01, 0x00, 0x27, 0xdc, 0xa8, 0x00, 0x3e, 0xd5, 0x00, 0xb7, 0xff, 0x83, 0x70, 0xb8, 0x02, 0xe2, 0x15, 0x00, 0x52, 0xc6, 0x00,
    0x02, 0x00, 0x00, 0x00, 0x25, 0x85, 0xc3, 0xba, 0xa4, 0x81, 0x56, 0x2d, 0x0b, 0x00, 0x00, 0x00, 0x00, 0x62, 0xb5, 0x00, 0x00, 0x0e, 0x62, 0xda,
    0x01, 0x02, 0x00, 0x00, 0x00, 0x00, 0x00, 0x02, 0x00, 0x12, 0xef, 0x61, 0x00, 0x00, 0x0d, 0xcc, 0x65, 0x0a, 0x34, 0x39, 0xd8, 0x35, 0x09, 0xe0,
    0x19, 0x00, 0x4f, 0xc9, 0x00, 0x03, 0x08, 0x52, 0xa9, 0xc6, 0x86, 0x36, 0x00, 0x00, 0x00, 0x00, 0x00, 0x00, 0x05, 0x08, 0x1a, 0x1c, 0x4b, 0xea,
    0x4f, 0x41, 0x47, 0x39, 0xd7, 0x31, 0x00, 0x02, 0x00, 0x00, 0x00, 0x00, 0x01, 0x05, 0x7a, 0xd0, 0x5b, 0x64, 0x0e, 0x00, 0x28, 0xd4, 0xd1, 0xb9,
    0xdd, 0x64, 0x00, 0x18, 0xde, 0x19, 0x00, 0x51, 0xca, 0x00, 0x01, 0x28, 0xbd, 0x50, 0x00, 0x00, 0x00, 0x04, 0x13, 0x29, 0x28, 0x3d, 0x37, 0x4a,
    0x44, 0x4c, 0x3b, 0x35, 0xd1, 0x71, 0x11, 0x0d, 0x02, 0xc4, 0x56, 0x00, 0x03, 0x00, 0x00, 0x00, 0x01, 0x00, 0x10, 0x7f, 0x6d, 0x92, 0xb1, 0xc0,
    0x7b, 0x1d, 0x00, 0x4b, 0x52, 0x19, 0x00, 0x02, 0x16, 0xde, 0x16, 0x00, 0x4d, 0xc5, 0x00, 0x02, 0x01, 0x00, 0x15, 0x5c, 0x81, 0xa8, 0xb0, 0x8d,
    0x89, 0x79, 0x6a, 0x52, 0x5a, 0x43, 0x34, 0x34, 0x32, 0xce, 0x87, 0x36, 0x3a, 0x43, 0xe8, 0x22, 0x00, 0x02, 0x00, 0x00, 0x00, 0x00, 0x01, 0x00,
    0x12, 0x34, 0x00, 0x00, 0x56, 0xff, 0x65, 0x00, 0x00, 0x00, 0x00, 0x03, 0x02, 0x08, 0xd3, 0x3d, 0x00, 0x1e, 0xd4, 0x0f, 0x00, 0x0a, 0x8d, 0x7a,
    0x75, 0x63, 0x3c, 0x33, 0x23, 0x21, 0x23, 0x35, 0x2d, 0x2a, 0x2c, 0x37, 0x2a, 0x40, 0xe8, 0x40, 0x1b, 0x1a, 0x7f, 0xac, 0x01, 0x02, 0x00, 0x00,
    0x00, 0x00, 0x00, 0x02, 0x00, 0x86, 0xfc, 0x98, 0x70, 0xe7, 0x6a, 0x01, 0x0a, 0x00, 0x00, 0x00, 0x01, 0x02, 0x00, 0xa7, 0x70, 0x00, 0x05, 0xd1,
    0x3e, 0x00, 0x0c, 0x8a, 0x89, 0xb0, 0xba, 0xa8, 0xac, 0xb8, 0xc0, 0xba, 0x84, 0x89, 0x7d, 0x4f, 0x59, 0x58, 0x88, 0xe6, 0x6a, 0x6c, 0x77, 0xe1,
    0x15, 0x00, 0x01, 0x00, 0x00, 0x00, 0x00, 0x00, 0x00, 0x01, 0x00, 0x1e, 0xe7, 0xff, 0x3e, 0x00, 0x03, 0x55, 0x87, 0x2e, 0x06, 0x00, 0x06, 0x55,
    0xe5, 0xa9, 0x00, 0x00, 0xa3, 0x71, 0x00, 0x02, 0x00, 0x00, 0x00, 0x00, 0x00, 0x1c, 0x45, 0x51, 0x51, 0x56, 0x85, 0x92, 0x9b, 0xc8, 0xc7, 0xe7,
    0xca, 0xc3, 0xc1, 0xc3, 0x41, 0x00, 0x02, 0x00, 0x00, 0x00, 0x00, 0x00, 0x00, 0x00, 0x00, 0x02, 0x00, 0x13, 0xb5, 0xca, 0x3f, 0x00, 0x00, 0x3e,
    0x94, 0xa0, 0xac, 0xa1, 0xad, 0x4b, 0xe6, 0x20, 0x01, 0x52, 0xc6, 0x01, 0x03, 0x04, 0x04, 0x03, 0x02, 0x01, 0x00, 0x00, 0x00, 0x00, 0x00, 0x00,
    0x00, 0x00, 0x00, 0x00, 0x9b, 0x64, 0x00, 0x00, 0x00, 0x00, 0x01, 0x00, 0x00, 0x00, 0x00, 0x00, 0x00, 0x00, 0x00, 0x00, 0x00, 0x02, 0x00, 0x00,
    0x79, 0xdf, 0xa8, 0x37, 0x00, 0x00, 0x0e, 0x22, 0x11, 0x00, 0x00, 0xba, 0x81, 0x00, 0x05, 0xe1, 0x47, 0x00, 0x03, 0x00, 0x00, 0x00, 0x00, 0x01,
    0x03, 0x03, 0x03, 0x03, 0x04, 0x04, 0x04, 0x06, 0x02, 0x60, 0xda, 0x00, 0x04, 0x02, 0x02, 0x00, 0x00, 0x00, 0x00, 0x00, 0x00, 0x00, 0x00, 0x00,
    0x00, 0x00, 0x00, 0x01, 0x01, 0x00, 0x0e, 0x6b, 0xc6, 0xc8, 0x3a, 0x00, 0x00, 0x00, 0x00, 0x04, 0x4b, 0xee, 0x0c, 0x00, 0x6f, 0xc5, 0x00, 0x03,
    0x00, 0x00, 0x00, 0x00, 0x00, 0x00, 0x00, 0x00, 0x00, 0x00, 0x00, 0x00, 0x01, 0x01, 0x0d, 0xe2, 0x37, 0x00, 0x02, 0x00, 0x00, 0x00, 0x00, 0x00,
    0x00, 0x00, 0x00, 0x00, 0x00, 0x00, 0x00, 0x00, 0x00, 0x00, 0x03, 0x00, 0x00, 0x05, 0x89, 0xc7, 0xc1, 0x90, 0x73, 0x25, 0x00, 0x00, 0xa9, 0xac,
    0x00, 0x08, 0xe5, 0x79, 0x04, 0x06, 0x03, 0x03, 0x01, 0x01, 0x01, 0x01, 0x01, 0x01, 0x01, 0x01, 0x01, 0x02, 0x06, 0x01, 0xbb, 0x83, 0x00, 0x04,
    0x00, 0x00, 0x00, 0x00, 0x00, 0x00, 0x00, 0x00, 0x00, 0x00, 0x00, 0x00, 0x00, 0x00, 0x00, 0x00, 0x01, 0x04, 0x00, 0x00, 0x00, 0x35, 0x58, 0x9a,
    0xc9, 0xb7, 0x74, 0x5d, 0xff, 0x72, 0x00, 0x18, 0x18, 0x00, 0x00, 0x00, 0x00, 0x00, 0x00, 0x00, 0x00, 0x00, 0x00, 0x00, 0x00, 0x00, 0x00, 0x00,
    0x00, 0xdb, 0x31, 0x00, 0x02, 0x00, 0x00, 0x00, 0x00, 0x00, 0x00, 0x00, 0x00, 0x00, 0x00, 0x00, 0x00, 0x00, 0x00, 0x00, 0x00, 0x00, 0x00, 0x01,
    0x03, 0x00, 0x00, 0x00, 0x00, 0x06, 0x48, 0x8b, 0x93, 0xb6, 0xce, 0xb0, 0x92, 0x82, 0x87, 0x52, 0x46, 0x43, 0x1a, 0x15, 0x16, 0x12, 0x11, 0x15,
    0x15, 0x16, 0x18, 0x38, 0x60, 0xab, 0xc6, 0x05, 0x01, 0x00, 0x00, 0x00, 0x00, 0x00, 0x00, 0x00, 0x00, 0x00, 0x00, 0x00, 0x00, 0x00, 0x00, 0x00,
    0x00, 0x00, 0x00, 0x00, 0x00, 0x00, 0x00, 0x02, 0x03, 0x04, 0x00, 0x00, 0x00, 0x00, 0x00, 0x0d, 0x22, 0x53, 0x5a, 0xe4, 0xf9, 0xe9, 0xc2, 0xc5,
    0xdf, 0xdc, 0xe8, 0xed, 0xde, 0xde, 0xde, 0xd1, 0xbb, 0xac, 0x90, 0x1f, 0x00, 0x01, 0x00, 0x00, 0x00, 0x00, 0x00, 0x00, 0x00, 0x00, 0x00, 0x00,
    0x00, 0x00, 0x00, 0x00, 0x00, 0x00, 0x00, 0x00, 0x00, 0x00, 0x00, 0x00, 0x00, 0x00, 0x00, 0x01, 0x03, 0x04, 0x04, 0x02, 0x00, 0x00, 0x00, 0x00,
    0x20, 0xe1, 0xf1, 0x71, 0x01, 0x18, 0x1a, 0xea, 0x5a, 0x15, 0x17, 0x15, 0x0e, 0x00, 0x00, 0x00, 0x00, 0x00, 0x00, 0x00, 0x00, 0x00, 0x00, 0x00,
    0x00, 0x00, 0x00, 0x00, 0x00, 0x00, 0x00, 0x00, 0x00, 0x00, 0x00, 0x00, 0x00, 0x00, 0x00, 0x00, 0x00, 0x00, 0x00, 0x00, 0x00, 0x00, 0x00, 0x00,
    0x00, 0x01, 0x01, 0x03, 0x05, 0x00, 0x36, 0xef, 0xfa, 0x37, 0x00, 0x6b, 0xcb, 0x00, 0x00, 0x00, 0x00, 0x00, 0x02, 0x03, 0x04, 0x01, 0x00, 0x00,
    0x00, 0x00, 0x00, 0x00, 0x00, 0x00, 0x00, 0x00, 0x00, 0x00, 0x00, 0x00, 0x00, 0x00, 0x00, 0x00, 0x00, 0x00, 0x00, 0x00, 0x00, 0x00, 0x00, 0x00,
    0x00, 0x00, 0x00, 0x00, 0x00, 0x00, 0x00, 0x00, 0x00, 0x00, 0x04, 0x00, 0x50, 0xff, 0xdd, 0x0c, 0xd8, 0x58, 0x01, 0x05, 0x01, 0x01, 0x01, 0x00,
    0x00, 0x00, 0x00, 0x00, 0x00, 0x00, 0x00, 0x00, 0x00, 0x00, 0x00, 0x00, 0x00, 0x00, 0x00, 0x00, 0x00, 0x00, 0x00, 0x00, 0x00, 0x00, 0x00, 0x00,
    0x00, 0x00, 0x00, 0x00, 0x00, 0x00, 0x00, 0x00, 0x00, 0x00, 0x00, 0x00, 0x00, 0x00, 0x00, 0x00, 0x04, 0x00, 0x64, 0xff, 0xc5, 0xcf, 0x0b, 0x01,
    0x01, 0x00, 0x00, 0x00, 0x00, 0x00, 0x00, 0x00, 0x00, 0x00, 0x00, 0x00, 0x00, 0x00, 0x00, 0x00, 0x00, 0x00, 0x00, 0x00, 0x00, 0x00, 0x00, 0x00,
    0x00, 0x00, 0x00, 0x00, 0x00, 0x00, 0x00, 0x00, 0x00, 0x00, 0x00, 0x00, 0x00, 0x00, 0x00, 0x00, 0x00, 0x00, 0x00, 0x00, 0x00, 0x00, 0x04, 0x00,
    0x8a, 0xff, 0x5d, 0x00, 0x03, 0x00, 0x00, 0x00, 0x00, 0x00, 0x00, 0x00, 0x00, 0x00, 0x00, 0x00, 0x00, 0x00, 0x00, 0x00, 0x00, 0x00, 0x00, 0x00,
    0x00, 0x00, 0x00, 0x00, 0x00, 0x00, 0x00, 0x00, 0x00, 0x00, 0x00, 0x00, 0x00, 0x00, 0x00, 0x00, 0x00, 0x00, 0x00, 0x00, 0x00, 0x00, 0x00, 0x00,
    0x00, 0x00, 0x00, 0x01, 0x02, 0x00, 0x54, 0x08, 0x01, 0x01, 0x00, 0x00, 0x00, 0x00, 0x00, 0x00, 0x00, 0x00, 0x00, 0x00, 0x00, 0x00, 0x00, 0x00,
    0x00, 0x00, 0x00, 0x00, 0x00, 0x00, 0x00, 0x00, 0x00, 0x00, 0x00, 0x00, 0x00, 0x00, 0x00, 0x00, 0x00, 0x00, 0x00, 0x00, 0x00, 0x00, 0x00, 0x00,
    0x00, 0x00, 0x00, 0x00, 0x00, 0x00, 0x00, 0x00, 0x00, 0x00, 0x00, 0x00, 0x00, 0x00, 0x00, 0x00, 0x00, 0x00, 0x00, 0x00, 0x00, 0x00, 0x00, 0x00,
    0x00, 0x00, 0x00, 0x00, 0x00, 0x00, 0x00, 0x00, 0x00, 0x00, 0x00, 0x00, 0x00, 0x00, 0x00, 0x00, 0x00, 0x00, 0x00, 0x00, 0x00, 0x00, 0x00, 0x00,
    0x00, 0x00, 0x00, 0x00, 0x00, 0x00, 0x00, 0x00, 0x00, 0x00, 0x00, 0x00, 0x00, 0x00, 0x00, 0x00, 0x03, 0x01, 0x00, 0x00, 0x00, 0x00, 0x00, 0x00,
    0x00, 0x00, 0x00, 0x00, 0x00, 0x00, 0x00, 0x00, 0x00, 0x00, 0x00, 0x00, 0x00, 0x00, 0x00, 0x00, 0x00, 0x00, 0x00, 0x00, 0x00, 0x00, 0x00, 0x00,
    0x00, 0x00, 0x00, 0x00, 0x00, 0x00, 0x00, 0x00, 0x00, 0x00, 0x00, 0x00, 0x00, 0x00, 0x00, 0x00, 0x00, 0x00, 0x00, 0x00, 0x00, 0x00, 0x00, 0x00,
    0x00, 0x00, 0x00, 0x00, 0x00, 0x00, 0x00, 0x00, 0x00, 0x00, 0x00, 0x00, 0x00, 0x00, 0x00, 0x00, 0x00, 0x00, 0x00, 0x00, 0x00, 0x00, 0x00, 0x00,
    0x00, 0x00, 0x00, 0x00, 0x00, 0x00, 0x00, 0x00, 0x00, 0x00, 0x00, 0x00, 0x00, 0x00, 0x00, 0x00, 0x00, 0x00, 0x00, 0x00, 0x00, 0x00, 0x00, 0x00,
    0x00, 0x00, 0x00, 0x00, 0x00, 0x00, 0x00, 0x00, 0x00, 0x00, 0x00, 0x00, 0x00, 0x00, 0x00, 0x00, 0x00, 0x00, 0x00, 0x00, 0x00, 0x00, 0x00
};
static const uint8_t bp_fish_head_5[2279] = {
    0x00, 0x00, 0x00, 0x00, 0x00, 0x00, 0x00, 0x00, 0x00, 0x00, 0x00, 0x00, 0x00, 0x00, 0x00, 0x00, 0x00, 0x00, 0x00, 0x00, 0x00, 0x00, 0x00, 0x00,
    0x00, 0x00, 0x00, 0x00, 0x00, 0x00, 0x00, 0x00, 0x00, 0x00, 0x00, 0x00, 0x00, 0x00, 0x00, 0x00, 0x00, 0x00, 0x00, 0x00, 0x00, 0x00, 0x00, 0x00,
    0x00, 0x00, 0x00, 0x00, 0x00, 0x00, 0x00, 0x00, 0x00, 0x00, 0x00, 0x00, 0x00, 0x00, 0x00, 0x00, 0x00, 0x00, 0x00, 0x00, 0x00, 0x00, 0x00, 0x00,
    0x00, 0x00, 0x00, 0x00, 0x00, 0x00, 0x00, 0x00, 0x00, 0x00, 0x00, 0x02, 0x00, 0x00, 0x03, 0x01, 0x00, 0x00, 0x00, 0x00, 0x00, 0x00, 0x00, 0x00,
    0x00, 0x00, 0x00, 0x00, 0x00, 0x00, 0x00, 0x00, 0x00, 0x00, 0x00, 0x00, 0x00, 0x00, 0x00, 0x00, 0x00, 0x00, 0x00, 0x00, 0x00, 0x00, 0x00, 0x00,
    0x00, 0x00, 0x00, 0x00, 0x00, 0x00, 0x00, 0x00, 0x00, 0x00, 0x00, 0x00, 0x00, 0x00, 0x00, 0x00, 0x00, 0x02, 0x00, 0x00, 0x00, 0x00, 0x01, 0x01,
    0x00, 0x00, 0x00, 0x00, 0x00, 0x00, 0x00, 0x00, 0x00, 0x00, 0x00, 0x00, 0x00, 0x00, 0x00, 0x00, 0x00, 0x00, 0x00, 0x00, 0x00, 0x00, 0x00, 0x00,
    0x00, 0x00, 0x00, 0x00, 0x00, 0x00, 0x00, 0x00, 0x00, 0x00, 0x00, 0x00, 0x00, 0x00, 0x00, 0x00, 0x00, 0x00, 0x00, 0x00, 0x01, 0x1a, 0x00, 0x00,
    0x4c, 0x13, 0x01, 0x00, 0x00, 0x00, 0x03, 0x01, 0x00, 0x00, 0x00, 0x00, 0x00, 0x00, 0x00, 0x00, 0x00, 0x00, 0x00, 0x00, 0x00, 0x00, 0x00, 0x00,
    0x00, 0x00, 0x00, 0x00, 0x00, 0x00, 0x00, 0x00, 0x00, 0x00, 0x00, 0x00, 0x00, 0x00, 0x00, 0x00, 0x00, 0x00, 0x00, 0x00, 0x00, 0x00, 0x00, 0x03,
    0x01, 0x57, 0xfc, 0x5e, 0x27, 0xff, 0xb6, 0x00, 0x1b, 0x0c, 0x01, 0x00, 0x00, 0x00, 0x00, 0x00, 0x00, 0x00, 0x00, 0x00, 0x00, 0x00, 0x00, 0x00,
    0x00, 0x00, 0x00, 0x00, 0x00, 0x00, 0x00, 0x00, 0x00, 0x00, 0x00, 0x00, 0x00, 0x00, 0x00, 0x00, 0x00, 0x00, 0x00, 0x00, 0x00, 0x00, 0x00, 0x00,
    0x00, 0x00, 0x00, 0x00, 0x03, 0x00, 0xc2, 0x87, 0xb1, 0xda, 0x87, 0x9b, 0xb0, 0xec, 0xb7, 0x00, 0x4c, 0x10, 0x02, 0x04, 0x00, 0x00, 0x00, 0x00,
    0x00, 0x00, 0x00, 0x00, 0x00, 0x00, 0x00, 0x00, 0x00, 0x00, 0x00, 0x00, 0x00, 0x00, 0x00, 0x00, 0x00, 0x00, 0x00, 0x00, 0x00, 0x00, 0x00, 0x00,
    0x00, 0x00, 0x00, 0x00, 0x00, 0x00, 0x00, 0x00, 0x01, 0x00, 0x1a, 0xec, 0x0c, 0x0c, 0xff, 0x33, 0x00, 0xd3, 0xc4, 0xa3, 0xa3, 0xff, 0x9b, 0x00,
    0x00, 0x00, 0x00, 0x00, 0x00, 0x00, 0x00, 0x00, 0x00, 0x00, 0x00, 0x00, 0x00, 0x00, 0x00, 0x00, 0x00, 0x00, 0x00, 0x00, 0x00, 0x00, 0x00, 0x00,
    0x00, 0x00, 0x00, 0x00, 0x00, 0x00, 0x00, 0x00, 0x00, 0x00, 0x00, 0x00, 0x00, 0x04, 0x00, 0x74, 0xc6, 0x01, 0x4b, 0xd8, 0x0a, 0x00, 0xbe, 0x5e,
    0x03, 0xff, 0x88, 0xc6, 0x5b, 0x4f, 0x0f, 0x00, 0x01, 0x00, 0x00, 0x00, 0x00, 0x00, 0x00, 0x00, 0x00, 0x00, 0x00, 0x00, 0x00, 0x00, 0x00, 0x00,
    0x00, 0x00, 0x00, 0x00, 0x00, 0x00, 0x00, 0x00, 0x00, 0x00, 0x00, 0x00, 0x00, 0x00, 0x00, 0x00, 0x00, 0x01, 0x04, 0x02, 0xd7, 0x5f, 0x00, 0xb9,
    0x8c, 0x02, 0x36, 0xf1, 0x0f, 0x0b, 0xe2, 0x1e, 0x28, 0xf1, 0xf6, 0x18, 0x01, 0x01, 0x00, 0x00, 0x00, 0x00, 0x00, 0x00, 0x00, 0x00, 0x00, 0x00,
    0x00, 0x00, 0x00, 0x00, 0x00, 0x00, 0x00, 0x00, 0x00, 0x00, 0x00, 0x00, 0x00, 0x00, 0x00, 0x00, 0x00, 0x01, 0x03, 0x03, 0x02, 0x00, 0x00, 0x00,
    0x24, 0xe0, 0x00, 0x02, 0xe1, 0x1f, 0x00, 0x9c, 0x87, 0x00, 0x57, 0xd4, 0x00, 0x00, 0xf0, 0x76, 0x00, 0x03, 0x00, 0x00, 0x00, 0x00, 0x00, 0x00,
    0x00, 0x00, 0x00, 0x00, 0x00, 0x00, 0x00, 0x00, 0x00, 0x00, 0x00, 0x00, 0x00, 0x00, 0x00, 0x00, 0x00, 0x00, 0x00, 0x02, 0x03, 0x03, 0x00, 0x00,
    0x00, 0x00, 0x02, 0x24, 0x37, 0xae, 0xda, 0x4e, 0x88, 0xef, 0x50, 0x59, 0xf9, 0x75, 0x4f, 0xdd, 0x83, 0x14, 0x93, 0xcf, 0x00, 0x00, 0x01, 0x00,
    0x00, 0x00, 0x00, 0x00, 0x00, 0x00, 0x00, 0x00, 0x00, 0x00, 0x00, 0x00, 0x00, 0x00, 0x00, 0x00, 0x00, 0x00, 0x00, 0x00, 0x00, 0x01, 0x03, 0x01,
    0x00, 0x00, 0x00, 0x14, 0x51, 0xa3, 0xb4, 0xb6, 0xa0, 0xb8, 0xc6, 0xbe, 0xca, 0xc7, 0xbe, 0xc9, 0xc9, 0xbf, 0xc5, 0xc9, 0xc5, 0xd9, 0xdd, 0xf5,
    0xe1, 0x9f, 0x3f, 0x00, 0x01, 0x00, 0x00, 0x00, 0x00, 0x00, 0x00, 0x00, 0x00, 0x00, 0x00, 0x00, 0x00, 0x00, 0x00, 0x00, 0x00, 0x00, 0x00, 0x00,
    0x01, 0x03, 0x00, 0x00, 0x00, 0x27, 0x63, 0xa8, 0xc2, 0xff, 0xc2, 0x2b, 0x27, 0x7b, 0x05, 0x00, 0x00, 0x00, 0x00, 0x00, 0x00, 0x00, 0x00, 0x00,
    0x00, 0x00, 0x14, 0x15, 0x14, 0x45, 0x91, 0xdc, 0x07, 0x01, 0x00, 0x00, 0x00, 0x00, 0x00, 0x00, 0x00, 0x00, 0x00, 0x00, 0x00, 0x00, 0x00, 0x00,
    0x00, 0x00, 0x00, 0x00, 0x02, 0x00, 0x00, 0x0a, 0x73, 0xba, 0xbd, 0x9b, 0x4d, 0x70, 0xe3, 0x10, 0x00, 0x83, 0xd8, 0x0c, 0x04, 0x03, 0x02, 0x02,
    0x02, 0x02, 0x02, 0x02, 0x02, 0x02, 0x02, 0x00, 0x00, 0x00, 0x00, 0x00, 0xd8, 0x2d, 0x00, 0x02, 0x00, 0x00, 0x00, 0x00, 0x00, 0x00, 0x00, 0x00,
    0x00, 0x00, 0x00, 0x00, 0x00, 0x00, 0x00, 0x00, 0x04, 0x00, 0x03, 0x5f, 0xbc, 0x9d, 0x3c, 0x01, 0x00, 0x00, 0xdc, 0x51, 0x00, 0x10, 0xe2, 0x20,
    0x00, 0x02, 0x00, 0x00, 0x00, 0x00, 0x00, 0x00, 0x00, 0x00, 0x00, 0x00, 0x01, 0x01, 0x01, 0x06, 0x02, 0xa7, 0x7b, 0x00, 0x04, 0x00, 0x00, 0x00,
    0x00, 0x00, 0x00, 0x00, 0x00, 0x00, 0x00, 0x00, 0x00, 0x00, 0x00, 0x01, 0x02, 0x00, 0x36, 0xc8, 0xff, 0xa1, 0x2c, 0x00, 0x01, 0x03, 0x22, 0xdd,
    0x0b, 0x02, 0x43, 0xcf, 0x02, 0x02, 0x00, 0x00, 0x00, 0x00, 0x00, 0x00, 0x00, 0x00, 0x00, 0x00, 0x01, 0x01, 0x01, 0x01, 0x04, 0x02, 0xc4, 0x71,
    0x01, 0x04, 0x00, 0x00, 0x00, 0x00, 0x00, 0x00, 0x00, 0x00, 0x00, 0x00, 0x00, 0x00, 0x00, 0x02, 0x00, 0x00, 0x89, 0xfe, 0xff, 0xb0, 0x92, 0xda,
    0x98, 0x03, 0x00, 0x77, 0xbd, 0x01, 0x00, 0xaa, 0x76, 0x00, 0x04, 0x00, 0x00, 0x00, 0x00, 0x00, 0x01, 0x03, 0x04, 0x04, 0x02, 0x00, 0x00, 0x00,
    0x00, 0x00, 0x28, 0xe9, 0x05, 0x00, 0x03, 0x04, 0x02, 0x00, 0x00, 0x00, 0x00, 0x00, 0x00, 0x00, 0x00, 0x00, 0x00, 0x03, 0x00, 0x10, 0xcb, 0xcf,
    0xd8, 0x56, 0x06, 0x6a, 0x10, 0xd4, 0x62, 0x00, 0xce, 0x60, 0x00, 0x08, 0xd3, 0x22, 0x00, 0x02, 0x00, 0x00, 0x01, 0x04, 0x00, 0x00, 0x00, 0x00,
    0x00, 0x00, 0x0e, 0x15, 0x15, 0x20, 0x27, 0x99, 0xb7, 0x14, 0x0a, 0x00, 0x00, 0x00, 0x00, 0x00, 0x00, 0x00, 0x00, 0x00, 0x00, 0x00, 0x00, 0x02,
    0x00, 0x12, 0xdb, 0x85, 0x41, 0xc5, 0x00, 0xb5, 0xff, 0xa0, 0x45, 0xce, 0x06, 0xda, 0x23, 0x00, 0x35, 0xd4, 0x09, 0x01, 0x01, 0x03, 0x03, 0x00,
    0x00, 0x00, 0x1d, 0x45, 0x71, 0x8f, 0xaf, 0xd2, 0xde, 0xde, 0xbb, 0xb3, 0xf2, 0xe8, 0xdf, 0xc8, 0xab, 0x8a, 0x32, 0x00, 0x02, 0x00, 0x00, 0x00,
    0x00, 0x00, 0x00, 0x02, 0x02, 0x17, 0xe0, 0x7c, 0x00, 0x43, 0xe5, 0x00, 0x92, 0xfe, 0x6f, 0x63, 0xb9, 0x04, 0xe1, 0x16, 0x00, 0x54, 0xc7, 0x00,
    0x02, 0x00, 0x00, 0x00, 0x25, 0x72, 0xb8, 0xba, 0xa4, 0x80, 0x57, 0x2d, 0x19, 0x17, 0x14, 0x02, 0x00, 0x7e, 0xb7, 0x0c, 0x14, 0x31, 0x86, 0xd4,
    0x01, 0x02, 0x00, 0x00, 0x00, 0x00, 0x00, 0x01, 0x00, 0x00, 0xc2, 0x62, 0x00, 0x00, 0x09, 0xce, 0x85, 0x1c, 0x50, 0x3e, 0xf0, 0x35, 0x09, 0xe0,
    0x19, 0x00, 0x4f, 0xc9, 0x00, 0x03, 0x08, 0x52, 0xa9, 0xcb, 0x9d, 0x3c, 0x00, 0x00, 0x00, 0x00, 0x00, 0x00, 0x00, 0x00, 0x0b, 0x16, 0x4a, 0xdd,
    0x2a, 0x39, 0x37, 0x3f, 0xe1, 0x22, 0x00, 0x02, 0x00, 0x00, 0x00, 0x01, 0x01, 0x0a, 0x96, 0xd2, 0x8e, 0x97, 0x35, 0x00, 0x0e, 0xb5, 0xde, 0xd0,
    0xde, 0x41, 0x00, 0x17, 0xde, 0x19, 0x00, 0x51, 0xc8, 0x00, 0x01, 0x29, 0xbd, 0x50, 0x00, 0x00, 0x00, 0x02, 0x13, 0x17, 0x2f, 0x2b, 0x40, 0x3a,
    0x4a, 0x3a, 0x44, 0x2c, 0xde, 0x5f, 0x18, 0x0c, 0x03, 0xc4, 0x56, 0x00, 0x03, 0x00, 0x00, 0x00, 0x01, 0x00, 0x0d, 0x4b, 0x35, 0x56, 0x83, 0xbb,
    0xba, 0x20, 0x00, 0x17, 0x18, 0x0a, 0x00, 0x01, 0x16, 0xde, 0x16, 0x00, 0x4d, 0xcb, 0x01, 0x02, 0x00, 0x00, 0x15, 0x61, 0x7b, 0xad, 0xa3, 0x90,
    0x90, 0x77, 0x66, 0x5e, 0x47, 0x3c, 0x36, 0x30, 0x2d, 0xc6, 0x8f, 0x32, 0x3a, 0x3a, 0xdd, 0x32, 0x00, 0x02, 0x00, 0x00, 0x00, 0x00, 0x02, 0x00,
    0x3a, 0x78, 0x00, 0x00, 0x88, 0xda, 0x1b, 0x00, 0x00, 0x00, 0x00, 0x04, 0x02, 0x08, 0xd3, 0x3d, 0x00, 0x1a, 0xd8, 0x14, 0x00, 0x26, 0x94, 0x78,
    0x5d, 0x3c, 0x3e, 0x33, 0x22, 0x23, 0x30, 0x28, 0x2d, 0x32, 0x35, 0x37, 0x43, 0x3a, 0xe7, 0x5b, 0x1f, 0x18, 0x5c, 0xcf, 0x04, 0x02, 0x00, 0x00,
    0x00, 0x00, 0x00, 0x02, 0x01, 0x6a, 0xda, 0xd2, 0xbc, 0xa5, 0x04, 0x00, 0x1a, 0x00, 0x00, 0x00, 0x00, 0x00, 0x00, 0xa7, 0x73, 0x00, 0x01, 0xc6,
    0x42, 0x00, 0x28, 0x93, 0x88, 0xa2, 0xbd, 0xd5, 0xae, 0xb9, 0xb0, 0x84, 0x8d, 0x6d, 0x54, 0x56, 0x56, 0x3e, 0x67, 0xd6, 0x40, 0x45, 0x6b, 0xf1,
    0x2d, 0x00, 0x02, 0x00, 0x00, 0x00, 0x00, 0x00, 0x00, 0x01, 0x00, 0x00, 0xac, 0xff, 0x0f, 0x00, 0x01, 0x84, 0xbf, 0x3b, 0x20, 0x21, 0x1f, 0x57,
    0xe3, 0x95, 0x01, 0x00, 0xa7, 0x80, 0x00, 0x00, 0x00, 0x00, 0x00, 0x08, 0x17, 0x1e, 0x45, 0x53, 0x66, 0x95, 0x90, 0xa9, 0xc7, 0xc7, 0xad, 0xd9,
    0xec, 0xd4, 0xd0, 0xad, 0x4a, 0x00, 0x02, 0x00, 0x00, 0x00, 0x00, 0x00, 0x00, 0x00, 0x00, 0x03, 0x02, 0x00, 0x7f, 0xef, 0x66, 0x00, 0x00, 0x4b,
    0x81, 0xae, 0xad, 0xaa, 0x71, 0x72, 0xd2, 0x00, 0x01, 0x50, 0xc5, 0x01, 0x04, 0x04, 0x04, 0x02, 0x00, 0x00, 0x00, 0x00, 0x00, 0x00, 0x00, 0x00,
    0x00, 0x00, 0x00, 0x00, 0xa0, 0x61, 0x17, 0x18, 0x00, 0x00, 0x01, 0x00, 0x00, 0x00, 0x00, 0x00, 0x00, 0x00, 0x00, 0x00, 0x00, 0x01, 0x02, 0x00,
    0x4d, 0xc3, 0xca, 0x61, 0x00, 0x00, 0x00, 0x00, 0x00, 0x00, 0x03, 0xe5, 0x5f, 0x00, 0x04, 0xe1, 0x47, 0x00, 0x03, 0x00, 0x00, 0x01, 0x01, 0x01,
    0x03, 0x03, 0x03, 0x04, 0x04, 0x03, 0x02, 0x06, 0x01, 0x8b, 0xad, 0x00, 0x00, 0x01, 0x03, 0x00, 0x00, 0x00, 0x00, 0x00, 0x00, 0x00, 0x00, 0x00,
    0x00, 0x00, 0x00, 0x00, 0x03, 0x00, 0x00, 0x54, 0xd9, 0xb9, 0x74, 0x26, 0x00, 0x00, 0x02, 0x01, 0x4c, 0xfb, 0x23, 0x00, 0x70, 0xc5, 0x00, 0x03,
    0x00, 0x00, 0x00, 0x00, 0x00, 0x00, 0x00, 0x00, 0x00, 0x00, 0x00, 0x00, 0x03, 0x00, 0x3a, 0xdf, 0x08, 0x02, 0x01, 0x00, 0x00, 0x00, 0x00, 0x00,
    0x00, 0x00, 0x00, 0x00, 0x00, 0x00, 0x00, 0x00, 0x00, 0x00, 0x03, 0x02, 0x00, 0x01, 0x3a, 0x9a, 0xc8, 0xa8, 0x5e, 0x14, 0x00, 0x00, 0x9f, 0xbc,
    0x01, 0x08, 0xe5, 0x79, 0x04, 0x06, 0x03, 0x02, 0x01, 0x01, 0x01, 0x01, 0x01, 0x01, 0x01, 0x01, 0x01, 0x02, 0x03, 0x08, 0xe5, 0x3b, 0x00, 0x02,
    0x00, 0x00, 0x00, 0x00, 0x00, 0x00, 0x00, 0x00, 0x00, 0x00, 0x00, 0x00, 0x00, 0x00, 0x00, 0x00, 0x00, 0x03, 0x00, 0x00, 0x00, 0x07, 0x54, 0xaa,
    0xc5, 0xad, 0xab, 0x68, 0xf8, 0x48, 0x00, 0x18, 0x18, 0x00, 0x00, 0x00, 0x00, 0x00, 0x00, 0x00, 0x00, 0x00, 0x00, 0x00, 0x00, 0x00, 0x00, 0x00,
    0x24, 0xeb, 0x14, 0x01, 0x01, 0x00, 0x00, 0x00, 0x00, 0x00, 0x00, 0x00, 0x00, 0x00, 0x00, 0x00, 0x00, 0x00, 0x00, 0x00, 0x00, 0x00, 0x00, 0x01,
    0x02, 0x04, 0x00, 0x00, 0x00, 0x11, 0x22, 0x5f, 0xa6, 0xb2, 0xbc, 0xb0, 0x92, 0x83, 0x80, 0x59, 0x46, 0x37, 0x1a, 0x16, 0x16, 0x10, 0x13, 0x15,
    0x15, 0x15, 0x15, 0x1c, 0x45, 0xa7, 0x95, 0x00, 0x02, 0x00, 0x00, 0x00, 0x00, 0x00, 0x00, 0x00, 0x00, 0x00, 0x00, 0x00, 0x00, 0x00, 0x00, 0x00,
    0x00, 0x00, 0x00, 0x00, 0x00, 0x00, 0x00, 0x01, 0x03, 0x03, 0x00, 0x00, 0x00, 0x00, 0x00, 0x11, 0x22, 0x52, 0x69, 0xff, 0xc2, 0xe8, 0xbe, 0xc5,
    0xde, 0xd9, 0xef, 0xe6, 0xde, 0xde, 0xdd, 0xde, 0xc5, 0xc3, 0x8c, 0x02, 0x01, 0x00, 0x00, 0x00, 0x00, 0x00, 0x00, 0x00, 0x00, 0x00, 0x00, 0x00,
    0x00, 0x00, 0x00, 0x00, 0x00, 0x00, 0x00, 0x00, 0x00, 0x00, 0x00, 0x00, 0x00, 0x00, 0x00, 0x01, 0x01, 0x03, 0x03, 0x02, 0x00, 0x00, 0x00, 0x00,
    0x62, 0xdd, 0xc5, 0x71, 0x02, 0x16, 0x42, 0xef, 0x2b, 0x15, 0x16, 0x14, 0x15, 0x07, 0x00, 0x00, 0x00, 0x00, 0x00, 0x00, 0x00, 0x00, 0x00, 0x00,
    0x00, 0x00, 0x00, 0x00, 0x00, 0x00, 0x00, 0x00, 0x00, 0x00, 0x00, 0x00, 0x00, 0x00, 0x00, 0x00, 0x00, 0x00, 0x00, 0x00, 0x00, 0x00, 0x00, 0x00,
    0x00, 0x01, 0x01, 0x03, 0x06, 0x00, 0x89, 0xfa, 0xe6, 0x27, 0x00, 0x9c, 0x9f, 0x00, 0x00, 0x00, 0x00, 0x00, 0x00, 0x02, 0x03, 0x00, 0x00, 0x00,
    0x00, 0x00, 0x00, 0x00, 0x00, 0x00, 0x00, 0x00, 0x00, 0x00, 0x00, 0x00, 0x00, 0x00, 0x00, 0x00, 0x00, 0x00, 0x00, 0x00, 0x00, 0x00, 0x00, 0x00,
    0x00, 0x00, 0x00, 0x00, 0x00, 0x00, 0x00, 0x00, 0x00, 0x00, 0x04, 0x00, 0x9a, 0xff, 0xb1, 0x12, 0xed, 0x2e, 0x02, 0x03, 0x01, 0x01, 0x01, 0x01,
    0x00, 0x00, 0x00, 0x00, 0x00, 0x00, 0x00, 0x00, 0x00, 0x00, 0x00, 0x00, 0x00, 0x00, 0x00, 0x00, 0x00, 0x00, 0x00, 0x00, 0x00, 0x00, 0x00, 0x00,
    0x00, 0x00, 0x00, 0x00, 0x00, 0x00, 0x00, 0x00, 0x00, 0x00, 0x00, 0x00, 0x00, 0x00, 0x00, 0x01, 0x02, 0x00, 0xc7, 0xfe, 0xca, 0xab, 0x00, 0x03,
    0x00, 0x00, 0x00, 0x00, 0x00, 0x00, 0x00, 0x00, 0x00, 0x00, 0x00, 0x00, 0x00, 0x00, 0x00, 0x00, 0x00, 0x00, 0x00, 0x00, 0x00, 0x00, 0x00, 0x00,
    0x00, 0x00, 0x00, 0x00, 0x00, 0x00, 0x00, 0x00, 0x00, 0x00, 0x00, 0x00, 0x00, 0x00, 0x00, 0x00, 0x00, 0x00, 0x00, 0x00, 0x00, 0x02, 0x02, 0x12,
    0xdf, 0xff, 0x3d, 0x01, 0x03, 0x00, 0x00, 0x00, 0x00, 0x00, 0x00, 0x00, 0x00, 0x00, 0x00, 0x00, 0x00, 0x00, 0x00, 0x00, 0x00, 0x00, 0x00, 0x00,
    0x00, 0x00, 0x00, 0x00, 0x00, 0x00, 0x00, 0x00, 0x00, 0x00, 0x00, 0x00, 0x00, 0x00, 0x00, 0x00, 0x00, 0x00, 0x00, 0x00, 0x00, 0x00, 0x00, 0x00,
    0x00, 0x00, 0x00, 0x03, 0x00, 0x3a, 0x8b, 0x00, 0x01, 0x00, 0x00, 0x00, 0x00, 0x00, 0x00, 0x00, 0x00, 0x00, 0x00, 0x00, 0x00, 0x00, 0x00, 0x00,
    0x00, 0x00, 0x00, 0x00, 0x00, 0x00, 0x00, 0x00, 0x00, 0x00, 0x00, 0x00, 0x00, 0x00, 0x00, 0x00, 0x00, 0x00, 0x00, 0x00, 0x00, 0x00, 0x00, 0x00,
    0x00, 0x00, 0x00, 0x00, 0x00, 0x00, 0x00, 0x00, 0x00, 0x01, 0x00, 0x00, 0x01, 0x00, 0x00, 0x00, 0x00, 0x00, 0x00, 0x00, 0x00, 0x00, 0x00, 0x00,
    0x00, 0x00, 0x00, 0x00, 0x00, 0x00, 0x00, 0x00, 0x00, 0x00, 0x00, 0x00, 0x00, 0x00, 0x00, 0x00, 0x00, 0x00, 0x00, 0x00, 0x00, 0x00, 0x00, 0x00,
    0x00, 0x00, 0x00, 0x00, 0x00, 0x00, 0x00, 0x00, 0x00, 0x00, 0x00, 0x00, 0x00, 0x00, 0x00, 0x02, 0x03, 0x00, 0x00, 0x00, 0x00, 0x00, 0x00, 0x00,
    0x00, 0x00, 0x00, 0x00, 0x00, 0x00, 0x00, 0x00, 0x00, 0x00, 0x00, 0x00, 0x00, 0x00, 0x00, 0x00, 0x00, 0x00, 0x00, 0x00, 0x00, 0x00, 0x00, 0x00,
    0x00, 0x00, 0x00, 0x00, 0x00, 0x00, 0x00, 0x00, 0x00, 0x00, 0x00, 0x00, 0x00, 0x00, 0x00, 0x00, 0x00, 0x00, 0x00, 0x00, 0x00, 0x00, 0x00, 0x00,
    0x00, 0x00, 0x00, 0x00, 0x00, 0x00, 0x00, 0x00, 0x00, 0x00, 0x00, 0x00, 0x00, 0x00, 0x00, 0x00, 0x00, 0x00, 0x00, 0x00, 0x00, 0x00, 0x00, 0x00,
    0x00, 0x00, 0x00, 0x00, 0x00, 0x00, 0x00, 0x00, 0x00, 0x00, 0x00, 0x00, 0x00, 0x00, 0x00, 0x00, 0x00, 0x00, 0x00, 0x00, 0x00, 0x00, 0x00, 0x00,
    0x00, 0x00, 0x00, 0x00, 0x00, 0x00, 0x00, 0x00, 0x00, 0x00, 0x00, 0x00, 0x00, 0x00, 0x00, 0x00, 0x00, 0x00, 0x00, 0x00, 0x00, 0x00, 0x00
};
static const uint8_t bp_fish_head_6[2279] = {
    0x00, 0x00, 0x00, 0x00, 0x00, 0x00, 0x00, 0x00, 0x00, 0x00, 0x00, 0x00, 0x00, 0x00, 0x00, 0x00, 0x00, 0x00, 0x00, 0x00, 0x00, 0x00, 0x00, 0x00,
    0x00, 0x00, 0x00, 0x00, 0x00, 0x00, 0x00, 0x00, 0x00, 0x00, 0x00, 0x00, 0x00, 0x00, 0x00, 0x00, 0x00, 0x00, 0x00, 0x00, 0x00, 0x00, 0x00, 0x00,
    0x00, 0x00, 0x00, 0x00, 0x00, 0x00, 0x00, 0x00, 0x00, 0x00, 0x00, 0x00, 0x00, 0x00, 0x00, 0x00, 0x00, 0x00, 0x00, 0x00, 0x00, 0x00, 0x00, 0x00,
    0x00, 0x00, 0x00, 0x00, 0x00, 0x00, 0x00, 0x00, 0x00, 0x00, 0x00, 0x00, 0x00, 0x00, 0x03, 0x02, 0x00, 0x00, 0x00, 0x00, 0x00, 0x00, 0x00, 0x00,
    0x00, 0x00, 0x00, 0x00, 0x00, 0x00, 0x00, 0x00, 0x00, 0x00, 0x00, 0x00, 0x00, 0x00, 0x00, 0x00, 0x00, 0x00, 0x00, 0x00, 0x00, 0x00, 0x00, 0x00,
    0x00, 0x00, 0x00, 0x00, 0x00, 0x00, 0x00, 0x00, 0x00, 0x00, 0x00, 0x00, 0x00, 0x00, 0x00, 0x01, 0x01, 0x02, 0x01, 0x00, 0x00, 0x00, 0x01, 0x01,
    0x00, 0x00, 0x00, 0x00, 0x00, 0x00, 0x00, 0x00, 0x00, 0x00, 0x00, 0x00, 0x00, 0x00, 0x00, 0x00, 0x00, 0x00, 0x00, 0x00, 0x00, 0x00, 0x00, 0x00,
    0x00, 0x00, 0x00, 0x00, 0x00, 0x00, 0x00, 0x00, 0x00, 0x00, 0x00, 0x00, 0x00, 0x00, 0x00, 0x00, 0x00, 0x00, 0x00, 0x00, 0x00, 0x00, 0x00, 0x00,
    0x3b, 0x29, 0x01, 0x00, 0x00, 0x00, 0x01, 0x01, 0x00, 0x00, 0x00, 0x00, 0x00, 0x00, 0x00, 0x00, 0x00, 0x00, 0x00, 0x00, 0x00, 0x00, 0x00, 0x00,
    0x00, 0x00, 0x00, 0x00, 0x00, 0x00, 0x00, 0x00, 0x00, 0x00, 0x00, 0x00, 0x00, 0x00, 0x00, 0x00, 0x00, 0x00, 0x00, 0x00, 0x00, 0x00, 0x00, 0x01,
    0x01, 0x11, 0xcc, 0x75, 0x0e, 0xf9, 0xd7, 0x00, 0x1b, 0x0c, 0x03, 0x00, 0x00, 0x00, 0x00, 0x00, 0x00, 0x00, 0x00, 0x00, 0x00, 0x00, 0x00, 0x00,
    0x00, 0x00, 0x00, 0x00, 0x00, 0x00, 0x00, 0x00, 0x00, 0x00, 0x00, 0x00, 0x00, 0x00, 0x00, 0x00, 0x00, 0x00, 0x00, 0x00, 0x00, 0x00, 0x00, 0x00,
    0x00, 0x00, 0x00, 0x00, 0x04, 0x00, 0x6b, 0xd7, 0x9d, 0xd6, 0xa3, 0xa0, 0x92, 0xe7, 0xba, 0x00, 0x1c, 0x0e, 0x02, 0x02, 0x00, 0x00, 0x00, 0x00,
    0x00, 0x00, 0x00, 0x00, 0x00, 0x00, 0x00, 0x00, 0x00, 0x00, 0x00, 0x00, 0x00, 0x00, 0x00, 0x00, 0x00, 0x00, 0x00, 0x00, 0x00, 0x00, 0x00, 0x00,
    0x00, 0x00, 0x00, 0x00, 0x00, 0x00, 0x00, 0x00, 0x00, 0x02, 0x01, 0xcb, 0x51, 0x00, 0xed, 0x5d, 0x08, 0xf8, 0xc0, 0xaa, 0x85, 0xeb, 0xab, 0x00,
    0x00, 0x00, 0x00, 0x00, 0x00, 0x00, 0x00, 0x00, 0x00, 0x00, 0x00, 0x00, 0x00, 0x00, 0x00, 0x00, 0x00, 0x00, 0x00, 0x00, 0x00, 0x00, 0x00, 0x00,
    0x00, 0x00, 0x00, 0x00, 0x00, 0x00, 0x00, 0x00, 0x00, 0x00, 0x00, 0x00, 0x00, 0x02, 0x00, 0x2c, 0xea, 0x09, 0x27, 0xe4, 0x10, 0x00, 0xc9, 0x5e,
    0x05, 0xf9, 0xc9, 0xc6, 0x3c, 0x0d, 0x09, 0x00, 0x00, 0x00, 0x00, 0x00, 0x00, 0x00, 0x00, 0x00, 0x00, 0x00, 0x00, 0x00, 0x00, 0x00, 0x00, 0x00,
    0x00, 0x00, 0x00, 0x00, 0x00, 0x00, 0x00, 0x00, 0x00, 0x00, 0x00, 0x00, 0x00, 0x00, 0x00, 0x00, 0x00, 0x01, 0x05, 0x02, 0x87, 0xbb, 0x01, 0x96,
    0xb2, 0x02, 0x35, 0xee, 0x12, 0x00, 0xcc, 0x55, 0x34, 0xe4, 0xd3, 0x20, 0x00, 0x01, 0x00, 0x00, 0x00, 0x00, 0x00, 0x00, 0x00, 0x00, 0x00, 0x00,
    0x00, 0x00, 0x00, 0x00, 0x00, 0x00, 0x00, 0x00, 0x00, 0x00, 0x00, 0x00, 0x00, 0x00, 0x00, 0x00, 0x01, 0x01, 0x03, 0x04, 0x02, 0x01, 0x00, 0x00,
    0x00, 0xcc, 0x3b, 0x00, 0xe0, 0x32, 0x00, 0x9d, 0x87, 0x00, 0x41, 0xe3, 0x08, 0x00, 0xd0, 0xba, 0x01, 0x03, 0x00, 0x00, 0x00, 0x00, 0x00, 0x00,
    0x00, 0x00, 0x00, 0x00, 0x00, 0x00, 0x00, 0x00, 0x00, 0x00, 0x00, 0x00, 0x00, 0x00, 0x00, 0x00, 0x00, 0x00, 0x00, 0x03, 0x04, 0x00, 0x00, 0x00,
    0x00, 0x00, 0x00, 0x1f, 0x2b, 0x7a, 0xf8, 0x4d, 0x77, 0xf8, 0x54, 0x57, 0xf8, 0x76, 0x24, 0xb4, 0x9e, 0x02, 0x12, 0xd8, 0x14, 0x00, 0x02, 0x00,
    0x00, 0x00, 0x00, 0x00, 0x00, 0x00, 0x00, 0x00, 0x00, 0x00, 0x00, 0x00, 0x00, 0x00, 0x00, 0x00, 0x00, 0x00, 0x00, 0x00, 0x00, 0x01, 0x04, 0x01,
    0x00, 0x00, 0x09, 0x1f, 0x4b, 0x97, 0xb3, 0xb1, 0xa7, 0xb1, 0xc9, 0xbd, 0xca, 0xc9, 0xbd, 0xc9, 0xca, 0xbf, 0xc5, 0xcb, 0xee, 0xdd, 0xc9, 0xdd,
    0xf4, 0x88, 0x28, 0x00, 0x01, 0x00, 0x00, 0x00, 0x00, 0x00, 0x00, 0x00, 0x00, 0x00, 0x00, 0x00, 0x00, 0x00, 0x00, 0x00, 0x00, 0x00, 0x00, 0x00,
    0x00, 0x03, 0x00, 0x00, 0x00, 0x52, 0x9b, 0xc4, 0xa7, 0xfa, 0xc5, 0x37, 0x21, 0x7d, 0x11, 0x00, 0x00, 0x00, 0x00, 0x00, 0x00, 0x00, 0x00, 0x00,
    0x06, 0x11, 0x14, 0x27, 0x4c, 0x52, 0xad, 0xcb, 0x03, 0x02, 0x00, 0x00, 0x00, 0x00, 0x00, 0x00, 0x00, 0x00, 0x00, 0x00, 0x00, 0x00, 0x00, 0x00,
    0x00, 0x00, 0x00, 0x00, 0x03, 0x02, 0x00, 0x13, 0x73, 0xbe, 0xbf, 0x60, 0x1b, 0x28, 0xdb, 0x11, 0x00, 0x47, 0xd3, 0x0a, 0x04, 0x03, 0x02, 0x02,
    0x02, 0x02, 0x02, 0x02, 0x02, 0x00, 0x00, 0x00, 0x00, 0x00, 0x00, 0x00, 0xde, 0x20, 0x00, 0x01, 0x00, 0x00, 0x00, 0x00, 0x00, 0x00, 0x00, 0x00,
    0x00, 0x00, 0x00, 0x00, 0x00, 0x00, 0x00, 0x01, 0x01, 0x00, 0x00, 0x45, 0xc7, 0x9c, 0x44, 0x00, 0x00, 0x00, 0xb0, 0x91, 0x00, 0x04, 0xcf, 0x56,
    0x00, 0x04, 0x00, 0x00, 0x00, 0x00, 0x00, 0x00, 0x00, 0x00, 0x01, 0x01, 0x01, 0x02, 0x03, 0x06, 0x03, 0xb4, 0x66, 0x00, 0x03, 0x00, 0x00, 0x00,
    0x00, 0x00, 0x00, 0x00, 0x00, 0x00, 0x00, 0x00, 0x00, 0x00, 0x00, 0x03, 0x00, 0x00, 0x49, 0xbb, 0xff, 0xe1, 0x51, 0x00, 0x02, 0x04, 0x19, 0xde,
    0x1a, 0x02, 0x40, 0xe1, 0x09, 0x01, 0x01, 0x00, 0x00, 0x00, 0x00, 0x00, 0x00, 0x00, 0x00, 0x00, 0x00, 0x00, 0x01, 0x01, 0x04, 0x00, 0xb1, 0x85,
    0x00, 0x04, 0x00, 0x00, 0x00, 0x00, 0x00, 0x00, 0x00, 0x00, 0x00, 0x00, 0x00, 0x00, 0x00, 0x03, 0x00, 0x1a, 0xc3, 0xf1, 0xff, 0x85, 0x71, 0xc2,
    0xbb, 0x08, 0x00, 0x94, 0xa9, 0x00, 0x00, 0xaa, 0x74, 0x00, 0x04, 0x00, 0x00, 0x00, 0x00, 0x00, 0x01, 0x03, 0x03, 0x04, 0x02, 0x02, 0x00, 0x00,
    0x00, 0x00, 0x18, 0xef, 0x1e, 0x03, 0x05, 0x03, 0x01, 0x00, 0x00, 0x00, 0x00, 0x00, 0x00, 0x00, 0x00, 0x00, 0x00, 0x04, 0x00, 0x39, 0xf1, 0x8d,
    0xc5, 0x38, 0x1d, 0x6c, 0x1f, 0xb1, 0x83, 0x00, 0xd3, 0x4e, 0x01, 0x0d, 0xd1, 0x20, 0x01, 0x01, 0x00, 0x00, 0x01, 0x03, 0x04, 0x00, 0x00, 0x00,
    0x00, 0x00, 0x00, 0x00, 0x15, 0x18, 0x14, 0x79, 0xbb, 0x00, 0x00, 0x00, 0x00, 0x00, 0x00, 0x00, 0x00, 0x00, 0x00, 0x00, 0x00, 0x00, 0x00, 0x03,
    0x00, 0x3d, 0xed, 0x48, 0x2f, 0xd1, 0x00, 0xcd, 0xff, 0xb8, 0x38, 0xd3, 0x00, 0xc9, 0x53, 0x00, 0x17, 0xe1, 0x15, 0x00, 0x01, 0x03, 0x03, 0x00,
    0x00, 0x00, 0x0c, 0x4f, 0x63, 0x8f, 0xc5, 0xbb, 0xb9, 0xde, 0xde, 0xdd, 0xfd, 0xd3, 0xc6, 0xad, 0x80, 0x51, 0x12, 0x01, 0x01, 0x00, 0x00, 0x00,
    0x00, 0x00, 0x00, 0x02, 0x00, 0x42, 0xec, 0x40, 0x00, 0x3c, 0xe3, 0x00, 0x7b, 0xe6, 0x66, 0x6e, 0xbb, 0x02, 0xdb, 0x26, 0x00, 0x27, 0xcc, 0x0b,
    0x01, 0x00, 0x00, 0x00, 0x14, 0x6f, 0x9b, 0xc2, 0xa9, 0x8a, 0x5a, 0x51, 0x39, 0x1e, 0x17, 0x19, 0x13, 0xa1, 0xb1, 0x42, 0x4b, 0x66, 0xad, 0xad,
    0x00, 0x02, 0x00, 0x00, 0x00, 0x00, 0x00, 0x01, 0x00, 0x13, 0xd3, 0x3e, 0x00, 0x00, 0x00, 0xa1, 0xbc, 0x32, 0x27, 0x5d, 0xf2, 0x35, 0x08, 0xe2,
    0x15, 0x00, 0x53, 0xc7, 0x00, 0x03, 0x08, 0x52, 0xab, 0xcb, 0x9a, 0x5a, 0x21, 0x00, 0x00, 0x00, 0x00, 0x00, 0x00, 0x00, 0x00, 0x05, 0x4b, 0xd2,
    0x0a, 0x21, 0x20, 0x3f, 0xe7, 0x28, 0x00, 0x02, 0x00, 0x00, 0x00, 0x01, 0x00, 0x0e, 0xb0, 0xc1, 0xb0, 0xc5, 0x6e, 0x0b, 0x00, 0x7b, 0xd4, 0xd7,
    0xc3, 0x47, 0x00, 0x16, 0xdd, 0x19, 0x00, 0x50, 0xc9, 0x00, 0x01, 0x29, 0xbd, 0x59, 0x06, 0x00, 0x00, 0x00, 0x00, 0x0e, 0x19, 0x26, 0x25, 0x3b,
    0x32, 0x3f, 0x36, 0x36, 0xe5, 0x55, 0x26, 0x15, 0x0c, 0xcc, 0x56, 0x00, 0x03, 0x00, 0x00, 0x00, 0x00, 0x00, 0x07, 0x19, 0x0f, 0x18, 0x3f, 0xa1,
    0xf0, 0x2e, 0x00, 0x06, 0x16, 0x00, 0x00, 0x01, 0x16, 0xde, 0x16, 0x00, 0x4d, 0xcb, 0x01, 0x02, 0x00, 0x00, 0x12, 0x5e, 0x6e, 0xbc, 0xcb, 0xc6,
    0xb2, 0xb0, 0x98, 0x89, 0x80, 0x6f, 0x6d, 0x63, 0x61, 0xdf, 0xa4, 0x62, 0x6b, 0x65, 0xde, 0x3d, 0x00, 0x03, 0x00, 0x00, 0x00, 0x00, 0x02, 0x00,
    0x69, 0xc2, 0x12, 0x0b, 0xa8, 0x9c, 0x0c, 0x00, 0x00, 0x00, 0x02, 0x04, 0x03, 0x09, 0xd2, 0x3d, 0x00, 0x1a, 0xd8, 0x14, 0x00, 0x26, 0x94, 0x79,
    0x5d, 0x3d, 0x57, 0x4a, 0x41, 0x4b, 0x40, 0x54, 0x4f, 0x4f, 0x62, 0x4e, 0x51, 0x51, 0xe2, 0x6d, 0x2f, 0x24, 0x53, 0xdb, 0x07, 0x01, 0x00, 0x00,
    0x00, 0x00, 0x00, 0x01, 0x01, 0x40, 0x9c, 0xf8, 0xe4, 0x6a, 0x00, 0x00, 0x1c, 0x05, 0x00, 0x00, 0x00, 0x00, 0x00, 0xae, 0x72, 0x01, 0x01, 0xc6,
    0x42, 0x00, 0x28, 0x93, 0x88, 0xa2, 0xbd, 0xcb, 0x9f, 0x92, 0x81, 0x83, 0x4d, 0x4f, 0x43, 0x27, 0x2b, 0x28, 0x64, 0xdc, 0x48, 0x53, 0x58, 0xd8,
    0x52, 0x00, 0x03, 0x00, 0x00, 0x00, 0x00, 0x00, 0x00, 0x00, 0x00, 0x00, 0x6e, 0xf3, 0x3c, 0x00, 0x00, 0x77, 0xa1, 0x55, 0x24, 0x1f, 0x2e, 0x82,
    0xf1, 0x94, 0x00, 0x00, 0xa7, 0x80, 0x00, 0x00, 0x00, 0x00, 0x00, 0x08, 0x18, 0x21, 0x48, 0x77, 0x94, 0x90, 0xc5, 0xc1, 0xb6, 0xd9, 0xd8, 0xef,
    0xf5, 0xd5, 0xd7, 0xde, 0x84, 0x00, 0x02, 0x00, 0x00, 0x00, 0x00, 0x00, 0x00, 0x00, 0x00, 0x02, 0x05, 0x00, 0x49, 0xf0, 0x9f, 0x0e, 0x00, 0x1e,
    0x7e, 0x9f, 0xac, 0x95, 0x7c, 0x67, 0xd1, 0x02, 0x01, 0x51, 0xc5, 0x01, 0x04, 0x04, 0x04, 0x02, 0x00, 0x00, 0x00, 0x00, 0x00, 0x00, 0x00, 0x00,
    0x00, 0x01, 0x17, 0x16, 0xac, 0x61, 0x17, 0x19, 0x12, 0x00, 0x01, 0x00, 0x00, 0x00, 0x00, 0x00, 0x00, 0x00, 0x00, 0x00, 0x00, 0x00, 0x04, 0x00,
    0x17, 0xb5, 0xdd, 0x74, 0x16, 0x00, 0x00, 0x00, 0x00, 0x00, 0x00, 0xcf, 0x8a, 0x00, 0x05, 0xe2, 0x47, 0x00, 0x03, 0x00, 0x00, 0x01, 0x01, 0x01,
    0x03, 0x04, 0x04, 0x04, 0x02, 0x02, 0x00, 0x00, 0x00, 0x97, 0x94, 0x00, 0x00, 0x00, 0x03, 0x00, 0x00, 0x00, 0x00, 0x00, 0x00, 0x00, 0x00, 0x00,
    0x00, 0x00, 0x00, 0x00, 0x03, 0x00, 0x00, 0x3d, 0x8d, 0xc7, 0xab, 0x20, 0x00, 0x00, 0x00, 0x00, 0x4c, 0xea, 0x0a, 0x01, 0x6f, 0xc5, 0x00, 0x03,
    0x00, 0x00, 0x00, 0x00, 0x00, 0x00, 0x00, 0x00, 0x00, 0x00, 0x00, 0x00, 0x04, 0x01, 0x4d, 0xd9, 0x01, 0x03, 0x01, 0x00, 0x00, 0x00, 0x00, 0x00,
    0x00, 0x00, 0x00, 0x00, 0x00, 0x00, 0x00, 0x00, 0x00, 0x00, 0x01, 0x02, 0x00, 0x00, 0x13, 0xa1, 0xd7, 0xa9, 0x65, 0x44, 0x08, 0x00, 0xb7, 0x6a,
    0x00, 0x07, 0xe4, 0x79, 0x04, 0x06, 0x03, 0x02, 0x01, 0x01, 0x00, 0x00, 0x00, 0x00, 0x00, 0x00, 0x00, 0x02, 0x01, 0x0f, 0xe5, 0x32, 0x00, 0x02,
    0x00, 0x00, 0x00, 0x00, 0x00, 0x00, 0x00, 0x00, 0x00, 0x00, 0x00, 0x00, 0x00, 0x00, 0x00, 0x00, 0x00, 0x02, 0x04, 0x00, 0x00, 0x17, 0x5f, 0x8d,
    0xb4, 0xcb, 0x97, 0xbd, 0xff, 0x27, 0x00, 0x16, 0x18, 0x00, 0x00, 0x00, 0x00, 0x00, 0x00, 0x02, 0x02, 0x02, 0x02, 0x02, 0x02, 0x02, 0x00, 0x00,
    0x16, 0xe9, 0x24, 0x00, 0x02, 0x00, 0x00, 0x00, 0x00, 0x00, 0x00, 0x00, 0x00, 0x00, 0x00, 0x00, 0x00, 0x00, 0x00, 0x00, 0x00, 0x00, 0x00, 0x00,
    0x01, 0x03, 0x00, 0x00, 0x00, 0x00, 0x25, 0x55, 0x6b, 0x9f, 0xc7, 0xaf, 0x91, 0x83, 0x7b, 0x4a, 0x45, 0x38, 0x17, 0x0e, 0x00, 0x00, 0x00, 0x00,
    0x00, 0x00, 0x00, 0x11, 0x15, 0x7e, 0xbd, 0x00, 0x02, 0x00, 0x00, 0x00, 0x00, 0x00, 0x00, 0x00, 0x00, 0x00, 0x00, 0x00, 0x00, 0x00, 0x00, 0x00,
    0x00, 0x00, 0x00, 0x00, 0x00, 0x00, 0x00, 0x01, 0x03, 0x04, 0x02, 0x00, 0x00, 0x00, 0x00, 0x0f, 0x23, 0x52, 0x6d, 0xff, 0xd4, 0xf2, 0xb6, 0xd2,
    0xd2, 0xb8, 0xbf, 0xc9, 0xc9, 0xc9, 0xc9, 0xbb, 0xd0, 0xde, 0xb4, 0x18, 0x01, 0x01, 0x00, 0x00, 0x00, 0x00, 0x00, 0x00, 0x00, 0x00, 0x00, 0x00,
    0x00, 0x00, 0x00, 0x00, 0x00, 0x00, 0x00, 0x00, 0x00, 0x00, 0x00, 0x00, 0x00, 0x00, 0x00, 0x00, 0x02, 0x03, 0x04, 0x03, 0x00, 0x00, 0x00, 0x00,
    0x66, 0xec, 0xd8, 0x3e, 0x0d, 0x18, 0x4f, 0xf4, 0x59, 0x50, 0x4f, 0x4f, 0x37, 0x17, 0x16, 0x00, 0x00, 0x00, 0x00, 0x00, 0x00, 0x00, 0x00, 0x00,
    0x00, 0x00, 0x00, 0x00, 0x00, 0x00, 0x00, 0x00, 0x00, 0x00, 0x00, 0x00, 0x00, 0x00, 0x00, 0x00, 0x00, 0x00, 0x00, 0x00, 0x00, 0x00, 0x00, 0x00,
    0x00, 0x01, 0x01, 0x03, 0x05, 0x00, 0x98, 0xff, 0xd7, 0x04, 0x00, 0x87, 0x8d, 0x00, 0x00, 0x00, 0x00, 0x00, 0x00, 0x00, 0x00, 0x01, 0x00, 0x00,
    0x00, 0x00, 0x00, 0x00, 0x00, 0x00, 0x00, 0x00, 0x00, 0x00, 0x00, 0x00, 0x00, 0x00, 0x00, 0x00, 0x00, 0x00, 0x00, 0x00, 0x00, 0x00, 0x00, 0x00,
    0x00, 0x00, 0x00, 0x00, 0x00, 0x00, 0x00, 0x00, 0x00, 0x01, 0x04, 0x00, 0xb8, 0xff, 0x75, 0x0c, 0xe4, 0x19, 0x03, 0x04, 0x03, 0x03, 0x02, 0x01,
    0x01, 0x00, 0x00, 0x00, 0x00, 0x00, 0x00, 0x00, 0x00, 0x00, 0x00, 0x00, 0x00, 0x00, 0x00, 0x00, 0x00, 0x00, 0x00, 0x00, 0x00, 0x00, 0x00, 0x00,
    0x00, 0x00, 0x00, 0x00, 0x00, 0x00, 0x00, 0x00, 0x00, 0x00, 0x00, 0x00, 0x00, 0x00, 0x00, 0x02, 0x02, 0x12, 0xe0, 0xef, 0xb6, 0x89, 0x00, 0x03,
    0x00, 0x00, 0x00, 0x00, 0x00, 0x00, 0x00, 0x00, 0x00, 0x00, 0x00, 0x00, 0x00, 0x00, 0x00, 0x00, 0x00, 0x00, 0x00, 0x00, 0x00, 0x00, 0x00, 0x00,
    0x00, 0x00, 0x00, 0x00, 0x00, 0x00, 0x00, 0x00, 0x00, 0x00, 0x00, 0x00, 0x00, 0x00, 0x00, 0x00, 0x00, 0x00, 0x00, 0x00, 0x00, 0x02, 0x00, 0x33,
    0xfd, 0xff, 0x11, 0x02, 0x01, 0x00, 0x00, 0x00, 0x00, 0x00, 0x00, 0x00, 0x00, 0x00, 0x00, 0x00, 0x00, 0x00, 0x00, 0x00, 0x00, 0x00, 0x00, 0x00,
    0x00, 0x00, 0x00, 0x00, 0x00, 0x00, 0x00, 0x00, 0x00, 0x00, 0x00, 0x00, 0x00, 0x00, 0x00, 0x00, 0x00, 0x00, 0x00, 0x00, 0x00, 0x00, 0x00, 0x00,
    0x00, 0x00, 0x00, 0x03, 0x00, 0x62, 0x69, 0x00, 0x02, 0x00, 0x00, 0x00, 0x00, 0x00, 0x00, 0x00, 0x00, 0x00, 0x00, 0x00, 0x00, 0x00, 0x00, 0x00,
    0x00, 0x00, 0x00, 0x00, 0x00, 0x00, 0x00, 0x00, 0x00, 0x00, 0x00, 0x00, 0x00, 0x00, 0x00, 0x00, 0x00, 0x00, 0x00, 0x00, 0x00, 0x00, 0x00, 0x00,
    0x00, 0x00, 0x00, 0x00, 0x00, 0x00, 0x00, 0x00, 0x00, 0x02, 0x00, 0x00, 0x01, 0x00, 0x00, 0x00, 0x00, 0x00, 0x00, 0x00, 0x00, 0x00, 0x00, 0x00,
    0x00, 0x00, 0x00, 0x00, 0x00, 0x00, 0x00, 0x00, 0x00, 0x00, 0x00, 0x00, 0x00, 0x00, 0x00, 0x00, 0x00, 0x00, 0x00, 0x00, 0x00, 0x00, 0x00, 0x00,
    0x00, 0x00, 0x00, 0x00, 0x00, 0x00, 0x00, 0x00, 0x00, 0x00, 0x00, 0x00, 0x00, 0x00, 0x00, 0x03, 0x03, 0x00, 0x00, 0x00, 0x00, 0x00, 0x00, 0x00,
    0x00, 0x00, 0x00, 0x00, 0x00, 0x00, 0x00, 0x00, 0x00, 0x00, 0x00, 0x00, 0x00, 0x00, 0x00, 0x00, 0x00, 0x00, 0x00, 0x00, 0x00, 0x00, 0x00, 0x00,
    0x00, 0x00, 0x00, 0x00, 0x00, 0x00, 0x00, 0x00, 0x00, 0x00, 0x00, 0x00, 0x00, 0x00, 0x00, 0x00, 0x00, 0x00, 0x00, 0x00, 0x00, 0x00, 0x00, 0x00,
    0x00, 0x00, 0x00, 0x00, 0x00, 0x00, 0x00, 0x00, 0x00, 0x00, 0x00, 0x00, 0x00, 0x00, 0x00, 0x00, 0x00, 0x00, 0x00, 0x00, 0x00, 0x00, 0x00, 0x00,
    0x00, 0x00, 0x00, 0x00, 0x00, 0x00, 0x00, 0x00, 0x00, 0x00, 0x00, 0x00, 0x00, 0x00, 0x00, 0x00, 0x00, 0x00, 0x00, 0x00, 0x00, 0x00, 0x00, 0x00,
    0x00, 0x00, 0x00, 0x00, 0x00, 0x00, 0x00, 0x00, 0x00, 0x00, 0x00, 0x00, 0x00, 0x00, 0x00, 0x00, 0x00, 0x00, 0x00, 0x00, 0x00, 0x00, 0x00
};
static const uint8_t bp_fish_head_7[2279] = {
    0x00, 0x00, 0x00, 0x00, 0x00, 0x00, 0x00, 0x00, 0x00, 0x00, 0x00, 0x00, 0x00, 0x00, 0x00, 0x00, 0x00, 0x00, 0x00, 0x00, 0x00, 0x00, 0x00, 0x00,
    0x00, 0x00, 0x00, 0x00, 0x00, 0x00, 0x00, 0x00, 0x00, 0x00, 0x00, 0x00, 0x00, 0x00, 0x00, 0x00, 0x00, 0x00, 0x00, 0x00, 0x00, 0x00, 0x00, 0x00,
    0x00, 0x00, 0x00, 0x00, 0x00, 0x00, 0x00, 0x00, 0x00, 0x00, 0x00, 0x00, 0x00, 0x00, 0x00, 0x00, 0x00, 0x00, 0x00, 0x00, 0x00, 0x00, 0x00, 0x00,
    0x00, 0x00, 0x00, 0x00, 0x00, 0x00, 0x00, 0x00, 0x00, 0x00, 0x00, 0x00, 0x00, 0x00, 0x02, 0x01, 0x00, 0x00, 0x00, 0x00, 0x00, 0x00, 0x00, 0x00,
    0x00, 0x00, 0x00, 0x00, 0x00, 0x00, 0x00, 0x00, 0x00, 0x00, 0x00, 0x00, 0x00, 0x00, 0x00, 0x00, 0x00, 0x00, 0x00, 0x00, 0x00, 0x00, 0x00, 0x00,
    0x00, 0x00, 0x00, 0x00, 0x00, 0x00, 0x00, 0x00, 0x00, 0x00, 0x00, 0x00, 0x00, 0x00, 0x00, 0x00, 0x02, 0x01, 0x01, 0x00, 0x00, 0x00, 0x00, 0x00,
    0x00, 0x00, 0x00, 0x00, 0x00, 0x00, 0x00, 0x00, 0x00, 0x00, 0x00, 0x00, 0x00, 0x00, 0x00, 0x00, 0x00, 0x00, 0x00, 0x00, 0x00, 0x00, 0x00, 0x00,
    0x00, 0x00, 0x00, 0x00, 0x00, 0x00, 0x00, 0x00, 0x00, 0x00, 0x00, 0x00, 0x00, 0x00, 0x00, 0x00, 0x00, 0x00, 0x00, 0x00, 0x00, 0x00, 0x00, 0x00,
    0x1b, 0x0c, 0x01, 0x03, 0x00, 0x00, 0x01, 0x01, 0x00, 0x00, 0x00, 0x00, 0x00, 0x00, 0x00, 0x00, 0x00, 0x00, 0x00, 0x00, 0x00, 0x00, 0x00, 0x00,
    0x00, 0x00, 0x00, 0x00, 0x00, 0x00, 0x00, 0x00, 0x00, 0x00, 0x00, 0x00, 0x00, 0x00, 0x00, 0x00, 0x00, 0x00, 0x00, 0x00, 0x00, 0x00, 0x00, 0x00,
    0x01, 0x01, 0xab, 0xa9, 0x08, 0xe6, 0xcf, 0x00, 0x00, 0x00, 0x01, 0x00, 0x00, 0x00, 0x00, 0x00, 0x00, 0x00, 0x00, 0x00, 0x00, 0x00, 0x00, 0x00,
    0x00, 0x00, 0x00, 0x00, 0x00, 0x00, 0x00, 0x00, 0x00, 0x00, 0x00, 0x00, 0x00, 0x00, 0x00, 0x00, 0x00, 0x00, 0x00, 0x00, 0x00, 0x00, 0x00, 0x00,
    0x00, 0x00, 0x00, 0x00, 0x03, 0x00, 0x3f, 0xe6, 0xa2, 0xdc, 0xcb, 0xab, 0x9a, 0x91, 0xc3, 0x00, 0x0e, 0x0c, 0x01, 0x01, 0x00, 0x00, 0x00, 0x00,
    0x00, 0x00, 0x00, 0x00, 0x00, 0x00, 0x00, 0x00, 0x00, 0x00, 0x00, 0x00, 0x00, 0x00, 0x00, 0x00, 0x00, 0x00, 0x00, 0x00, 0x00, 0x00, 0x00, 0x00,
    0x00, 0x00, 0x00, 0x00, 0x00, 0x00, 0x00, 0x00, 0x00, 0x03, 0x00, 0xae, 0x8d, 0x00, 0xe5, 0x7b, 0x00, 0xcf, 0xfd, 0xc5, 0x7a, 0xd4, 0xaf, 0x00,
    0x03, 0x00, 0x00, 0x00, 0x00, 0x00, 0x00, 0x00, 0x00, 0x00, 0x00, 0x00, 0x00, 0x00, 0x00, 0x00, 0x00, 0x00, 0x00, 0x00, 0x00, 0x00, 0x00, 0x00,
    0x00, 0x00, 0x00, 0x00, 0x00, 0x00, 0x00, 0x00, 0x00, 0x00, 0x00, 0x00, 0x00, 0x01, 0x01, 0x0e, 0xe5, 0x26, 0x0a, 0xe0, 0x32, 0x00, 0x6f, 0xc0,
    0x04, 0xe6, 0xdf, 0xd3, 0x4e, 0x00, 0x02, 0x00, 0x00, 0x00, 0x00, 0x00, 0x00, 0x00, 0x00, 0x00, 0x00, 0x00, 0x00, 0x00, 0x00, 0x00, 0x00, 0x00,
    0x00, 0x00, 0x00, 0x00, 0x00, 0x00, 0x00, 0x00, 0x00, 0x00, 0x00, 0x00, 0x00, 0x00, 0x00, 0x00, 0x00, 0x01, 0x05, 0x02, 0x69, 0xca, 0x00, 0x59,
    0xdb, 0x04, 0x0b, 0xe2, 0x51, 0x00, 0xb2, 0x75, 0x28, 0xd6, 0xbc, 0x50, 0x00, 0x03, 0x00, 0x00, 0x00, 0x00, 0x00, 0x00, 0x00, 0x00, 0x00, 0x00,
    0x00, 0x00, 0x00, 0x00, 0x00, 0x00, 0x00, 0x00, 0x00, 0x00, 0x00, 0x00, 0x00, 0x00, 0x00, 0x00, 0x01, 0x02, 0x04, 0x04, 0x02, 0x01, 0x00, 0x00,
    0x00, 0xc8, 0x5a, 0x00, 0xb5, 0x68, 0x00, 0x57, 0xd6, 0x00, 0x0b, 0xeb, 0x33, 0x00, 0xaf, 0xf7, 0x18, 0x01, 0x01, 0x00, 0x00, 0x00, 0x00, 0x00,
    0x00, 0x00, 0x00, 0x00, 0x00, 0x00, 0x00, 0x00, 0x00, 0x00, 0x00, 0x00, 0x00, 0x00, 0x00, 0x00, 0x00, 0x00, 0x01, 0x03, 0x04, 0x00, 0x00, 0x00,
    0x00, 0x00, 0x00, 0x1e, 0x2b, 0x6b, 0xff, 0x58, 0x58, 0xfc, 0x68, 0x4f, 0xdd, 0x82, 0x15, 0x7a, 0xc1, 0x00, 0x17, 0xe2, 0x39, 0x00, 0x03, 0x00,
    0x00, 0x00, 0x00, 0x00, 0x00, 0x00, 0x00, 0x00, 0x00, 0x00, 0x00, 0x00, 0x00, 0x00, 0x00, 0x00, 0x00, 0x00, 0x00, 0x00, 0x00, 0x01, 0x03, 0x00,
    0x00, 0x00, 0x06, 0x3a, 0x74, 0x91, 0xa9, 0xb1, 0xa7, 0xb1, 0xca, 0xbe, 0xc9, 0xc9, 0xbd, 0xc7, 0xc9, 0xc5, 0xd9, 0xde, 0xed, 0xe1, 0xc6, 0xe3,
    0xf7, 0x48, 0x10, 0x00, 0x00, 0x00, 0x00, 0x00, 0x00, 0x00, 0x00, 0x00, 0x00, 0x00, 0x00, 0x00, 0x00, 0x00, 0x00, 0x00, 0x00, 0x00, 0x00, 0x00,
    0x01, 0x04, 0x00, 0x00, 0x0f, 0x4a, 0x9a, 0xc9, 0xa2, 0xf4, 0xd8, 0x38, 0x21, 0x7d, 0x11, 0x00, 0x00, 0x00, 0x00, 0x00, 0x00, 0x00, 0x00, 0x13,
    0x15, 0x11, 0x3d, 0x50, 0x68, 0x81, 0xc9, 0xd4, 0x10, 0x00, 0x01, 0x00, 0x00, 0x00, 0x00, 0x00, 0x00, 0x00, 0x00, 0x00, 0x00, 0x00, 0x00, 0x00,
    0x00, 0x00, 0x00, 0x00, 0x03, 0x00, 0x00, 0x1d, 0x92, 0xcc, 0xa2, 0x73, 0x24, 0x1a, 0xf5, 0x27, 0x00, 0x49, 0xd5, 0x0a, 0x04, 0x03, 0x02, 0x02,
    0x02, 0x02, 0x02, 0x02, 0x00, 0x00, 0x00, 0x00, 0x00, 0x00, 0x00, 0x00, 0xce, 0x4f, 0x00, 0x03, 0x00, 0x00, 0x00, 0x00, 0x00, 0x00, 0x00, 0x00,
    0x00, 0x00, 0x00, 0x00, 0x00, 0x00, 0x00, 0x01, 0x02, 0x00, 0x14, 0x7a, 0xc4, 0x79, 0x19, 0x00, 0x00, 0x00, 0xb3, 0x88, 0x00, 0x06, 0xc8, 0x4c,
    0x00, 0x03, 0x00, 0x00, 0x00, 0x00, 0x00, 0x00, 0x00, 0x01, 0x01, 0x01, 0x03, 0x03, 0x04, 0x08, 0x02, 0x8e, 0x94, 0x00, 0x04, 0x00, 0x00, 0x00,
    0x00, 0x00, 0x00, 0x00, 0x00, 0x00, 0x00, 0x00, 0x00, 0x00, 0x00, 0x03, 0x00, 0x00, 0x63, 0xed, 0xff, 0xe5, 0x8b, 0x0c, 0x01, 0x04, 0x2b, 0xeb,
    0x13, 0x01, 0x40, 0xd3, 0x00, 0x02, 0x00, 0x00, 0x00, 0x00, 0x00, 0x00, 0x00, 0x00, 0x00, 0x00, 0x00, 0x00, 0x00, 0x00, 0x04, 0x00, 0x60, 0xbf,
    0x00, 0x03, 0x00, 0x00, 0x00, 0x00, 0x00, 0x00, 0x00, 0x00, 0x00, 0x00, 0x00, 0x00, 0x00, 0x03, 0x00, 0x1b, 0xb3, 0xff, 0xe6, 0x65, 0x3e, 0x9f,
    0xd0, 0x12, 0x00, 0x65, 0xba, 0x00, 0x00, 0x80, 0xa1, 0x00, 0x04, 0x00, 0x00, 0x00, 0x00, 0x00, 0x00, 0x01, 0x02, 0x03, 0x04, 0x03, 0x02, 0x02,
    0x02, 0x04, 0x00, 0xc7, 0x54, 0x03, 0x05, 0x01, 0x00, 0x00, 0x00, 0x00, 0x00, 0x00, 0x00, 0x00, 0x00, 0x00, 0x00, 0x04, 0x00, 0x38, 0xe6, 0xaf,
    0xe2, 0x2d, 0x2d, 0xae, 0x3a, 0x7c, 0xa8, 0x00, 0x9b, 0x8c, 0x01, 0x00, 0xad, 0x63, 0x00, 0x03, 0x00, 0x00, 0x01, 0x04, 0x04, 0x02, 0x00, 0x00,
    0x00, 0x00, 0x00, 0x00, 0x00, 0x00, 0x00, 0x4c, 0xbf, 0x00, 0x00, 0x00, 0x00, 0x00, 0x00, 0x00, 0x00, 0x00, 0x00, 0x00, 0x00, 0x00, 0x00, 0x02,
    0x00, 0x44, 0xf7, 0x3a, 0x30, 0xd5, 0x00, 0xd2, 0xff, 0xcf, 0x38, 0xd6, 0x01, 0xc6, 0x57, 0x00, 0x09, 0xd9, 0x30, 0x00, 0x02, 0x02, 0x04, 0x00,
    0x00, 0x00, 0x00, 0x13, 0x2b, 0x59, 0x88, 0xaa, 0xc9, 0xc8, 0xca, 0xc9, 0xee, 0xe0, 0x9b, 0x73, 0x47, 0x1d, 0x00, 0x00, 0x00, 0x00, 0x00, 0x00,
    0x00, 0x00, 0x00, 0x02, 0x00, 0x6f, 0xea, 0x4e, 0x00, 0x1a, 0xf0, 0x18, 0x43, 0xcd, 0x4d, 0x6e, 0xb3, 0x00, 0xdd, 0x24, 0x00, 0x29, 0xcd, 0x07,
    0x01, 0x00, 0x00, 0x00, 0x13, 0x6f, 0x90, 0xaf, 0xb9, 0xb0, 0x91, 0x65, 0x54, 0x52, 0x51, 0x53, 0x50, 0xb1, 0xc3, 0x52, 0x7c, 0x9b, 0xb8, 0x7e,
    0x00, 0x02, 0x00, 0x00, 0x00, 0x00, 0x00, 0x01, 0x01, 0x38, 0xd9, 0x53, 0x11, 0x00, 0x00, 0x90, 0xc8, 0x54, 0x57, 0x78, 0xdf, 0x2f, 0x0c, 0xe1,
    0x15, 0x00, 0x52, 0xc6, 0x00, 0x03, 0x08, 0x3a, 0x99, 0xcb, 0x9b, 0x5a, 0x2d, 0x0b, 0x00, 0x00, 0x00, 0x00, 0x00, 0x00, 0x00, 0x00, 0x3f, 0xcd,
    0x00, 0x02, 0x0e, 0x2d, 0xe5, 0x21, 0x00, 0x01, 0x00, 0x00, 0x00, 0x01, 0x00, 0x11, 0xaa, 0x9e, 0xae, 0xd5, 0xa2, 0x37, 0x06, 0x6d, 0xc9, 0xc5,
    0xb9, 0x1d, 0x00, 0x18, 0xde, 0x18, 0x00, 0x50, 0xc9, 0x00, 0x01, 0x29, 0xb5, 0x69, 0x06, 0x00, 0x00, 0x00, 0x00, 0x0e, 0x15, 0x18, 0x30, 0x2c,
    0x39, 0x3e, 0x3a, 0x4c, 0xe7, 0x63, 0x40, 0x2e, 0x25, 0xce, 0x51, 0x00, 0x03, 0x00, 0x00, 0x00, 0x00, 0x00, 0x03, 0x03, 0x0c, 0x00, 0x03, 0x84,
    0xff, 0x2f, 0x00, 0x00, 0x00, 0x00, 0x00, 0x02, 0x13, 0xdd, 0x1c, 0x00, 0x4d, 0xcb, 0x01, 0x02, 0x00, 0x00, 0x11, 0x5f, 0x6d, 0x98, 0x8f, 0x90,
    0x87, 0x6c, 0x6e, 0x54, 0x49, 0x45, 0x31, 0x31, 0x2c, 0xc4, 0x8e, 0x26, 0x2b, 0x27, 0xd2, 0x4a, 0x00, 0x03, 0x00, 0x00, 0x00, 0x00, 0x02, 0x00,
    0x86, 0xf4, 0x50, 0x46, 0xc4, 0x5b, 0x01, 0x00, 0x00, 0x06, 0x05, 0x03, 0x04, 0x04, 0xc7, 0x4b, 0x00, 0x1a, 0xd8, 0x14, 0x00, 0x26, 0x94, 0x79,
    0x5d, 0x36, 0x38, 0x3a, 0x3a, 0x44, 0x3f, 0x4b, 0x4c, 0x4d, 0x54, 0x4b, 0x50, 0x45, 0xdb, 0x63, 0x2a, 0x26, 0x39, 0xe5, 0x12, 0x01, 0x01, 0x00,
    0x00, 0x00, 0x00, 0x00, 0x01, 0x18, 0x57, 0xfe, 0xf5, 0x30, 0x00, 0x03, 0x41, 0x28, 0x00, 0x00, 0x00, 0x00, 0x00, 0xb8, 0x7d, 0x01, 0x01, 0xc7,
    0x42, 0x00, 0x28, 0x93, 0x88, 0xa3, 0xb1, 0xa5, 0xb9, 0x9b, 0x73, 0x4a, 0x47, 0x2d, 0x1b, 0x27, 0x13, 0x0b, 0x77, 0xc8, 0x24, 0x2f, 0x30, 0xbd,
    0x78, 0x00, 0x03, 0x00, 0x00, 0x00, 0x00, 0x00, 0x00, 0x00, 0x00, 0x00, 0x39, 0xf2, 0x5b, 0x00, 0x00, 0x5d, 0xa4, 0x6d, 0x52, 0x24, 0x46, 0x75,
    0xe8, 0x9e, 0x00, 0x00, 0xa4, 0x80, 0x02, 0x00, 0x00, 0x00, 0x00, 0x0a, 0x2d, 0x52, 0x55, 0x74, 0x9d, 0xcb, 0xb3, 0xc5, 0xd6, 0xad, 0xc0, 0xe4,
    0xf1, 0xc0, 0xc3, 0xd0, 0xb9, 0x05, 0x02, 0x01, 0x00, 0x00, 0x00, 0x00, 0x00, 0x00, 0x00, 0x01, 0x04, 0x00, 0x4a, 0xd2, 0xc4, 0x2b, 0x00, 0x00,
    0x58, 0x8b, 0x98, 0x8c, 0x4b, 0x3f, 0xe1, 0x0b, 0x01, 0x64, 0xad, 0x00, 0x04, 0x04, 0x04, 0x02, 0x00, 0x00, 0x00, 0x00, 0x00, 0x00, 0x00, 0x00,
    0x07, 0x17, 0x21, 0x58, 0xc8, 0x56, 0x51, 0x51, 0x4b, 0x00, 0x00, 0x01, 0x00, 0x00, 0x00, 0x00, 0x00, 0x00, 0x00, 0x00, 0x00, 0x00, 0x02, 0x00,
    0x00, 0x8e, 0xde, 0x9b, 0x28, 0x00, 0x00, 0x00, 0x00, 0x00, 0x01, 0xda, 0x56, 0x00, 0x1c, 0xe5, 0x36, 0x01, 0x02, 0x00, 0x00, 0x01, 0x02, 0x03,
    0x03, 0x04, 0x04, 0x02, 0x02, 0x00, 0x00, 0x00, 0x00, 0xc4, 0x59, 0x00, 0x00, 0x00, 0x00, 0x01, 0x00, 0x00, 0x00, 0x00, 0x00, 0x00, 0x00, 0x00,
    0x00, 0x00, 0x00, 0x00, 0x03, 0x00, 0x00, 0x14, 0x93, 0xeb, 0x9c, 0x4c, 0x09, 0x00, 0x00, 0x00, 0x6e, 0xe0, 0x04, 0x00, 0x92, 0xcd, 0x00, 0x02,
    0x00, 0x00, 0x00, 0x00, 0x00, 0x00, 0x00, 0x00, 0x00, 0x00, 0x01, 0x01, 0x05, 0x02, 0x71, 0xca, 0x00, 0x06, 0x03, 0x00, 0x00, 0x00, 0x00, 0x00,
    0x00, 0x00, 0x00, 0x00, 0x00, 0x00, 0x00, 0x00, 0x00, 0x00, 0x00, 0x03, 0x00, 0x00, 0x2b, 0x72, 0xb5, 0xc9, 0x9a, 0x48, 0x06, 0x00, 0xd8, 0x76,
    0x00, 0x14, 0xdc, 0x3f, 0x04, 0x05, 0x02, 0x01, 0x01, 0x01, 0x00, 0x00, 0x00, 0x00, 0x00, 0x00, 0x00, 0x01, 0x01, 0x15, 0xe8, 0x30, 0x00, 0x02,
    0x00, 0x00, 0x00, 0x00, 0x00, 0x00, 0x00, 0x00, 0x00, 0x00, 0x00, 0x00, 0x00, 0x00, 0x00, 0x00, 0x00, 0x01, 0x03, 0x00, 0x00, 0x00, 0x24, 0x72,
    0xb6, 0xca, 0x96, 0xc0, 0xfd, 0x1b, 0x00, 0x23, 0x12, 0x00, 0x00, 0x00, 0x00, 0x00, 0x00, 0x02, 0x02, 0x02, 0x02, 0x02, 0x02, 0x02, 0x04, 0x00,
    0x21, 0xe7, 0x20, 0x00, 0x01, 0x00, 0x00, 0x00, 0x00, 0x00, 0x00, 0x00, 0x00, 0x00, 0x00, 0x00, 0x00, 0x00, 0x00, 0x00, 0x00, 0x00, 0x00, 0x00,
    0x02, 0x04, 0x02, 0x00, 0x00, 0x00, 0x25, 0x55, 0x69, 0xab, 0xc4, 0xb1, 0x86, 0x84, 0x7a, 0x51, 0x21, 0x17, 0x15, 0x07, 0x00, 0x00, 0x00, 0x00,
    0x00, 0x00, 0x00, 0x00, 0x05, 0xa0, 0xac, 0x00, 0x03, 0x00, 0x00, 0x00, 0x00, 0x00, 0x00, 0x00, 0x00, 0x00, 0x00, 0x00, 0x00, 0x00, 0x00, 0x00,
    0x00, 0x00, 0x00, 0x00, 0x00, 0x00, 0x00, 0x00, 0x01, 0x04, 0x02, 0x00, 0x00, 0x00, 0x00, 0x17, 0x2d, 0x56, 0x8b, 0xff, 0xb1, 0xe1, 0xd4, 0xde,
    0xc6, 0xbc, 0xc1, 0xc9, 0xc9, 0xc9, 0xc9, 0xca, 0xc7, 0xcc, 0xcc, 0x1a, 0x02, 0x01, 0x00, 0x00, 0x00, 0x00, 0x00, 0x00, 0x00, 0x00, 0x00, 0x00,
    0x00, 0x00, 0x00, 0x00, 0x00, 0x00, 0x00, 0x00, 0x00, 0x00, 0x00, 0x00, 0x00, 0x00, 0x00, 0x00, 0x02, 0x03, 0x04, 0x02, 0x00, 0x00, 0x00, 0x00,
    0x99, 0xcf, 0xd4, 0x4a, 0x14, 0x1a, 0x87, 0xf4, 0x52, 0x50, 0x4f, 0x4f, 0x4f, 0x4f, 0x26, 0x08, 0x00, 0x00, 0x00, 0x00, 0x00, 0x00, 0x00, 0x00,
    0x00, 0x00, 0x00, 0x00, 0x00, 0x00, 0x00, 0x00, 0x00, 0x00, 0x00, 0x00, 0x00, 0x00, 0x00, 0x00, 0x00, 0x00, 0x00, 0x00, 0x00, 0x00, 0x00, 0x00,
    0x00, 0x01, 0x02, 0x04, 0x04, 0x00, 0xc1, 0xf9, 0xb9, 0x00, 0x00, 0xc1, 0x69, 0x00, 0x00, 0x00, 0x00, 0x00, 0x00, 0x00, 0x00, 0x01, 0x00, 0x00,
    0x00, 0x00, 0x00, 0x00, 0x00, 0x00, 0x00, 0x00, 0x00, 0x00, 0x00, 0x00, 0x00, 0x00, 0x00, 0x00, 0x00, 0x00, 0x00, 0x00, 0x00, 0x00, 0x00, 0x00,
    0x00, 0x00, 0x00, 0x00, 0x00, 0x00, 0x00, 0x00, 0x00, 0x01, 0x02, 0x11, 0xca, 0xff, 0x4e, 0x2b, 0xed, 0x06, 0x04, 0x04, 0x03, 0x03, 0x03, 0x03,
    0x02, 0x01, 0x00, 0x00, 0x00, 0x00, 0x00, 0x00, 0x00, 0x00, 0x00, 0x00, 0x00, 0x00, 0x00, 0x00, 0x00, 0x00, 0x00, 0x00, 0x00, 0x00, 0x00, 0x00,
    0x00, 0x00, 0x00, 0x00, 0x00, 0x00, 0x00, 0x00, 0x00, 0x00, 0x00, 0x00, 0x00, 0x00, 0x00, 0x03, 0x00, 0x1f, 0xee, 0xd6, 0xbf, 0x8a, 0x00, 0x04,
    0x00, 0x00, 0x00, 0x00, 0x00, 0x00, 0x00, 0x00, 0x00, 0x00, 0x00, 0x00, 0x00, 0x00, 0x00, 0x00, 0x00, 0x00, 0x00, 0x00, 0x00, 0x00, 0x00, 0x00,
    0x00, 0x00, 0x00, 0x00, 0x00, 0x00, 0x00, 0x00, 0x00, 0x00, 0x00, 0x00, 0x00, 0x00, 0x00, 0x00, 0x00, 0x00, 0x00, 0x00, 0x00, 0x03, 0x00, 0x37,
    0xff, 0xfc, 0x12, 0x01, 0x01, 0x00, 0x00, 0x00, 0x00, 0x00, 0x00, 0x00, 0x00, 0x00, 0x00, 0x00, 0x00, 0x00, 0x00, 0x00, 0x00, 0x00, 0x00, 0x00,
    0x00, 0x00, 0x00, 0x00, 0x00, 0x00, 0x00, 0x00, 0x00, 0x00, 0x00, 0x00, 0x00, 0x00, 0x00, 0x00, 0x00, 0x00, 0x00, 0x00, 0x00, 0x00, 0x00, 0x00,
    0x00, 0x00, 0x00, 0x03, 0x00, 0x67, 0x68, 0x00, 0x02, 0x00, 0x00, 0x00, 0x00, 0x00, 0x00, 0x00, 0x00, 0x00, 0x00, 0x00, 0x00, 0x00, 0x00, 0x00,
    0x00, 0x00, 0x00, 0x00, 0x00, 0x00, 0x00, 0x00, 0x00, 0x00, 0x00, 0x00, 0x00, 0x00, 0x00, 0x00, 0x00, 0x00, 0x00, 0x00, 0x00, 0x00, 0x00, 0x00,
    0x00, 0x00, 0x00, 0x00, 0x00, 0x00, 0x00, 0x00, 0x00, 0x02, 0x00, 0x00, 0x01, 0x00, 0x00, 0x00, 0x00, 0x00, 0x00, 0x00, 0x00, 0x00, 0x00, 0x00,
    0x00, 0x00, 0x00, 0x00, 0x00, 0x00, 0x00, 0x00, 0x00, 0x00, 0x00, 0x00, 0x00, 0x00, 0x00, 0x00, 0x00, 0x00, 0x00, 0x00, 0x00, 0x00, 0x00, 0x00,
    0x00, 0x00, 0x00, 0x00, 0x00, 0x00, 0x00, 0x00, 0x00, 0x00, 0x00, 0x00, 0x00, 0x00, 0x00, 0x03, 0x02, 0x00, 0x00, 0x00, 0x00, 0x00, 0x00, 0x00,
    0x00, 0x00, 0x00, 0x00, 0x00, 0x00, 0x00, 0x00, 0x00, 0x00, 0x00, 0x00, 0x00, 0x00, 0x00, 0x00, 0x00, 0x00, 0x00, 0x00, 0x00, 0x00, 0x00, 0x00,
    0x00, 0x00, 0x00, 0x00, 0x00, 0x00, 0x00, 0x00, 0x00, 0x00, 0x00, 0x00, 0x00, 0x00, 0x00, 0x00, 0x00, 0x00, 0x00, 0x00, 0x00, 0x00, 0x00, 0x00,
    0x00, 0x00, 0x00, 0x00, 0x00, 0x00, 0x00, 0x00, 0x00, 0x00, 0x00, 0x00, 0x00, 0x00, 0x00, 0x00, 0x00, 0x00, 0x00, 0x00, 0x00, 0x00, 0x00, 0x00,
    0x00, 0x00, 0x00, 0x00, 0x00, 0x00, 0x00, 0x00, 0x00, 0x00, 0x00, 0x00, 0x00, 0x00, 0x00, 0x00, 0x00, 0x00, 0x00, 0x00, 0x00, 0x00, 0x00, 0x00,
    0x00, 0x00, 0x00, 0x00, 0x00, 0x00, 0x00, 0x00, 0x00, 0x00, 0x00, 0x00, 0x00, 0x00, 0x00, 0x00, 0x00, 0x00, 0x00, 0x00, 0x00, 0x00, 0x00
};
static const uint8_t bp_fish_head_8[2279] = {
    0x00, 0x00, 0x00, 0x00, 0x00, 0x00, 0x00, 0x00, 0x00, 0x00, 0x00, 0x00, 0x00, 0x00, 0x00, 0x00, 0x00, 0x00, 0x00, 0x00, 0x00, 0x00, 0x00, 0x00,
    0x00, 0x00, 0x00, 0x00, 0x00, 0x00, 0x00, 0x00, 0x00, 0x00, 0x00, 0x00, 0x00, 0x00, 0x00, 0x00, 0x00, 0x00, 0x00, 0x00, 0x00, 0x00, 0x00, 0x00,
    0x00, 0x00, 0x00, 0x00, 0x00, 0x00, 0x00, 0x00, 0x00, 0x00, 0x00, 0x00, 0x00, 0x00, 0x00, 0x00, 0x00, 0x00, 0x00, 0x00, 0x00, 0x00, 0x00, 0x00,
    0x00, 0x00, 0x00, 0x00, 0x00, 0x00, 0x00, 0x00, 0x00, 0x00, 0x00, 0x00, 0x00, 0x00, 0x01, 0x02, 0x00, 0x00, 0x00, 0x00, 0x00, 0x00, 0x00, 0x00,
    0x00, 0x00, 0x00, 0x00, 0x00, 0x00, 0x00, 0x00, 0x00, 0x00, 0x00, 0x00, 0x00, 0x00, 0x00, 0x00, 0x00, 0x00, 0x00, 0x00, 0x00, 0x00, 0x00, 0x00,
    0x00, 0x00, 0x00, 0x00, 0x00, 0x00, 0x00, 0x00, 0x00, 0x00, 0x00, 0x00, 0x00, 0x00, 0x00, 0x00, 0x02, 0x01, 0x01, 0x00, 0x00, 0x01, 0x00, 0x01,
    0x00, 0x00, 0x00, 0x00, 0x00, 0x00, 0x00, 0x00, 0x00, 0x00, 0x00, 0x00, 0x00, 0x00, 0x00, 0x00, 0x00, 0x00, 0x00, 0x00, 0x00, 0x00, 0x00, 0x00,
    0x00, 0x00, 0x00, 0x00, 0x00, 0x00, 0x00, 0x00, 0x00, 0x00, 0x00, 0x00, 0x00, 0x00, 0x00, 0x00, 0x00, 0x00, 0x00, 0x00, 0x00, 0x00, 0x00, 0x00,
    0x11, 0x19, 0x00, 0x03, 0x00, 0x01, 0x00, 0x00, 0x00, 0x00, 0x00, 0x00, 0x00, 0x00, 0x00, 0x00, 0x00, 0x00, 0x00, 0x00, 0x00, 0x00, 0x00, 0x00,
    0x00, 0x00, 0x00, 0x00, 0x00, 0x00, 0x00, 0x00, 0x00, 0x00, 0x00, 0x00, 0x00, 0x00, 0x00, 0x00, 0x00, 0x00, 0x00, 0x00, 0x00, 0x00, 0x00, 0x00,
    0x01, 0x01, 0xa8, 0xb0, 0x06, 0xa5, 0xef, 0x0e, 0x00, 0x00, 0x00, 0x02, 0x00, 0x00, 0x00, 0x00, 0x00, 0x00, 0x00, 0x00, 0x00, 0x00, 0x00, 0x00,
    0x00, 0x00, 0x00, 0x00, 0x00, 0x00, 0x00, 0x00, 0x00, 0x00, 0x00, 0x00, 0x00, 0x00, 0x00, 0x00, 0x00, 0x00, 0x00, 0x00, 0x00, 0x00, 0x00, 0x00,
    0x00, 0x00, 0x00, 0x00, 0x02, 0x00, 0x2b, 0xeb, 0x93, 0xd7, 0xde, 0x98, 0xac, 0x53, 0xe0, 0x12, 0x00, 0x00, 0x01, 0x00, 0x00, 0x00, 0x00, 0x00,
    0x00, 0x00, 0x00, 0x00, 0x00, 0x00, 0x00, 0x00, 0x00, 0x00, 0x00, 0x00, 0x00, 0x00, 0x00, 0x00, 0x00, 0x00, 0x00, 0x00, 0x00, 0x00, 0x00, 0x00,
    0x00, 0x00, 0x00, 0x00, 0x00, 0x00, 0x00, 0x00, 0x00, 0x04, 0x00, 0x93, 0x9e, 0x00, 0xb2, 0xb9, 0x00, 0xae, 0xff, 0xc0, 0x9b, 0x81, 0xbe, 0x00,
    0x04, 0x00, 0x00, 0x00, 0x00, 0x00, 0x00, 0x00, 0x00, 0x00, 0x00, 0x00, 0x00, 0x00, 0x00, 0x00, 0x00, 0x00, 0x00, 0x00, 0x00, 0x00, 0x00, 0x00,
    0x00, 0x00, 0x00, 0x00, 0x00, 0x00, 0x00, 0x00, 0x00, 0x00, 0x00, 0x00, 0x00, 0x00, 0x01, 0x06, 0xe1, 0x40, 0x04, 0xca, 0x51, 0x02, 0x54, 0xe6,
    0x00, 0xa8, 0xfc, 0xe1, 0x4b, 0x00, 0x02, 0x00, 0x00, 0x00, 0x00, 0x00, 0x00, 0x00, 0x00, 0x00, 0x00, 0x00, 0x00, 0x00, 0x00, 0x00, 0x00, 0x00,
    0x00, 0x00, 0x00, 0x00, 0x00, 0x00, 0x00, 0x00, 0x00, 0x00, 0x00, 0x00, 0x00, 0x00, 0x00, 0x00, 0x00, 0x01, 0x04, 0x03, 0x41, 0xe7, 0x03, 0x3d,
    0xe5, 0x07, 0x00, 0xb6, 0x79, 0x00, 0x73, 0xb8, 0x23, 0xd6, 0xa0, 0x50, 0x00, 0x03, 0x00, 0x00, 0x00, 0x00, 0x00, 0x00, 0x00, 0x00, 0x00, 0x00,
    0x00, 0x00, 0x00, 0x00, 0x00, 0x00, 0x00, 0x00, 0x00, 0x00, 0x00, 0x00, 0x00, 0x00, 0x00, 0x00, 0x00, 0x02, 0x04, 0x04, 0x03, 0x01, 0x00, 0x00,
    0x00, 0x99, 0x86, 0x00, 0xad, 0x88, 0x00, 0x2e, 0xea, 0x11, 0x01, 0xe3, 0x53, 0x00, 0x9b, 0xff, 0x1a, 0x00, 0x01, 0x00, 0x00, 0x00, 0x00, 0x00,
    0x00, 0x00, 0x00, 0x00, 0x00, 0x00, 0x00, 0x00, 0x00, 0x00, 0x00, 0x00, 0x00, 0x00, 0x00, 0x00, 0x00, 0x00, 0x01, 0x03, 0x04, 0x00, 0x00, 0x00,
    0x00, 0x00, 0x00, 0x16, 0x23, 0x54, 0xf9, 0x71, 0x52, 0xfc, 0x5e, 0x18, 0xba, 0xa0, 0x11, 0x56, 0xd2, 0x00, 0x00, 0xa1, 0x81, 0x00, 0x04, 0x00,
    0x00, 0x00, 0x00, 0x00, 0x00, 0x00, 0x00, 0x00, 0x00, 0x00, 0x00, 0x00, 0x00, 0x00, 0x00, 0x00, 0x00, 0x00, 0x00, 0x00, 0x00, 0x03, 0x04, 0x00,
    0x00, 0x00, 0x00, 0x2b, 0x68, 0x8f, 0xa0, 0xae, 0xaa, 0xa7, 0xc8, 0xbf, 0xc5, 0xc9, 0xbf, 0xb7, 0xd2, 0xf0, 0xdd, 0xdd, 0xf2, 0xee, 0xb7, 0x97,
    0xff, 0x4a, 0x00, 0x01, 0x00, 0x00, 0x00, 0x00, 0x00, 0x00, 0x00, 0x00, 0x00, 0x00, 0x00, 0x00, 0x00, 0x00, 0x00, 0x00, 0x00, 0x00, 0x00, 0x00,
    0x02, 0x01, 0x00, 0x00, 0x07, 0x48, 0x8f, 0xbd, 0xb0, 0xe4, 0xd8, 0x45, 0x1a, 0x7d, 0x25, 0x00, 0x00, 0x00, 0x00, 0x00, 0x00, 0x0e, 0x10, 0x15,
    0x15, 0x2b, 0x47, 0x55, 0x8e, 0xad, 0xc6, 0xaf, 0x07, 0x01, 0x00, 0x00, 0x00, 0x00, 0x00, 0x00, 0x00, 0x00, 0x00, 0x00, 0x00, 0x00, 0x00, 0x00,
    0x00, 0x00, 0x00, 0x00, 0x04, 0x00, 0x00, 0x54, 0x9e, 0xc5, 0xb6, 0x73, 0x2a, 0x24, 0xd2, 0x1b, 0x00, 0x3f, 0xf9, 0x26, 0x03, 0x04, 0x02, 0x02,
    0x02, 0x02, 0x00, 0x00, 0x00, 0x00, 0x00, 0x00, 0x00, 0x00, 0x00, 0x00, 0xd0, 0x41, 0x00, 0x03, 0x00, 0x00, 0x00, 0x00, 0x00, 0x00, 0x00, 0x00,
    0x00, 0x00, 0x00, 0x00, 0x00, 0x00, 0x00, 0x02, 0x00, 0x00, 0x23, 0xb5, 0xb4, 0x4d, 0x14, 0x00, 0x00, 0x00, 0xb4, 0xb3, 0x00, 0x07, 0xc8, 0x53,
    0x00, 0x03, 0x00, 0x00, 0x00, 0x00, 0x00, 0x01, 0x01, 0x01, 0x01, 0x02, 0x03, 0x03, 0x04, 0x07, 0x00, 0x8c, 0x82, 0x00, 0x04, 0x00, 0x00, 0x00,
    0x00, 0x00, 0x00, 0x00, 0x00, 0x00, 0x00, 0x00, 0x00, 0x00, 0x00, 0x04, 0x00, 0x02, 0x7c, 0xf9, 0xff, 0xc5, 0x99, 0x20, 0x00, 0x04, 0x2b, 0xec,
    0x1b, 0x01, 0x40, 0xd3, 0x00, 0x02, 0x00, 0x00, 0x00, 0x00, 0x00, 0x00, 0x00, 0x00, 0x00, 0x00, 0x00, 0x00, 0x00, 0x00, 0x04, 0x01, 0x61, 0xbf,
    0x00, 0x03, 0x00, 0x00, 0x00, 0x00, 0x00, 0x00, 0x00, 0x00, 0x00, 0x00, 0x00, 0x00, 0x00, 0x04, 0x00, 0x25, 0xd0, 0xff, 0xd0, 0x47, 0x45, 0x7c,
    0xdc, 0x1d, 0x00, 0x66, 0xba, 0x00, 0x00, 0x81, 0xa1, 0x01, 0x04, 0x00, 0x00, 0x00, 0x00, 0x00, 0x00, 0x01, 0x02, 0x03, 0x04, 0x04, 0x04, 0x02,
    0x02, 0x05, 0x00, 0xc3, 0x7c, 0x02, 0x04, 0x00, 0x00, 0x00, 0x00, 0x00, 0x00, 0x00, 0x00, 0x00, 0x00, 0x00, 0x00, 0x04, 0x00, 0x4c, 0xf4, 0x8b,
    0xdd, 0x13, 0x3d, 0xac, 0x41, 0x7a, 0xc0, 0x00, 0x9b, 0x8c, 0x01, 0x00, 0xac, 0x62, 0x00, 0x03, 0x00, 0x00, 0x01, 0x02, 0x03, 0x01, 0x00, 0x00,
    0x00, 0x00, 0x00, 0x00, 0x00, 0x00, 0x00, 0x12, 0xe4, 0x05, 0x00, 0x00, 0x01, 0x02, 0x00, 0x00, 0x00, 0x00, 0x00, 0x00, 0x00, 0x00, 0x00, 0x05,
    0x00, 0x73, 0xf6, 0x42, 0x1e, 0xd5, 0x00, 0xca, 0xff, 0xe5, 0x48, 0xd2, 0x00, 0xc6, 0x57, 0x00, 0x08, 0xd2, 0x24, 0x00, 0x02, 0x02, 0x03, 0x00,
    0x00, 0x00, 0x00, 0x09, 0x2b, 0x58, 0x8f, 0x91, 0x9b, 0xc9, 0xca, 0xb4, 0xbc, 0xed, 0x64, 0x39, 0x13, 0x00, 0x00, 0x00, 0x00, 0x00, 0x00, 0x00,
    0x00, 0x00, 0x00, 0x01, 0x00, 0x6c, 0xc8, 0x0b, 0x00, 0x12, 0xe2, 0x32, 0x2b, 0xac, 0x3a, 0x7b, 0xae, 0x00, 0xdd, 0x25, 0x00, 0x35, 0xd5, 0x08,
    0x01, 0x00, 0x00, 0x00, 0x11, 0x37, 0x8f, 0xb5, 0xb9, 0xb1, 0x8f, 0x93, 0x84, 0x55, 0x52, 0x53, 0x53, 0x88, 0xe5, 0x8c, 0xab, 0xb7, 0xb4, 0x53,
    0x00, 0x02, 0x00, 0x00, 0x00, 0x00, 0x00, 0x00, 0x06, 0x51, 0xd6, 0x7f, 0x4e, 0x01, 0x00, 0x60, 0xe2, 0x6b, 0x43, 0x99, 0xdf, 0x1b, 0x0e, 0xe1,
    0x16, 0x00, 0x53, 0xc7, 0x00, 0x03, 0x08, 0x3a, 0x9a, 0xc9, 0xba, 0x78, 0x2c, 0x14, 0x00, 0x00, 0x00, 0x00, 0x00, 0x00, 0x00, 0x00, 0x16, 0xc7,
    0x00, 0x00, 0x12, 0x44, 0xdc, 0x13, 0x01, 0x01, 0x00, 0x00, 0x00, 0x01, 0x00, 0x10, 0x89, 0x6e, 0x8b, 0xc4, 0xb4, 0x42, 0x00, 0x36, 0xb0, 0xc9,
    0x8f, 0x26, 0x00, 0x17, 0xde, 0x18, 0x00, 0x52, 0xca, 0x00, 0x01, 0x29, 0xb4, 0x69, 0x07, 0x00, 0x00, 0x00, 0x00, 0x00, 0x15, 0x19, 0x18, 0x21,
    0x30, 0x2f, 0x3c, 0x3d, 0xd5, 0x60, 0x43, 0x37, 0x2f, 0xd7, 0x49, 0x00, 0x03, 0x00, 0x00, 0x00, 0x00, 0x00, 0x00, 0x00, 0x2d, 0x00, 0x00, 0x8c,
    0xff, 0x2e, 0x00, 0x00, 0x00, 0x00, 0x00, 0x01, 0x13, 0xdd, 0x1c, 0x00, 0x43, 0xc5, 0x01, 0x01, 0x00, 0x00, 0x14, 0x5f, 0x6d, 0x99, 0x95, 0x86,
    0x7e, 0x76, 0x5e, 0x5e, 0x50, 0x2f, 0x31, 0x35, 0x1d, 0xa6, 0x8b, 0x1a, 0x1e, 0x18, 0xcb, 0x51, 0x00, 0x03, 0x00, 0x00, 0x00, 0x00, 0x02, 0x00,
    0x9f, 0xff, 0x75, 0x7a, 0xe1, 0x6c, 0x07, 0x00, 0x00, 0x06, 0x06, 0x05, 0x05, 0x04, 0xc7, 0x4b, 0x00, 0x17, 0xd9, 0x15, 0x00, 0x23, 0x5c, 0x64,
    0x5b, 0x39, 0x47, 0x33, 0x46, 0x3e, 0x3f, 0x49, 0x4f, 0x60, 0x5d, 0x53, 0x4b, 0x4d, 0xd8, 0x76, 0x34, 0x30, 0x3b, 0xe9, 0x20, 0x00, 0x01, 0x00,
    0x00, 0x00, 0x00, 0x00, 0x01, 0x12, 0x38, 0xde, 0xfa, 0x1a, 0x00, 0x04, 0x49, 0x16, 0x00, 0x00, 0x00, 0x00, 0x00, 0xb9, 0x7d, 0x01, 0x17, 0xe1,
    0x16, 0x00, 0x26, 0x90, 0xc0, 0xb3, 0xb0, 0xa0, 0x80, 0x84, 0x78, 0x49, 0x24, 0x1a, 0x1b, 0x0b, 0x14, 0x14, 0x5b, 0xd7, 0x20, 0x20, 0x22, 0xa1,
    0x8b, 0x00, 0x02, 0x00, 0x00, 0x00, 0x00, 0x00, 0x00, 0x00, 0x00, 0x00, 0x13, 0xde, 0x97, 0x04, 0x00, 0x50, 0x99, 0x87, 0x57, 0x56, 0x57, 0xa2,
    0xe1, 0x9f, 0x00, 0x02, 0xb1, 0x6a, 0x01, 0x00, 0x00, 0x00, 0x00, 0x0b, 0x2e, 0x5b, 0x92, 0x93, 0x9a, 0xb1, 0xd9, 0xc1, 0xaf, 0xc5, 0x8d, 0xc4,
    0xe9, 0x8e, 0x98, 0xb1, 0xcb, 0x0a, 0x02, 0x01, 0x00, 0x00, 0x00, 0x00, 0x00, 0x00, 0x00, 0x01, 0x04, 0x00, 0x1a, 0xc9, 0xd3, 0x4b, 0x00, 0x00,
    0x49, 0x7d, 0x8a, 0x7d, 0x4a, 0x42, 0xdf, 0x0b, 0x00, 0x61, 0xc0, 0x00, 0x04, 0x04, 0x02, 0x02, 0x00, 0x00, 0x00, 0x00, 0x00, 0x00, 0x00, 0x14,
    0x1a, 0x2c, 0x50, 0x61, 0xd6, 0x8d, 0x94, 0x91, 0x8a, 0x12, 0x00, 0x01, 0x00, 0x00, 0x00, 0x00, 0x00, 0x00, 0x00, 0x00, 0x00, 0x00, 0x02, 0x00,
    0x00, 0x5a, 0xdf, 0xbb, 0x38, 0x00, 0x00, 0x00, 0x00, 0x00, 0x01, 0xda, 0x55, 0x00, 0x1e, 0xd9, 0x17, 0x01, 0x01, 0x00, 0x00, 0x01, 0x02, 0x03,
    0x04, 0x04, 0x04, 0x01, 0x00, 0x00, 0x00, 0x00, 0x00, 0xc5, 0x2f, 0x00, 0x00, 0x00, 0x00, 0x01, 0x00, 0x00, 0x00, 0x00, 0x00, 0x00, 0x00, 0x00,
    0x00, 0x00, 0x00, 0x00, 0x01, 0x02, 0x00, 0x0e, 0x7d, 0xb7, 0xc2, 0x56, 0x02, 0x00, 0x00, 0x00, 0x6a, 0xe3, 0x04, 0x00, 0xb0, 0x97, 0x00, 0x03,
    0x00, 0x00, 0x00, 0x00, 0x00, 0x00, 0x00, 0x00, 0x00, 0x01, 0x01, 0x02, 0x07, 0x02, 0xaa, 0x96, 0x03, 0x08, 0x04, 0x01, 0x00, 0x00, 0x00, 0x00,
    0x00, 0x00, 0x00, 0x00, 0x00, 0x00, 0x00, 0x00, 0x00, 0x00, 0x00, 0x03, 0x00, 0x00, 0x00, 0x51, 0xb6, 0xbe, 0x84, 0x37, 0x1e, 0x00, 0xb8, 0x9a,
    0x00, 0x29, 0xfe, 0x3a, 0x04, 0x05, 0x01, 0x01, 0x00, 0x00, 0x00, 0x00, 0x00, 0x00, 0x00, 0x00, 0x00, 0x03, 0x00, 0x53, 0xd4, 0x05, 0x01, 0x00,
    0x00, 0x00, 0x00, 0x00, 0x00, 0x00, 0x00, 0x00, 0x00, 0x00, 0x00, 0x00, 0x00, 0x00, 0x00, 0x00, 0x00, 0x01, 0x04, 0x01, 0x00, 0x00, 0x33, 0x85,
    0xb6, 0xba, 0xbd, 0xa5, 0xff, 0x4f, 0x00, 0x2a, 0x03, 0x00, 0x00, 0x00, 0x00, 0x00, 0x02, 0x02, 0x03, 0x04, 0x04, 0x04, 0x04, 0x04, 0x05, 0x02,
    0x3e, 0xe2, 0x09, 0x01, 0x01, 0x00, 0x00, 0x00, 0x00, 0x00, 0x00, 0x00, 0x00, 0x00, 0x00, 0x00, 0x00, 0x00, 0x00, 0x00, 0x00, 0x00, 0x00, 0x00,
    0x00, 0x03, 0x02, 0x00, 0x00, 0x00, 0x00, 0x36, 0x7c, 0x81, 0xba, 0xbf, 0x90, 0x85, 0x7a, 0x49, 0x1a, 0x17, 0x00, 0x00, 0x00, 0x00, 0x00, 0x00,
    0x00, 0x00, 0x00, 0x00, 0x00, 0xa2, 0x9e, 0x00, 0x04, 0x00, 0x00, 0x00, 0x00, 0x00, 0x00, 0x00, 0x00, 0x00, 0x00, 0x00, 0x00, 0x00, 0x00, 0x00,
    0x00, 0x00, 0x00, 0x00, 0x00, 0x00, 0x00, 0x00, 0x02, 0x04, 0x02, 0x00, 0x00, 0x00, 0x00, 0x00, 0x29, 0x55, 0x94, 0xff, 0xcd, 0xd3, 0xd4, 0xba,
    0xc1, 0xc3, 0xa2, 0x90, 0x93, 0x93, 0x93, 0x9f, 0xc8, 0xc7, 0xb2, 0x1d, 0x01, 0x01, 0x00, 0x00, 0x00, 0x00, 0x00, 0x00, 0x00, 0x00, 0x00, 0x00,
    0x00, 0x00, 0x00, 0x00, 0x00, 0x00, 0x00, 0x00, 0x00, 0x00, 0x00, 0x00, 0x00, 0x00, 0x00, 0x00, 0x00, 0x02, 0x04, 0x04, 0x01, 0x00, 0x00, 0x00,
    0x9d, 0xec, 0xcc, 0x20, 0x1e, 0x43, 0x98, 0xdc, 0x7f, 0x94, 0x91, 0x93, 0x72, 0x4f, 0x4d, 0x0f, 0x00, 0x00, 0x00, 0x00, 0x00, 0x00, 0x00, 0x00,
    0x00, 0x00, 0x00, 0x00, 0x00, 0x00, 0x00, 0x00, 0x00, 0x00, 0x00, 0x00, 0x00, 0x00, 0x00, 0x00, 0x00, 0x00, 0x00, 0x00, 0x00, 0x00, 0x00, 0x00,
    0x00, 0x00, 0x01, 0x04, 0x02, 0x0b, 0xca, 0xff, 0x7f, 0x00, 0x00, 0xb9, 0x4a, 0x00, 0x00, 0x00, 0x00, 0x00, 0x00, 0x00, 0x00, 0x01, 0x00, 0x00,
    0x00, 0x00, 0x00, 0x00, 0x00, 0x00, 0x00, 0x00, 0x00, 0x00, 0x00, 0x00, 0x00, 0x00, 0x00, 0x00, 0x00, 0x00, 0x00, 0x00, 0x00, 0x00, 0x00, 0x00,
    0x00, 0x00, 0x00, 0x00, 0x00, 0x00, 0x00, 0x00, 0x00, 0x02, 0x00, 0x14, 0xe7, 0xfb, 0x15, 0x46, 0xce, 0x00, 0x06, 0x04, 0x04, 0x04, 0x04, 0x03,
    0x03, 0x01, 0x00, 0x00, 0x00, 0x00, 0x00, 0x00, 0x00, 0x00, 0x00, 0x00, 0x00, 0x00, 0x00, 0x00, 0x00, 0x00, 0x00, 0x00, 0x00, 0x00, 0x00, 0x00,
    0x00, 0x00, 0x00, 0x00, 0x00, 0x00, 0x00, 0x00, 0x00, 0x00, 0x00, 0x00, 0x00, 0x00, 0x00, 0x03, 0x00, 0x36, 0xff, 0xac, 0xc3, 0x4f, 0x00, 0x03,
    0x00, 0x00, 0x00, 0x00, 0x00, 0x00, 0x00, 0x00, 0x00, 0x00, 0x00, 0x00, 0x00, 0x00, 0x00, 0x00, 0x00, 0x00, 0x00, 0x00, 0x00, 0x00, 0x00, 0x00,
    0x00, 0x00, 0x00, 0x00, 0x00, 0x00, 0x00, 0x00, 0x00, 0x00, 0x00, 0x00, 0x00, 0x00, 0x00, 0x00, 0x00, 0x00, 0x00, 0x00, 0x00, 0x03, 0x00, 0x63,
    0xff, 0xc4, 0x00, 0x03, 0x00, 0x00, 0x00, 0x00, 0x00, 0x00, 0x00, 0x00, 0x00, 0x00, 0x00, 0x00, 0x00, 0x00, 0x00, 0x00, 0x00, 0x00, 0x00, 0x00,
    0x00, 0x00, 0x00, 0x00, 0x00, 0x00, 0x00, 0x00, 0x00, 0x00, 0x00, 0x00, 0x00, 0x00, 0x00, 0x00, 0x00, 0x00, 0x00, 0x00, 0x00, 0x00, 0x00, 0x00,
    0x00, 0x00, 0x00, 0x03, 0x00, 0x86, 0x3d, 0x01, 0x02, 0x00, 0x00, 0x00, 0x00, 0x00, 0x00, 0x00, 0x00, 0x00, 0x00, 0x00, 0x00, 0x00, 0x00, 0x00,
    0x00, 0x00, 0x00, 0x00, 0x00, 0x00, 0x00, 0x00, 0x00, 0x00, 0x00, 0x00, 0x00, 0x00, 0x00, 0x00, 0x00, 0x00, 0x00, 0x00, 0x00, 0x00, 0x00, 0x00,
    0x00, 0x00, 0x00, 0x00, 0x00, 0x00, 0x00, 0x00, 0x00, 0x02, 0x00, 0x00, 0x00, 0x00, 0x00, 0x00, 0x00, 0x00, 0x00, 0x00, 0x00, 0x00, 0x00, 0x00,
    0x00, 0x00, 0x00, 0x00, 0x00, 0x00, 0x00, 0x00, 0x00, 0x00, 0x00, 0x00, 0x00, 0x00, 0x00, 0x00, 0x00, 0x00, 0x00, 0x00, 0x00, 0x00, 0x00, 0x00,
    0x00, 0x00, 0x00, 0x00, 0x00, 0x00, 0x00, 0x00, 0x00, 0x00, 0x00, 0x00, 0x00, 0x00, 0x00, 0x03, 0x02, 0x00, 0x00, 0x00, 0x00, 0x00, 0x00, 0x00,
    0x00, 0x00, 0x00, 0x00, 0x00, 0x00, 0x00, 0x00, 0x00, 0x00, 0x00, 0x00, 0x00, 0x00, 0x00, 0x00, 0x00, 0x00, 0x00, 0x00, 0x00, 0x00, 0x00, 0x00,
    0x00, 0x00, 0x00, 0x00, 0x00, 0x00, 0x00, 0x00, 0x00, 0x00, 0x00, 0x00, 0x00, 0x00, 0x00, 0x00, 0x00, 0x00, 0x00, 0x00, 0x00, 0x00, 0x00, 0x00,
    0x00, 0x00, 0x00, 0x00, 0x00, 0x00, 0x00, 0x00, 0x00, 0x00, 0x00, 0x00, 0x00, 0x00, 0x00, 0x00, 0x00, 0x00, 0x00, 0x00, 0x00, 0x00, 0x00, 0x00,
    0x00, 0x00, 0x00, 0x00, 0x00, 0x00, 0x00, 0x00, 0x00, 0x00, 0x00, 0x00, 0x00, 0x00, 0x00, 0x00, 0x00, 0x00, 0x00, 0x00, 0x00, 0x00, 0x00, 0x00,
    0x00, 0x00, 0x00, 0x00, 0x00, 0x00, 0x00, 0x00, 0x00, 0x00, 0x00, 0x00, 0x00, 0x00, 0x00, 0x00, 0x00, 0x00, 0x00, 0x00, 0x00, 0x00, 0x00
};
const lv_image_dsc_t bp_fish_head[9] = {
    {.header.magic = LV_IMAGE_HEADER_MAGIC, .header.cf = LV_COLOR_FORMAT_A8, .header.w = 53, .header.h = 43, .header.stride = 53, .data_size = sizeof(bp_fish_head_0), .data = bp_fish_head_0},
    {.header.magic = LV_IMAGE_HEADER_MAGIC, .header.cf = LV_COLOR_FORMAT_A8, .header.w = 53, .header.h = 43, .header.stride = 53, .data_size = sizeof(bp_fish_head_1), .data = bp_fish_head_1},
    {.header.magic = LV_IMAGE_HEADER_MAGIC, .header.cf = LV_COLOR_FORMAT_A8, .header.w = 53, .header.h = 43, .header.stride = 53, .data_size = sizeof(bp_fish_head_2), .data = bp_fish_head_2},
    {.header.magic = LV_IMAGE_HEADER_MAGIC, .header.cf = LV_COLOR_FORMAT_A8, .header.w = 53, .header.h = 43, .header.stride = 53, .data_size = sizeof(bp_fish_head_3), .data = bp_fish_head_3},
    {.header.magic = LV_IMAGE_HEADER_MAGIC, .header.cf = LV_COLOR_FORMAT_A8, .header.w = 53, .header.h = 43, .header.stride = 53, .data_size = sizeof(bp_fish_head_4), .data = bp_fish_head_4},
    {.header.magic = LV_IMAGE_HEADER_MAGIC, .header.cf = LV_COLOR_FORMAT_A8, .header.w = 53, .header.h = 43, .header.stride = 53, .data_size = sizeof(bp_fish_head_5), .data = bp_fish_head_5},
    {.header.magic = LV_IMAGE_HEADER_MAGIC, .header.cf = LV_COLOR_FORMAT_A8, .header.w = 53, .header.h = 43, .header.stride = 53, .data_size = sizeof(bp_fish_head_6), .data = bp_fish_head_6},
    {.header.magic = LV_IMAGE_HEADER_MAGIC, .header.cf = LV_COLOR_FORMAT_A8, .header.w = 53, .header.h = 43, .header.stride = 53, .data_size = sizeof(bp_fish_head_7), .data = bp_fish_head_7},
    {.header.magic = LV_IMAGE_HEADER_MAGIC, .header.cf = LV_COLOR_FORMAT_A8, .header.w = 53, .header.h = 43, .header.stride = 53, .data_size = sizeof(bp_fish_head_8), .data = bp_fish_head_8},
};

static const uint8_t bp_fish_tail_0[2204] = {
    0x00, 0x00, 0x00, 0x00, 0x00, 0x00, 0x00, 0x00, 0x00, 0x00, 0x00, 0x00, 0x00, 0x00, 0x00, 0x00, 0x00, 0x00, 0x00, 0x00, 0x00, 0x00, 0x00, 0x00,
    0x00, 0x00, 0x00, 0x00, 0x00, 0x00, 0x00, 0x00, 0x00, 0x00, 0x00, 0x00, 0x00, 0x00, 0x00, 0x00, 0x00, 0x00, 0x00, 0x00, 0x00, 0x00, 0x00, 0x00,
    0x00, 0x03, 0x04, 0x00, 0x00, 0x00, 0x00, 0x00, 0x00, 0x00, 0x00, 0x00, 0x00, 0x00, 0x00, 0x00, 0x00, 0x00, 0x00, 0x00, 0x00, 0x00, 0x00, 0x00,
    0x00, 0x00, 0x00, 0x00, 0x00, 0x00, 0x00, 0x00, 0x00, 0x00, 0x00, 0x00, 0x00, 0x00, 0x00, 0x00, 0x00, 0x00, 0x00, 0x00, 0x00, 0x00, 0x00, 0x00,
    0x00, 0x00, 0x00, 0x00, 0x00, 0x00, 0x00, 0x00, 0x00, 0x00, 0x02, 0x00, 0x00, 0x00, 0x00, 0x00, 0x00, 0x00, 0x00, 0x00, 0x00, 0x00, 0x00, 0x00,
    0x00, 0x00, 0x00, 0x00, 0x00, 0x00, 0x00, 0x00, 0x00, 0x00, 0x00, 0x03, 0x01, 0x01, 0x02, 0x03, 0x03, 0x03, 0x03, 0x03, 0x03, 0x01, 0x01, 0x00,
    0x00, 0x00, 0x00, 0x00, 0x00, 0x00, 0x00, 0x00, 0x00, 0x00, 0x00, 0x00, 0x00, 0x00, 0x00, 0x00, 0x00, 0x00, 0x00, 0x03, 0x00, 0x77, 0x6b, 0x00,
    0x01, 0x00, 0x00, 0x00, 0x00, 0x00, 0x00, 0x00, 0x00, 0x00, 0x00, 0x00, 0x00, 0x00, 0x00, 0x00, 0x00, 0x00, 0x00, 0x00, 0x02, 0x00, 0x00, 0x00,
    0x00, 0x00, 0x00, 0x00, 0x00, 0x00, 0x00, 0x00, 0x00, 0x02, 0x04, 0x03, 0x01, 0x01, 0x01, 0x00, 0x00, 0x00, 0x00, 0x00, 0x00, 0x00, 0x00, 0x00,
    0x00, 0x00, 0x00, 0x00, 0x03, 0x00, 0x50, 0xff, 0x9b, 0x00, 0x04, 0x00, 0x00, 0x00, 0x00, 0x00, 0x00, 0x00, 0x00, 0x00, 0x00, 0x00, 0x00, 0x00,
    0x02, 0x03, 0x03, 0x03, 0x04, 0x02, 0x00, 0x6d, 0x17, 0x12, 0x37, 0x56, 0x54, 0x53, 0x51, 0x51, 0x4b, 0x15, 0x17, 0x00, 0x00, 0x00, 0x00, 0x00,
    0x00, 0x00, 0x03, 0x02, 0x00, 0x00, 0x00, 0x00, 0x00, 0x00, 0x00, 0x00, 0x00, 0x02, 0x01, 0x25, 0xe7, 0xd9, 0x80, 0x00, 0x04, 0x00, 0x00, 0x00,
    0x00, 0x00, 0x00, 0x00, 0x00, 0x00, 0x00, 0x00, 0x02, 0x01, 0x00, 0x00, 0x00, 0x00, 0x00, 0x00, 0x4a, 0xf8, 0xa8, 0xb1, 0xf5, 0xca, 0x9a, 0xdf,
    0xd3, 0xb5, 0xcb, 0xed, 0xc9, 0xac, 0x74, 0x54, 0x15, 0x06, 0x0a, 0x02, 0x00, 0x00, 0x00, 0x00, 0x00, 0x00, 0x00, 0x00, 0x00, 0x00, 0x01, 0x03,
    0x02, 0xd5, 0xac, 0xe1, 0x79, 0x00, 0x04, 0x00, 0x00, 0x00, 0x00, 0x00, 0x00, 0x00, 0x00, 0x00, 0x00, 0x01, 0x00, 0x00, 0x35, 0x49, 0x3f, 0x4c,
    0x73, 0xd3, 0xff, 0xae, 0x6a, 0xa0, 0xc8, 0x12, 0x2a, 0xd8, 0x12, 0x00, 0x8c, 0x7a, 0x00, 0x96, 0xeb, 0x98, 0xd8, 0xed, 0x68, 0x00, 0x5a, 0x67,
    0x01, 0x02, 0x00, 0x00, 0x00, 0x00, 0x00, 0x00, 0x04, 0x00, 0x9d, 0xd2, 0xb2, 0xfe, 0x3e, 0x00, 0x03, 0x00, 0x00, 0x00, 0x00, 0x00, 0x00, 0x00,
    0x00, 0x00, 0x01, 0x00, 0x39, 0xc2, 0xc4, 0xe4, 0xff, 0xd6, 0xc8, 0xcb, 0xbc, 0xbc, 0xc2, 0xc7, 0xaf, 0xc6, 0xec, 0xea, 0xab, 0xbb, 0xfb, 0x8e,
    0x63, 0xc5, 0x36, 0x00, 0x73, 0x9a, 0xba, 0xd4, 0xe5, 0x28, 0x00, 0x02, 0x00, 0x00, 0x00, 0x00, 0x00, 0x03, 0x00, 0x5c, 0xe9, 0xb2, 0x9a, 0xbb,
    0x51, 0x00, 0x03, 0x00, 0x00, 0x00, 0x00, 0x00, 0x00, 0x00, 0x00, 0x02, 0x01, 0x1c, 0xf8, 0x82, 0x00, 0x06, 0x95, 0xce, 0x0e, 0x00, 0x00, 0x00,
    0x00, 0x00, 0x00, 0x07, 0x12, 0x12, 0x1f, 0x2a, 0x43, 0x57, 0x8c, 0xb0, 0xaf, 0xb0, 0xaf, 0x5e, 0x1c, 0x5f, 0xac, 0x98, 0x2a, 0x05, 0x03, 0x00,
    0x00, 0x00, 0x02, 0x00, 0x26, 0xed, 0xb5, 0xc8, 0x00, 0xd3, 0x5d, 0x00, 0x03, 0x00, 0x00, 0x00, 0x00, 0x00, 0x00, 0x00, 0x00, 0x03, 0x00, 0x8e,
    0x92, 0x00, 0x00, 0x10, 0x00, 0x8d, 0xb1, 0x00, 0x05, 0x02, 0x02, 0x02, 0x02, 0x00, 0x00, 0x00, 0x00, 0x00, 0x00, 0x00, 0x00, 0x00, 0x1d, 0x1f,
    0x48, 0xaa, 0xc5, 0x92, 0x7a, 0xa3, 0x4d, 0x00, 0x00, 0x04, 0x00, 0x01, 0x03, 0x03, 0xcf, 0xc0, 0xd5, 0x15, 0x98, 0xff, 0x41, 0x00, 0x03, 0x00,
    0x00, 0x00, 0x00, 0x00, 0x00, 0x00, 0x01, 0x01, 0x18, 0xe1, 0x12, 0x3b, 0xbb, 0xce, 0x70, 0x00, 0xdb, 0x30, 0x01, 0x02, 0x00, 0x00, 0x00, 0x01,
    0x01, 0x01, 0x01, 0x02, 0x03, 0x03, 0x04, 0x02, 0x00, 0x00, 0x00, 0x00, 0x11, 0x4d, 0x8d, 0x9e, 0xc3, 0x84, 0x1a, 0x00, 0x01, 0x06, 0x00, 0x98,
    0xe1, 0xcd, 0x4b, 0xa4, 0xa4, 0xbd, 0x4f, 0x00, 0x03, 0x00, 0x00, 0x00, 0x00, 0x00, 0x00, 0x00, 0x03, 0x00, 0x93, 0xa5, 0x13, 0xd3, 0x7e, 0x5d,
    0xca, 0x54, 0x68, 0xb4, 0x00, 0x03, 0x00, 0x00, 0x00, 0x00, 0x00, 0x00, 0x00, 0x00, 0x00, 0x00, 0x00, 0x00, 0x01, 0x01, 0x03, 0x03, 0x00, 0x00,
    0x00, 0x00, 0x32, 0x90, 0xd2, 0x6f, 0x00, 0x00, 0x5e, 0xf1, 0xc3, 0x94, 0xa8, 0x98, 0x00, 0xdb, 0x54, 0x00, 0x03, 0x00, 0x00, 0x00, 0x00, 0x00,
    0x00, 0x00, 0x01, 0x06, 0xda, 0x2b, 0x87, 0xd1, 0xb3, 0xce, 0x92, 0xe3, 0x3c, 0xe5, 0x1b, 0x00, 0x01, 0x00, 0x00, 0x00, 0x00, 0x00, 0x00, 0x00,
    0x00, 0x00, 0x00, 0x00, 0x00, 0x00, 0x00, 0x00, 0x01, 0x03, 0x04, 0x01, 0x00, 0x00, 0x1e, 0xcb, 0xc5, 0x9b, 0xe2, 0xbe, 0xc6, 0xd0, 0x67, 0x3f,
    0xc0, 0xe0, 0x7f, 0x00, 0x04, 0x00, 0x00, 0x00, 0x00, 0x00, 0x00, 0x01, 0x00, 0x15, 0xd8, 0x14, 0xc2, 0xd4, 0x58, 0x14, 0xa3, 0xae, 0x6d, 0xad,
    0x7b, 0x00, 0x03, 0x00, 0x00, 0x00, 0x00, 0x00, 0x00, 0x00, 0x00, 0x00, 0x00, 0x00, 0x00, 0x00, 0x00, 0x00, 0x00, 0x00, 0x00, 0x00, 0x02, 0x04,
    0x00, 0x00, 0x8a, 0x7b, 0x2a, 0xe0, 0xe1, 0x76, 0x8c, 0xcd, 0x29, 0x4d, 0xc7, 0x00, 0x02, 0x00, 0x00, 0x00, 0x00, 0x00, 0x00, 0x02, 0x00, 0x44,
    0xb9, 0x2c, 0xb8, 0x84, 0x48, 0x00, 0x9c, 0x73, 0x9f, 0x4a, 0xca, 0x00, 0x02, 0x00, 0x00, 0x00, 0x00, 0x00, 0x00, 0x00, 0x00, 0x00, 0x00, 0x00,
    0x00, 0x00, 0x00, 0x00, 0x00, 0x00, 0x00, 0x00, 0x00, 0x00, 0x01, 0x01, 0x00, 0x00, 0x01, 0xc9, 0xd6, 0xb4, 0x76, 0x00, 0x07, 0x6e, 0xed, 0x08,
    0x00, 0x01, 0x00, 0x00, 0x00, 0x00, 0x00, 0x03, 0x00, 0x56, 0xb6, 0x6b, 0x89, 0x77, 0x8c, 0x1e, 0xd4, 0x21, 0xcf, 0x23, 0xd0, 0x10, 0x00, 0x01,
    0x00, 0x00, 0x00, 0x00, 0x00, 0x00, 0x00, 0x00, 0x00, 0x00, 0x00, 0x00, 0x00, 0x00, 0x00, 0x00, 0x00, 0x00, 0x00, 0x01, 0x02, 0x03, 0x06, 0x06,
    0x04, 0xa3, 0xa3, 0x2d, 0x31, 0x88, 0x8f, 0x60, 0xbe, 0x70, 0x00, 0x03, 0x00, 0x00, 0x00, 0x00, 0x00, 0x03, 0x00, 0x50, 0xad, 0x8a, 0x8e, 0x12,
    0xbc, 0xc4, 0x61, 0x00, 0xcd, 0x58, 0xd3, 0x19, 0x00, 0x01, 0x00, 0x00, 0x00, 0x00, 0x00, 0x00, 0x00, 0x00, 0x00, 0x01, 0x01, 0x01, 0x02, 0x03,
    0x03, 0x03, 0x01, 0x01, 0x00, 0x00, 0x00, 0x00, 0x00, 0x01, 0x01, 0x46, 0x5f, 0x7b, 0x66, 0x1f, 0x00, 0x00, 0x4d, 0xce, 0x00, 0x02, 0x00, 0x00,
    0x00, 0x00, 0x00, 0x04, 0x00, 0x86, 0x7d, 0x7b, 0x9b, 0x00, 0x26, 0x58, 0x06, 0x01, 0xc8, 0x60, 0xc8, 0x19, 0x04, 0x05, 0x04, 0x04, 0x04, 0x04,
    0x04, 0x03, 0x02, 0x01, 0x00, 0x00, 0x00, 0x00, 0x00, 0x00, 0x00, 0x00, 0x00, 0x00, 0x03, 0x1a, 0x2f, 0x4d, 0x48, 0x03, 0x00, 0x46, 0x85, 0x52,
    0x40, 0x45, 0x51, 0x4f, 0x82, 0xc5, 0x00, 0x02, 0x00, 0x00, 0x00, 0x00, 0x00, 0x04, 0x00, 0x9b, 0x7b, 0x7c, 0x91, 0x0f, 0xe7, 0xff, 0xbe, 0x00,
    0xb1, 0x65, 0xb2, 0x37, 0x00, 0x00, 0x00, 0x00, 0x00, 0x00, 0x00, 0x00, 0x00, 0x00, 0x02, 0x10, 0x1f, 0x22, 0x30, 0x4e, 0x6d, 0x73, 0xa9, 0xa0,
    0x7c, 0x82, 0x72, 0x52, 0x3b, 0x01, 0x00, 0x1c, 0x6c, 0x57, 0x43, 0x3e, 0x47, 0x4c, 0x87, 0xc5, 0x00, 0x02, 0x00, 0x00, 0x00, 0x00, 0x00, 0x04,
    0x00, 0x92, 0x78, 0x7e, 0x8e, 0x17, 0xff, 0xff, 0xfa, 0x00, 0x8b, 0x8f, 0xab, 0xb4, 0x89, 0x8c, 0x8b, 0x8b, 0x8b, 0x8b, 0x8a, 0x71, 0x9d, 0xab,
    0x7f, 0x95, 0xaf, 0x7e, 0x71, 0x52, 0x3a, 0x23, 0x1f, 0x17, 0x02, 0x00, 0x00, 0x00, 0x00, 0x01, 0x00, 0x0f, 0x7f, 0x68, 0x5c, 0x42, 0x18, 0x00,
    0x36, 0xcb, 0x00, 0x02, 0x00, 0x00, 0x00, 0x00, 0x00, 0x03, 0x00, 0x5c, 0xa2, 0x7d, 0x94, 0x00, 0x68, 0xa7, 0x51, 0x01, 0xa6, 0x73, 0xaf, 0x8b,
    0x54, 0x57, 0x55, 0x56, 0x54, 0x55, 0x51, 0x28, 0x20, 0x1c, 0x04, 0x00, 0x00, 0x00, 0x00, 0x00, 0x00, 0x00, 0x00, 0x00, 0x00, 0x02, 0x03, 0x03,
    0x04, 0x04, 0x03, 0x0e, 0x9e, 0x7c, 0x5b, 0x5a, 0x73, 0x78, 0xa7, 0xc4, 0x00, 0x02, 0x00, 0x00, 0x00, 0x00, 0x00, 0x02, 0x00, 0x42, 0xc0, 0x51,
    0xbd, 0x00, 0x29, 0x82, 0x3c, 0x00, 0xcf, 0x3c, 0xba, 0x49, 0x00, 0x00, 0x00, 0x00, 0x00, 0x00, 0x00, 0x00, 0x00, 0x00, 0x00, 0x0b, 0x1c, 0x00,
    0x05, 0x00, 0x00, 0x02, 0x01, 0x01, 0x00, 0x00, 0x00, 0x03, 0x00, 0x00, 0x00, 0x00, 0x7e, 0xcb, 0x7b, 0x6d, 0x36, 0x03, 0x49, 0xe3, 0x0e, 0x01,
    0x01, 0x00, 0x00, 0x00, 0x00, 0x01, 0x00, 0x17, 0xcd, 0x60, 0xbe, 0x13, 0xe4, 0x6f, 0xdf, 0x21, 0xc0, 0x4b, 0xb3, 0x47, 0x03, 0x04, 0x15, 0x7e,
    0x00, 0x04, 0x00, 0x07, 0x00, 0x03, 0x05, 0x8c, 0xba, 0x16, 0x01, 0x1e, 0x3a, 0x00, 0x02, 0x00, 0x00, 0x03, 0x00, 0x00, 0x2e, 0x8b, 0xb7, 0xc9,
    0xc3, 0xa5, 0xa8, 0x76, 0x76, 0x8b, 0x32, 0xd6, 0x57, 0x01, 0x03, 0x00, 0x00, 0x00, 0x00, 0x00, 0x01, 0x06, 0xc3, 0x4f, 0xb2, 0x62, 0x97, 0x00,
    0x84, 0x7b, 0xac, 0x58, 0xca, 0x17, 0x00, 0x00, 0x8b, 0xfb, 0x56, 0x00, 0x53, 0xbb, 0x29, 0x01, 0x0a, 0xa1, 0xc0, 0x25, 0x0b, 0xb4, 0xdc, 0x23,
    0x03, 0x05, 0x02, 0x00, 0x06, 0x8d, 0xe3, 0x7b, 0x4c, 0x50, 0x71, 0xd8, 0xbe, 0xaf, 0x83, 0x42, 0x54, 0xd7, 0x99, 0x00, 0x04, 0x00, 0x00, 0x00,
    0x00, 0x00, 0x03, 0x00, 0xc0, 0x54, 0x98, 0xa3, 0x9d, 0x00, 0x66, 0xa7, 0xaf, 0x43, 0xc7, 0x06, 0x01, 0x00, 0x21, 0x5e, 0x10, 0x00, 0x75, 0xe4,
    0x44, 0x01, 0x00, 0x00, 0x00, 0x00, 0x06, 0x70, 0x8d, 0x19, 0x00, 0x00, 0x00, 0x66, 0xd3, 0x91, 0x25, 0x00, 0x00, 0x00, 0x00, 0x1d, 0xae, 0xd2,
    0xb2, 0xb1, 0x42, 0x21, 0xd4, 0x0d, 0x01, 0x01, 0x00, 0x00, 0x00, 0x00, 0x04, 0x00, 0x83, 0xa2, 0x46, 0xd9, 0xc3, 0x74, 0xbf, 0xaf, 0x9b, 0x50,
    0xc1, 0x00, 0x03, 0x00, 0x00, 0x00, 0x00, 0x00, 0x00, 0x25, 0x00, 0x00, 0x00, 0x01, 0x00, 0x02, 0x02, 0x00, 0x00, 0x00, 0x08, 0x5d, 0xb4, 0xb0,
    0x35, 0x00, 0x00, 0x03, 0x03, 0x03, 0x04, 0x00, 0x00, 0x62, 0xd9, 0xbb, 0xbd, 0x7e, 0xc1, 0x54, 0x00, 0x03, 0x00, 0x00, 0x00, 0x00, 0x01, 0x00,
    0x1d, 0xee, 0x19, 0xb2, 0xa3, 0x7b, 0x6f, 0xe7, 0x20, 0xac, 0x82, 0x00, 0x04, 0x00, 0x01, 0x03, 0x00, 0x00, 0x01, 0x00, 0x02, 0x01, 0x03, 0x04,
    0x02, 0x00, 0x00, 0x00, 0x26, 0x83, 0xcb, 0xab, 0x8d, 0x00, 0x00, 0x04, 0x02, 0x00, 0x00, 0x00, 0x00, 0x01, 0x03, 0x00, 0x1c, 0xae, 0xd3, 0xa8,
    0xcf, 0xb3, 0x02, 0x03, 0x00, 0x00, 0x00, 0x00, 0x00, 0x03, 0x00, 0xb6, 0x79, 0x15, 0xcf, 0x99, 0xca, 0x89, 0x09, 0xe7, 0x1a, 0x00, 0x01, 0x00,
    0x01, 0x01, 0x02, 0x03, 0x04, 0x06, 0x00, 0x00, 0x00, 0x00, 0x00, 0x1a, 0x62, 0xaf, 0xcd, 0x92, 0x2b, 0x4b, 0xe9, 0x15, 0x03, 0x01, 0x00, 0x00,
    0x00, 0x00, 0x00, 0x00, 0x00, 0x04, 0x00, 0x00, 0x61, 0xdb, 0xb3, 0xf0, 0x60, 0x00, 0x03, 0x00, 0x00, 0x00, 0x00, 0x02, 0x01, 0x2d, 0xd8, 0x0f,
    0x03, 0x72, 0x45, 0x00, 0xa5, 0x93, 0x01, 0x07, 0x02, 0x01, 0x00, 0x00, 0x00, 0x00, 0x00, 0x00, 0x00, 0x21, 0x55, 0x8d, 0xb5, 0xc8, 0x8b, 0x72,
    0x89, 0x00, 0x0c, 0xff, 0x5e, 0x00, 0x03, 0x00, 0x00, 0x00, 0x00, 0x00, 0x00, 0x00, 0x00, 0x00, 0x01, 0x03, 0x00, 0x1d, 0xae, 0xff, 0xc9, 0x06,
    0x01, 0x00, 0x00, 0x00, 0x00, 0x00, 0x03, 0x00, 0x75, 0xe4, 0x10, 0x00, 0x00, 0x4e, 0xee, 0x12, 0x00, 0x00, 0x00, 0x00, 0x0a, 0x1e, 0x38, 0x55,
    0x63, 0x9a, 0xb8, 0xad, 0x8e, 0x63, 0x44, 0xe4, 0x3b, 0x00, 0x88, 0x2c, 0xa4, 0xbe, 0x00, 0x03, 0x00, 0x00, 0x00, 0x00, 0x00, 0x00, 0x00, 0x00,
    0x00, 0x00, 0x00, 0x00, 0x04, 0x00, 0x00, 0x5d, 0xb7, 0x13, 0x00, 0x01, 0x00, 0x00, 0x00, 0x00, 0x01, 0x02, 0x01, 0xb5, 0xe0, 0x94, 0xa0, 0xff,
    0xa4, 0x53, 0x8b, 0x8b, 0xab, 0xad, 0xb9, 0xad, 0xab, 0x8b, 0x89, 0x54, 0x1d, 0x00, 0x00, 0x00, 0x00, 0x5d, 0xff, 0x6b, 0x00, 0xbc, 0xf4, 0x23,
    0x02, 0x02, 0x00, 0x00, 0x00, 0x00, 0x00, 0x00, 0x00, 0x00, 0x00, 0x00, 0x00, 0x00, 0x00, 0x01, 0x02, 0x00, 0x00, 0x00, 0x00, 0x00, 0x00, 0x00,
    0x00, 0x00, 0x00, 0x00, 0x01, 0x00, 0x4a, 0xa2, 0xce, 0xbe, 0x8e, 0x8d, 0x64, 0x55, 0x38, 0x1e, 0x13, 0x00, 0x00, 0x00, 0x00, 0x00, 0x00, 0x01,
    0x04, 0x03, 0x03, 0x00, 0x36, 0xf7, 0x84, 0xe8, 0x75, 0x00, 0x03, 0x00, 0x00, 0x00, 0x00, 0x00, 0x00, 0x00, 0x00, 0x00, 0x00, 0x00, 0x00, 0x00,
    0x00, 0x00, 0x00, 0x03, 0x01, 0x00, 0x00, 0x00, 0x00, 0x00, 0x00, 0x00, 0x00, 0x00, 0x00, 0x02, 0x00, 0x00, 0x00, 0x00, 0x00, 0x00, 0x00, 0x00,
    0x00, 0x00, 0x00, 0x01, 0x02, 0x04, 0x04, 0x03, 0x01, 0x00, 0x00, 0x00, 0x00, 0x04, 0x00, 0x23, 0xe4, 0xbf, 0x00, 0x03, 0x00, 0x00, 0x00, 0x00,
    0x00, 0x00, 0x00, 0x00, 0x00, 0x00, 0x00, 0x00, 0x00, 0x00, 0x00, 0x00, 0x00, 0x00, 0x00, 0x00, 0x00, 0x00, 0x00, 0x00, 0x00, 0x00, 0x00, 0x00,
    0x00, 0x00, 0x03, 0x04, 0x02, 0x02, 0x04, 0x04, 0x03, 0x03, 0x02, 0x01, 0x01, 0x00, 0x00, 0x00, 0x00, 0x00, 0x00, 0x00, 0x00, 0x00, 0x00, 0x00,
    0x03, 0x00, 0x09, 0x0a, 0x00, 0x01, 0x00, 0x00, 0x00, 0x00, 0x00, 0x00, 0x00, 0x00, 0x00, 0x00, 0x00, 0x00, 0x00, 0x00, 0x00, 0x00, 0x00, 0x00,
    0x00, 0x00, 0x00, 0x00, 0x00, 0x00, 0x00, 0x00, 0x00, 0x00, 0x00, 0x00, 0x00, 0x00, 0x00, 0x00, 0x00, 0x00, 0x00, 0x00, 0x00, 0x00, 0x00, 0x00,
    0x00, 0x00, 0x00, 0x00, 0x00, 0x00, 0x00, 0x00, 0x00, 0x00, 0x00, 0x02, 0x00, 0x00, 0x00, 0x00, 0x00, 0x00, 0x00, 0x00, 0x00, 0x00, 0x00, 0x00,
    0x00, 0x00, 0x00, 0x00, 0x00, 0x00, 0x00, 0x00, 0x00, 0x00, 0x00, 0x00, 0x00, 0x00, 0x00, 0x00, 0x00, 0x00, 0x00, 0x00, 0x00, 0x00, 0x00, 0x00,
    0x00, 0x00, 0x00, 0x00, 0x00, 0x00, 0x00, 0x00, 0x00, 0x00, 0x00, 0x00, 0x00, 0x00, 0x00, 0x00, 0x00, 0x00, 0x00, 0x00, 0x00, 0x00, 0x01, 0x01,
    0x00, 0x00, 0x00, 0x00, 0x00, 0x00, 0x00, 0x00, 0x00, 0x00, 0x00, 0x00, 0x00, 0x00, 0x00, 0x00, 0x00, 0x00, 0x00, 0x00, 0x00, 0x00, 0x00, 0x00,
    0x00, 0x00, 0x00, 0x00, 0x00, 0x00, 0x00, 0x00, 0x00, 0x00, 0x00, 0x00, 0x00, 0x00, 0x00, 0x00, 0x00, 0x00, 0x00, 0x00, 0x00, 0x00, 0x00, 0x00,
    0x00, 0x00, 0x00, 0x00, 0x00, 0x00, 0x00, 0x00, 0x00, 0x00, 0x00, 0x00, 0x00, 0x00, 0x00, 0x00, 0x00, 0x00, 0x00, 0x00, 0x00, 0x00, 0x00, 0x00,
    0x00, 0x00, 0x00, 0x00, 0x00, 0x00, 0x00, 0x00, 0x00, 0x00, 0x00, 0x00, 0x00, 0x00, 0x00, 0x00, 0x00, 0x00, 0x00, 0x00, 0x00, 0x00, 0x00, 0x00,
    0x00, 0x00, 0x00, 0x00, 0x00, 0x00, 0x00, 0x00, 0x00, 0x00, 0x00, 0x00, 0x00, 0x00, 0x00, 0x00, 0x00, 0x00, 0x00, 0x00, 0x00, 0x00, 0x00, 0x00,
    0x00, 0x00, 0x00, 0x00, 0x00, 0x00, 0x00, 0x00, 0x00, 0x00, 0x00, 0x00, 0x00, 0x00, 0x00, 0x00, 0x00, 0x00, 0x00, 0x00
};
static const uint8_t bp_fish_tail_1[2204] = {
    0x00, 0x00, 0x00, 0x00, 0x00, 0x00, 0x00, 0x00, 0x00, 0x00, 0x00, 0x00, 0x00, 0x00, 0x00, 0x00, 0x00, 0x00, 0x00, 0x00, 0x00, 0x00, 0x00, 0x00,
    0x00, 0x00, 0x00, 0x00, 0x00, 0x00, 0x00, 0x00, 0x00, 0x00, 0x00, 0x00, 0x00, 0x00, 0x00, 0x00, 0x00, 0x00, 0x00, 0x00, 0x00, 0x00, 0x00, 0x00,
    0x00, 0x00, 0x00, 0x00, 0x00, 0x00, 0x00, 0x00, 0x00, 0x00, 0x00, 0x00, 0x00, 0x00, 0x00, 0x00, 0x00, 0x00, 0x00, 0x00, 0x00, 0x00, 0x00, 0x00,
    0x00, 0x00, 0x00, 0x00, 0x00, 0x00, 0x00, 0x00, 0x00, 0x00, 0x00, 0x00, 0x00, 0x00, 0x00, 0x00, 0x00, 0x00, 0x00, 0x00, 0x00, 0x00, 0x00, 0x00,
    0x00, 0x00, 0x00, 0x00, 0x00, 0x00, 0x00, 0x00, 0x00, 0x00, 0x00, 0x01, 0x01, 0x01, 0x00, 0x00, 0x00, 0x00, 0x00, 0x00, 0x00, 0x00, 0x00, 0x00,
    0x00, 0x00, 0x00, 0x00, 0x00, 0x00, 0x00, 0x00, 0x00, 0x00, 0x00, 0x02, 0x02, 0x01, 0x02, 0x03, 0x03, 0x03, 0x03, 0x03, 0x01, 0x00, 0x00, 0x00,
    0x00, 0x00, 0x00, 0x00, 0x00, 0x00, 0x00, 0x00, 0x00, 0x00, 0x00, 0x00, 0x00, 0x00, 0x00, 0x00, 0x00, 0x00, 0x00, 0x00, 0x01, 0x00, 0x00, 0x00,
    0x00, 0x00, 0x00, 0x00, 0x00, 0x00, 0x00, 0x00, 0x00, 0x00, 0x00, 0x00, 0x00, 0x00, 0x00, 0x00, 0x00, 0x00, 0x00, 0x00, 0x03, 0x00, 0x00, 0x00,
    0x00, 0x00, 0x00, 0x00, 0x00, 0x00, 0x00, 0x00, 0x02, 0x04, 0x04, 0x02, 0x00, 0x00, 0x00, 0x00, 0x00, 0x00, 0x00, 0x00, 0x00, 0x00, 0x00, 0x00,
    0x00, 0x00, 0x00, 0x00, 0x00, 0x03, 0x00, 0x2a, 0xcb, 0x59, 0x00, 0x03, 0x00, 0x00, 0x00, 0x00, 0x00, 0x00, 0x00, 0x00, 0x00, 0x00, 0x00, 0x00,
    0x02, 0x03, 0x03, 0x03, 0x03, 0x03, 0x00, 0x54, 0x3a, 0x14, 0x28, 0x56, 0x4f, 0x4a, 0x43, 0x43, 0x1e, 0x00, 0x00, 0x00, 0x00, 0x00, 0x01, 0x02,
    0x01, 0x00, 0x01, 0x02, 0x00, 0x00, 0x00, 0x00, 0x00, 0x00, 0x00, 0x00, 0x00, 0x00, 0x01, 0x02, 0x12, 0xd5, 0xff, 0x4d, 0x00, 0x03, 0x00, 0x00,
    0x00, 0x00, 0x00, 0x00, 0x00, 0x00, 0x00, 0x00, 0x01, 0x02, 0x00, 0x00, 0x00, 0x00, 0x00, 0x00, 0x36, 0xe0, 0xc3, 0xa1, 0xe8, 0xdd, 0xc7, 0xdf,
    0xff, 0xc5, 0xac, 0xd1, 0xae, 0x85, 0x72, 0x35, 0x00, 0x00, 0x00, 0x03, 0x00, 0x00, 0x00, 0x00, 0x00, 0x00, 0x00, 0x00, 0x00, 0x00, 0x00, 0x01,
    0x04, 0x00, 0xc8, 0xc6, 0xda, 0x21, 0x00, 0x02, 0x00, 0x00, 0x00, 0x00, 0x00, 0x00, 0x00, 0x00, 0x00, 0x02, 0x00, 0x00, 0x25, 0x4d, 0x3f, 0x47,
    0x75, 0xd2, 0xff, 0xd2, 0x72, 0x72, 0xe5, 0x27, 0x00, 0xb3, 0x4b, 0x00, 0x76, 0xa2, 0x31, 0x7e, 0xfc, 0xc7, 0xb3, 0xb2, 0x59, 0x00, 0x20, 0x44,
    0x01, 0x02, 0x00, 0x00, 0x00, 0x00, 0x00, 0x00, 0x00, 0x04, 0x00, 0xa5, 0xcd, 0xbb, 0xe0, 0x05, 0x01, 0x00, 0x00, 0x00, 0x00, 0x00, 0x00, 0x00,
    0x00, 0x00, 0x01, 0x00, 0x12, 0xb6, 0xc7, 0xd3, 0xff, 0xed, 0xc3, 0xcb, 0xbd, 0xbc, 0xc0, 0xc9, 0xb7, 0xb0, 0xc4, 0xeb, 0x84, 0xa0, 0xff, 0x61,
    0x20, 0xc2, 0x68, 0x00, 0x9f, 0xd1, 0xc5, 0xb3, 0xd4, 0x57, 0x00, 0x03, 0x00, 0x00, 0x00, 0x00, 0x00, 0x00, 0x04, 0x00, 0x72, 0xe8, 0xa1, 0xde,
    0xb9, 0x00, 0x02, 0x00, 0x00, 0x00, 0x00, 0x00, 0x00, 0x00, 0x00, 0x02, 0x02, 0x2f, 0xd7, 0x7d, 0x01, 0x00, 0x6f, 0xd9, 0x47, 0x00, 0x00, 0x00,
    0x00, 0x00, 0x00, 0x03, 0x1a, 0x1f, 0x56, 0x57, 0x79, 0x8d, 0xb1, 0xbc, 0xb3, 0xa3, 0x80, 0x38, 0x1d, 0x61, 0xcc, 0x80, 0x25, 0x02, 0x01, 0x00,
    0x00, 0x00, 0x00, 0x04, 0x00, 0x4c, 0xf3, 0xa7, 0xb0, 0x58, 0xb3, 0x00, 0x03, 0x00, 0x00, 0x00, 0x00, 0x00, 0x00, 0x00, 0x00, 0x02, 0x00, 0xba,
    0x9c, 0x00, 0x0d, 0x19, 0x00, 0x55, 0xe3, 0x0a, 0x04, 0x03, 0x02, 0x02, 0x02, 0x00, 0x00, 0x00, 0x00, 0x00, 0x00, 0x00, 0x00, 0x00, 0x14, 0x46,
    0x7c, 0xab, 0xc3, 0x94, 0x5b, 0xa3, 0x78, 0x00, 0x06, 0x02, 0x00, 0x00, 0x03, 0x00, 0x2f, 0xee, 0xa6, 0xc6, 0x1a, 0xda, 0x90, 0x00, 0x04, 0x00,
    0x00, 0x00, 0x00, 0x00, 0x00, 0x00, 0x02, 0x00, 0x29, 0xe8, 0x09, 0x3f, 0xd7, 0xd4, 0x8d, 0x00, 0xad, 0x71, 0x00, 0x04, 0x00, 0x00, 0x00, 0x00,
    0x01, 0x02, 0x03, 0x03, 0x04, 0x04, 0x02, 0x02, 0x00, 0x00, 0x00, 0x00, 0x14, 0x71, 0xac, 0xa6, 0xa7, 0x20, 0x00, 0x00, 0x03, 0x04, 0x03, 0x12,
    0xe2, 0xa6, 0xbe, 0x74, 0xbc, 0xdc, 0x82, 0x00, 0x04, 0x00, 0x00, 0x00, 0x00, 0x00, 0x00, 0x00, 0x04, 0x00, 0x75, 0x9b, 0x14, 0xd2, 0x6c, 0x5f,
    0xbc, 0x76, 0x24, 0xd8, 0x08, 0x01, 0x00, 0x00, 0x00, 0x00, 0x00, 0x00, 0x00, 0x00, 0x00, 0x00, 0x00, 0x00, 0x01, 0x03, 0x04, 0x02, 0x00, 0x00,
    0x00, 0x19, 0x72, 0xd2, 0x90, 0x2c, 0x00, 0x00, 0x00, 0xcb, 0xb9, 0xb4, 0xa3, 0xdf, 0x2a, 0x78, 0x9a, 0x00, 0x04, 0x00, 0x00, 0x00, 0x00, 0x00,
    0x00, 0x00, 0x02, 0x00, 0xca, 0x5a, 0x7f, 0xa6, 0xb7, 0xaf, 0xba, 0xee, 0x1b, 0xc3, 0x31, 0x00, 0x02, 0x00, 0x00, 0x00, 0x00, 0x00, 0x00, 0x00,
    0x00, 0x00, 0x00, 0x00, 0x00, 0x00, 0x00, 0x00, 0x01, 0x03, 0x02, 0x00, 0x00, 0x1b, 0x82, 0xe4, 0x8f, 0x44, 0xbe, 0xcb, 0xa1, 0xcc, 0xd1, 0x2e,
    0x38, 0xe5, 0x98, 0x00, 0x03, 0x00, 0x00, 0x00, 0x00, 0x00, 0x00, 0x01, 0x00, 0x16, 0xe2, 0x1f, 0xbe, 0xcc, 0x6a, 0x00, 0xbf, 0xc3, 0x67, 0xaa,
    0x7d, 0x00, 0x04, 0x00, 0x00, 0x00, 0x00, 0x00, 0x00, 0x00, 0x00, 0x00, 0x00, 0x00, 0x00, 0x00, 0x00, 0x00, 0x00, 0x00, 0x00, 0x01, 0x04, 0x00,
    0x00, 0x1c, 0xb4, 0xbe, 0x69, 0x8b, 0xfd, 0xc7, 0x43, 0x93, 0xb8, 0x91, 0xbc, 0x00, 0x02, 0x00, 0x00, 0x00, 0x00, 0x00, 0x00, 0x03, 0x00, 0x4e,
    0xbd, 0x28, 0xb8, 0x8a, 0x4a, 0x00, 0x96, 0x73, 0x9f, 0x4a, 0xc9, 0x00, 0x02, 0x00, 0x00, 0x00, 0x00, 0x00, 0x00, 0x00, 0x00, 0x00, 0x00, 0x00,
    0x00, 0x00, 0x00, 0x00, 0x00, 0x00, 0x00, 0x00, 0x00, 0x01, 0x04, 0x00, 0x00, 0x00, 0x00, 0xcd, 0xc8, 0x67, 0xc4, 0x79, 0x00, 0x19, 0xe4, 0x0d,
    0x01, 0x01, 0x00, 0x00, 0x00, 0x00, 0x00, 0x03, 0x00, 0x52, 0xb5, 0x6c, 0x8b, 0x67, 0x9c, 0x1c, 0xd6, 0x2a, 0xcc, 0x26, 0xd2, 0x0d, 0x00, 0x01,
    0x00, 0x00, 0x00, 0x00, 0x00, 0x00, 0x00, 0x00, 0x00, 0x00, 0x00, 0x00, 0x00, 0x00, 0x00, 0x00, 0x00, 0x00, 0x00, 0x00, 0x00, 0x03, 0x03, 0x03,
    0x06, 0x91, 0xbc, 0x9a, 0x33, 0x1d, 0x69, 0x7c, 0xda, 0x61, 0x00, 0x04, 0x00, 0x00, 0x00, 0x00, 0x00, 0x03, 0x00, 0x57, 0xae, 0x89, 0x90, 0x02,
    0xa8, 0xc1, 0x63, 0x00, 0xd0, 0x47, 0xc0, 0x2a, 0x00, 0x02, 0x00, 0x00, 0x00, 0x00, 0x00, 0x00, 0x00, 0x00, 0x00, 0x00, 0x00, 0x01, 0x01, 0x01,
    0x02, 0x03, 0x03, 0x02, 0x01, 0x00, 0x00, 0x00, 0x00, 0x03, 0x00, 0x61, 0xab, 0x64, 0x7e, 0x79, 0x4b, 0x17, 0x51, 0xca, 0x06, 0x02, 0x00, 0x00,
    0x00, 0x00, 0x00, 0x04, 0x00, 0x92, 0x7f, 0x7a, 0x9a, 0x00, 0x29, 0x81, 0x0a, 0x00, 0xd0, 0x3d, 0xb5, 0x58, 0x04, 0x07, 0x04, 0x04, 0x04, 0x04,
    0x04, 0x04, 0x04, 0x03, 0x01, 0x01, 0x00, 0x00, 0x00, 0x00, 0x00, 0x00, 0x00, 0x00, 0x00, 0x00, 0x0a, 0x23, 0x26, 0x03, 0x00, 0x47, 0x60, 0x40,
    0x10, 0x00, 0x00, 0x00, 0x44, 0xd7, 0x05, 0x01, 0x00, 0x00, 0x00, 0x00, 0x00, 0x04, 0x00, 0x99, 0x7b, 0x7c, 0x93, 0x06, 0xe8, 0xff, 0xd6, 0x00,
    0xb0, 0x62, 0xb7, 0x43, 0x00, 0x00, 0x00, 0x00, 0x00, 0x00, 0x00, 0x00, 0x00, 0x00, 0x00, 0x00, 0x04, 0x1c, 0x1f, 0x23, 0x44, 0x52, 0x72, 0x8d,
    0xae, 0x94, 0x83, 0x74, 0x59, 0x02, 0x00, 0x2b, 0x73, 0x61, 0x6e, 0x7b, 0x83, 0x7e, 0xac, 0xbe, 0x00, 0x02, 0x00, 0x00, 0x00, 0x00, 0x00, 0x04,
    0x00, 0x93, 0x78, 0x7c, 0x8f, 0x12, 0xff, 0xff, 0xf3, 0x00, 0x8b, 0x90, 0xab, 0xb1, 0x89, 0x8c, 0x8b, 0x8b, 0x8b, 0x8b, 0x8b, 0x8c, 0x7d, 0x7e,
    0xae, 0xa1, 0x80, 0xaa, 0xa8, 0x73, 0x65, 0x4e, 0x30, 0x21, 0x1f, 0x10, 0x00, 0x00, 0x00, 0x02, 0x01, 0x30, 0x8f, 0x64, 0x3e, 0x15, 0x00, 0x00,
    0x8d, 0x93, 0x00, 0x04, 0x00, 0x00, 0x00, 0x00, 0x00, 0x03, 0x00, 0x58, 0xa3, 0x84, 0x98, 0x00, 0x58, 0xad, 0x38, 0x01, 0xa6, 0x73, 0xb0, 0x8b,
    0x54, 0x57, 0x55, 0x56, 0x55, 0x55, 0x54, 0x55, 0x3c, 0x22, 0x1f, 0x16, 0x00, 0x00, 0x00, 0x00, 0x00, 0x00, 0x00, 0x00, 0x00, 0x00, 0x00, 0x03,
    0x03, 0x04, 0x04, 0x12, 0x96, 0x75, 0x68, 0x7a, 0x82, 0x51, 0x9a, 0xae, 0x00, 0x03, 0x00, 0x00, 0x00, 0x00, 0x00, 0x03, 0x00, 0x55, 0xb3, 0x80,
    0x94, 0x00, 0x42, 0xb7, 0x52, 0x00, 0xd0, 0x3f, 0xb9, 0x49, 0x00, 0x00, 0x00, 0x00, 0x00, 0x00, 0x00, 0x00, 0x00, 0x00, 0x00, 0x00, 0x05, 0x00,
    0x02, 0x00, 0x00, 0x04, 0x01, 0x01, 0x01, 0x01, 0x00, 0x03, 0x00, 0x00, 0x00, 0x08, 0xb9, 0x9c, 0x6c, 0x40, 0x1b, 0x4d, 0x9e, 0xc5, 0x00, 0x02,
    0x00, 0x00, 0x00, 0x00, 0x00, 0x03, 0x00, 0x43, 0xca, 0x53, 0xae, 0x17, 0xe1, 0x5d, 0xe0, 0x26, 0xbd, 0x3d, 0xb6, 0x46, 0x03, 0x04, 0x15, 0x7e,
    0x00, 0x04, 0x00, 0x0c, 0x00, 0x04, 0x03, 0x61, 0x8f, 0x08, 0x01, 0x0c, 0x1b, 0x00, 0x01, 0x00, 0x00, 0x02, 0x04, 0x00, 0x02, 0x68, 0x5b, 0x57,
    0x79, 0xb7, 0x94, 0x73, 0x74, 0x19, 0x30, 0xd2, 0x02, 0x02, 0x00, 0x00, 0x00, 0x00, 0x00, 0x00, 0x01, 0x07, 0xda, 0x59, 0xb2, 0x63, 0x94, 0x00,
    0x88, 0x71, 0xba, 0x20, 0xd6, 0x15, 0x00, 0x00, 0x8b, 0xfb, 0x55, 0x00, 0x32, 0xaa, 0x0f, 0x01, 0x0c, 0xc1, 0xe3, 0x2d, 0x07, 0x8a, 0xbd, 0x1a,
    0x02, 0x03, 0x04, 0x00, 0x00, 0x4f, 0xd1, 0xb7, 0x8b, 0x8e, 0xda, 0xae, 0xa9, 0x93, 0x46, 0x86, 0x8c, 0xea, 0x2a, 0x00, 0x02, 0x00, 0x00, 0x00,
    0x00, 0x00, 0x03, 0x00, 0xae, 0x56, 0xa1, 0xa1, 0x98, 0x00, 0x7f, 0xa9, 0x9c, 0x25, 0xcd, 0x06, 0x01, 0x00, 0x21, 0x5e, 0x10, 0x00, 0x8a, 0xef,
    0x54, 0x01, 0x01, 0x11, 0x20, 0x00, 0x09, 0x88, 0xa3, 0x17, 0x05, 0x00, 0x00, 0x2d, 0xae, 0xc1, 0x5e, 0x00, 0x00, 0x00, 0x1d, 0xc4, 0xc8, 0xa1,
    0xb8, 0x38, 0x29, 0xda, 0x6a, 0x01, 0x04, 0x00, 0x00, 0x00, 0x00, 0x00, 0x04, 0x00, 0x82, 0xa2, 0x62, 0xe1, 0xc7, 0x71, 0xb2, 0xda, 0x65, 0x4a,
    0xc2, 0x00, 0x03, 0x00, 0x00, 0x00, 0x00, 0x00, 0x03, 0x29, 0x00, 0x00, 0x00, 0x00, 0x00, 0x01, 0x02, 0x00, 0x00, 0x00, 0x00, 0x24, 0x8b, 0xcd,
    0x72, 0x00, 0x00, 0x02, 0x04, 0x05, 0x00, 0x00, 0x8e, 0xe0, 0x9a, 0xc7, 0x5d, 0x4f, 0xae, 0x00, 0x03, 0x00, 0x00, 0x00, 0x00, 0x00, 0x01, 0x00,
    0x1e, 0xeb, 0x27, 0xcd, 0x91, 0x80, 0x87, 0xca, 0x0b, 0xb1, 0x82, 0x00, 0x04, 0x00, 0x01, 0x03, 0x00, 0x00, 0x00, 0x00, 0x01, 0x00, 0x02, 0x04,
    0x05, 0x00, 0x00, 0x00, 0x09, 0x53, 0xab, 0xc7, 0x9d, 0x13, 0x00, 0x01, 0x03, 0x00, 0x00, 0x00, 0x02, 0x02, 0x00, 0x4f, 0xe0, 0xae, 0xb9, 0xbb,
    0xdd, 0x15, 0x01, 0x01, 0x00, 0x00, 0x00, 0x00, 0x00, 0x03, 0x00, 0xb6, 0x77, 0x21, 0xd1, 0xb1, 0xd9, 0x49, 0x0c, 0xe8, 0x1a, 0x00, 0x01, 0x00,
    0x00, 0x00, 0x01, 0x02, 0x04, 0x06, 0x04, 0x00, 0x00, 0x00, 0x00, 0x0d, 0x60, 0x9c, 0xbc, 0xb9, 0x5a, 0x3c, 0xd3, 0x12, 0x04, 0x01, 0x00, 0x00,
    0x00, 0x00, 0x00, 0x00, 0x04, 0x00, 0x1a, 0xb5, 0xd0, 0x9f, 0xed, 0x84, 0x00, 0x03, 0x00, 0x00, 0x00, 0x00, 0x00, 0x02, 0x00, 0x2e, 0xda, 0x04,
    0x12, 0x59, 0x31, 0x00, 0xa4, 0x92, 0x01, 0x08, 0x04, 0x04, 0x02, 0x01, 0x00, 0x00, 0x00, 0x00, 0x00, 0x00, 0x2b, 0x58, 0x91, 0xba, 0xa4, 0x7f,
    0x80, 0x00, 0x00, 0xde, 0x94, 0x01, 0x03, 0x00, 0x00, 0x00, 0x00, 0x00, 0x00, 0x00, 0x00, 0x03, 0x00, 0x00, 0x7c, 0xdf, 0xaa, 0xe1, 0x14, 0x00,
    0x01, 0x00, 0x00, 0x00, 0x00, 0x00, 0x02, 0x00, 0xbb, 0xb9, 0x00, 0x00, 0x00, 0x6a, 0xed, 0x12, 0x00, 0x00, 0x00, 0x00, 0x00, 0x00, 0x0a, 0x38,
    0x72, 0x8b, 0x98, 0xb8, 0xb5, 0x82, 0x9d, 0xc5, 0x00, 0x00, 0x96, 0x10, 0x7e, 0xe3, 0x01, 0x02, 0x01, 0x00, 0x00, 0x00, 0x00, 0x00, 0x00, 0x00,
    0x00, 0x00, 0x02, 0x03, 0x00, 0x42, 0xd7, 0xff, 0x72, 0x00, 0x04, 0x00, 0x00, 0x00, 0x00, 0x00, 0x01, 0x03, 0x06, 0xab, 0xbf, 0x92, 0xbb, 0xff,
    0xa0, 0x54, 0x90, 0x92, 0x8d, 0x8b, 0xac, 0xad, 0xb8, 0xab, 0x7e, 0x54, 0x50, 0x1d, 0x00, 0x00, 0x0b, 0xb3, 0xe1, 0x18, 0x24, 0x9d, 0xf1, 0x42,
    0x00, 0x03, 0x00, 0x00, 0x00, 0x00, 0x00, 0x00, 0x00, 0x00, 0x00, 0x00, 0x00, 0x00, 0x04, 0x00, 0x11, 0xaa, 0x79, 0x00, 0x02, 0x00, 0x00, 0x00,
    0x00, 0x00, 0x00, 0x01, 0x00, 0x00, 0x5b, 0xa2, 0xcb, 0xb5, 0x82, 0x8d, 0x92, 0x93, 0x64, 0x55, 0x38, 0x1e, 0x13, 0x00, 0x00, 0x00, 0x00, 0x00,
    0x01, 0x05, 0x00, 0x00, 0x8a, 0xf0, 0x34, 0xe0, 0xa3, 0x00, 0x03, 0x00, 0x00, 0x00, 0x00, 0x00, 0x00, 0x00, 0x00, 0x00, 0x00, 0x00, 0x00, 0x00,
    0x00, 0x03, 0x00, 0x00, 0x00, 0x00, 0x00, 0x00, 0x00, 0x00, 0x00, 0x00, 0x00, 0x00, 0x01, 0x01, 0x00, 0x00, 0x00, 0x00, 0x00, 0x00, 0x00, 0x00,
    0x00, 0x00, 0x00, 0x00, 0x00, 0x02, 0x04, 0x03, 0x03, 0x01, 0x00, 0x00, 0x01, 0x03, 0x00, 0x67, 0xf9, 0xdc, 0x0c, 0x03, 0x01, 0x00, 0x00, 0x00,
    0x00, 0x00, 0x00, 0x00, 0x00, 0x00, 0x00, 0x00, 0x00, 0x00, 0x00, 0x00, 0x01, 0x02, 0x02, 0x00, 0x00, 0x00, 0x00, 0x00, 0x00, 0x00, 0x00, 0x00,
    0x00, 0x00, 0x03, 0x04, 0x02, 0x03, 0x04, 0x04, 0x04, 0x04, 0x03, 0x03, 0x02, 0x01, 0x01, 0x00, 0x00, 0x00, 0x00, 0x00, 0x00, 0x00, 0x00, 0x00,
    0x05, 0x00, 0x33, 0x2d, 0x00, 0x01, 0x00, 0x00, 0x00, 0x00, 0x00, 0x00, 0x00, 0x00, 0x00, 0x00, 0x00, 0x00, 0x00, 0x00, 0x00, 0x00, 0x00, 0x00,
    0x00, 0x00, 0x00, 0x00, 0x00, 0x00, 0x00, 0x00, 0x00, 0x00, 0x00, 0x00, 0x00, 0x00, 0x00, 0x00, 0x00, 0x00, 0x00, 0x00, 0x00, 0x00, 0x00, 0x00,
    0x00, 0x00, 0x00, 0x00, 0x00, 0x00, 0x00, 0x00, 0x00, 0x00, 0x00, 0x03, 0x00, 0x00, 0x01, 0x00, 0x00, 0x00, 0x00, 0x00, 0x00, 0x00, 0x00, 0x00,
    0x00, 0x00, 0x00, 0x00, 0x00, 0x00, 0x00, 0x00, 0x00, 0x00, 0x00, 0x00, 0x00, 0x00, 0x00, 0x00, 0x00, 0x00, 0x00, 0x00, 0x00, 0x00, 0x00, 0x00,
    0x00, 0x00, 0x00, 0x00, 0x00, 0x00, 0x00, 0x00, 0x00, 0x00, 0x00, 0x00, 0x00, 0x00, 0x00, 0x00, 0x00, 0x00, 0x00, 0x00, 0x00, 0x00, 0x02, 0x02,
    0x00, 0x00, 0x00, 0x00, 0x00, 0x00, 0x00, 0x00, 0x00, 0x00, 0x00, 0x00, 0x00, 0x00, 0x00, 0x00, 0x00, 0x00, 0x00, 0x00, 0x00, 0x00, 0x00, 0x00,
    0x00, 0x00, 0x00, 0x00, 0x00, 0x00, 0x00, 0x00, 0x00, 0x00, 0x00, 0x00, 0x00, 0x00, 0x00, 0x00, 0x00, 0x00, 0x00, 0x00, 0x00, 0x00, 0x00, 0x00,
    0x00, 0x00, 0x00, 0x00, 0x00, 0x00, 0x00, 0x00, 0x00, 0x00, 0x00, 0x00, 0x00, 0x00, 0x00, 0x00, 0x00, 0x00, 0x00, 0x00, 0x00, 0x00, 0x00, 0x00,
    0x00, 0x00, 0x00, 0x00, 0x00, 0x00, 0x00, 0x00, 0x00, 0x00, 0x00, 0x00, 0x00, 0x00, 0x00, 0x00, 0x00, 0x00, 0x00, 0x00, 0x00, 0x00, 0x00, 0x00,
    0x00, 0x00, 0x00, 0x00, 0x00, 0x00, 0x00, 0x00, 0x00, 0x00, 0x00, 0x00, 0x00, 0x00, 0x00, 0x00, 0x00, 0x00, 0x00, 0x00, 0x00, 0x00, 0x00, 0x00,
    0x00, 0x00, 0x00, 0x00, 0x00, 0x00, 0x00, 0x00, 0x00, 0x00, 0x00, 0x00, 0x00, 0x00, 0x00, 0x00, 0x00, 0x00, 0x00, 0x00
};
static const uint8_t bp_fish_tail_2[2204] = {
    0x00, 0x00, 0x00, 0x00, 0x00, 0x00, 0x00, 0x00, 0x00, 0x00, 0x00, 0x00, 0x00, 0x00, 0x00, 0x00, 0x00, 0x00, 0x00, 0x00, 0x00, 0x00, 0x00, 0x00,
    0x00, 0x00, 0x00, 0x00, 0x00, 0x00, 0x00, 0x00, 0x00, 0x00, 0x00, 0x00, 0x00, 0x00, 0x00, 0x00, 0x00, 0x00, 0x00, 0x00, 0x00, 0x00, 0x00, 0x00,
    0x00, 0x00, 0x00, 0x00, 0x00, 0x00, 0x00, 0x00, 0x00, 0x00, 0x00, 0x00, 0x00, 0x00, 0x00, 0x00, 0x00, 0x00, 0x00, 0x00, 0x00, 0x00, 0x00, 0x00,
    0x00, 0x00, 0x00, 0x00, 0x00, 0x00, 0x00, 0x00, 0x00, 0x00, 0x00, 0x00, 0x00, 0x00, 0x00, 0x00, 0x00, 0x00, 0x00, 0x00, 0x00, 0x00, 0x00, 0x00,
    0x00, 0x00, 0x00, 0x00, 0x00, 0x00, 0x00, 0x00, 0x00, 0x00, 0x00, 0x00, 0x02, 0x03, 0x00, 0x00, 0x00, 0x00, 0x00, 0x00, 0x00, 0x00, 0x00, 0x00,
    0x00, 0x00, 0x00, 0x00, 0x00, 0x00, 0x00, 0x00, 0x00, 0x00, 0x00, 0x02, 0x03, 0x01, 0x02, 0x02, 0x02, 0x03, 0x03, 0x03, 0x01, 0x01, 0x00, 0x00,
    0x00, 0x00, 0x00, 0x00, 0x00, 0x00, 0x00, 0x00, 0x00, 0x00, 0x00, 0x00, 0x00, 0x00, 0x00, 0x00, 0x00, 0x00, 0x00, 0x00, 0x00, 0x01, 0x00, 0x00,
    0x00, 0x00, 0x00, 0x00, 0x00, 0x00, 0x00, 0x00, 0x00, 0x00, 0x00, 0x00, 0x00, 0x00, 0x00, 0x00, 0x00, 0x00, 0x00, 0x00, 0x02, 0x00, 0x00, 0x00,
    0x00, 0x00, 0x00, 0x00, 0x00, 0x00, 0x00, 0x00, 0x02, 0x04, 0x03, 0x01, 0x00, 0x00, 0x00, 0x00, 0x00, 0x00, 0x00, 0x00, 0x00, 0x00, 0x00, 0x00,
    0x00, 0x00, 0x00, 0x00, 0x00, 0x00, 0x03, 0x00, 0x2d, 0x4c, 0x04, 0x00, 0x00, 0x00, 0x00, 0x00, 0x00, 0x00, 0x00, 0x00, 0x00, 0x00, 0x00, 0x00,
    0x03, 0x03, 0x03, 0x03, 0x03, 0x04, 0x00, 0x2f, 0x5c, 0x06, 0x2a, 0x3d, 0x33, 0x4c, 0x42, 0x42, 0x20, 0x04, 0x00, 0x00, 0x00, 0x00, 0x03, 0x04,
    0x02, 0x00, 0x00, 0x01, 0x00, 0x00, 0x00, 0x00, 0x00, 0x00, 0x00, 0x00, 0x00, 0x00, 0x00, 0x02, 0x00, 0x12, 0xf7, 0xe8, 0x07, 0x01, 0x01, 0x00,
    0x00, 0x00, 0x00, 0x00, 0x00, 0x00, 0x00, 0x00, 0x02, 0x01, 0x00, 0x00, 0x00, 0x00, 0x00, 0x00, 0x24, 0xc5, 0xde, 0xb5, 0xfa, 0xcc, 0xb8, 0xdb,
    0xff, 0xc5, 0xa7, 0xcf, 0xbe, 0x98, 0x43, 0x0c, 0x00, 0x00, 0x00, 0x04, 0x02, 0x00, 0x00, 0x00, 0x00, 0x00, 0x00, 0x00, 0x00, 0x00, 0x00, 0x00,
    0x02, 0x02, 0x12, 0xcc, 0xd5, 0xb1, 0x00, 0x02, 0x00, 0x00, 0x00, 0x00, 0x00, 0x00, 0x00, 0x00, 0x00, 0x01, 0x00, 0x00, 0x48, 0x4f, 0x42, 0x42,
    0x61, 0xbd, 0xff, 0xd7, 0x3d, 0x5d, 0xe5, 0x24, 0x00, 0xac, 0x66, 0x00, 0x47, 0xcb, 0x2d, 0x7a, 0xff, 0xc3, 0xa0, 0x6c, 0x57, 0x00, 0x00, 0x22,
    0x01, 0x00, 0x00, 0x00, 0x00, 0x00, 0x00, 0x00, 0x00, 0x01, 0x03, 0x00, 0xcb, 0xbc, 0xcc, 0x88, 0x00, 0x04, 0x00, 0x00, 0x00, 0x00, 0x00, 0x00,
    0x00, 0x00, 0x01, 0x00, 0x1e, 0xa9, 0xda, 0xc8, 0xff, 0xff, 0xc4, 0xcd, 0xbf, 0xb4, 0xa5, 0xca, 0xe7, 0xd6, 0xb7, 0xf2, 0x99, 0x8d, 0xff, 0x8a,
    0x27, 0x7c, 0x89, 0x01, 0x84, 0xff, 0xde, 0x89, 0x90, 0x97, 0x02, 0x01, 0x00, 0x00, 0x00, 0x00, 0x00, 0x00, 0x00, 0x04, 0x00, 0xa6, 0xcf, 0xba,
    0xff, 0x47, 0x00, 0x03, 0x00, 0x00, 0x00, 0x00, 0x00, 0x00, 0x00, 0x01, 0x02, 0x10, 0xe8, 0xae, 0x04, 0x00, 0x3a, 0xc9, 0x40, 0x00, 0x00, 0x00,
    0x00, 0x05, 0x12, 0x16, 0x1d, 0x14, 0x50, 0x59, 0x7d, 0x83, 0xaa, 0xd3, 0xa5, 0x6a, 0x67, 0x45, 0x0b, 0xa6, 0xfd, 0x55, 0x05, 0x03, 0x00, 0x00,
    0x00, 0x00, 0x00, 0x00, 0x05, 0x00, 0x7c, 0xe7, 0xb5, 0xad, 0xcc, 0x23, 0x00, 0x01, 0x00, 0x00, 0x00, 0x00, 0x00, 0x00, 0x00, 0x03, 0x00, 0x73,
    0xcc, 0x00, 0x05, 0x1d, 0x00, 0x2d, 0xde, 0x0b, 0x04, 0x03, 0x01, 0x00, 0x00, 0x00, 0x00, 0x00, 0x00, 0x00, 0x00, 0x00, 0x00, 0x0e, 0x46, 0x72,
    0xa4, 0xb2, 0xad, 0x61, 0x62, 0xb6, 0x77, 0x00, 0x06, 0x00, 0x00, 0x00, 0x00, 0x04, 0x00, 0x65, 0xf0, 0xdd, 0x98, 0x07, 0xe9, 0x1c, 0x00, 0x01,
    0x00, 0x00, 0x00, 0x00, 0x00, 0x00, 0x01, 0x01, 0x09, 0xdb, 0x25, 0x2d, 0xcb, 0xcc, 0xaa, 0x08, 0xab, 0x71, 0x00, 0x04, 0x00, 0x01, 0x01, 0x01,
    0x01, 0x01, 0x03, 0x03, 0x04, 0x04, 0x02, 0x00, 0x00, 0x00, 0x00, 0x0c, 0x49, 0xa9, 0xb6, 0x9d, 0x9b, 0x13, 0x00, 0x00, 0x03, 0x00, 0x04, 0x00,
    0x3a, 0xed, 0xd1, 0xa0, 0x05, 0xd5, 0xd3, 0x0a, 0x01, 0x00, 0x00, 0x00, 0x00, 0x00, 0x00, 0x00, 0x04, 0x00, 0x69, 0xca, 0x06, 0xc9, 0x76, 0x60,
    0xaa, 0xb1, 0x25, 0xdc, 0x0b, 0x01, 0x01, 0x00, 0x00, 0x00, 0x00, 0x00, 0x00, 0x00, 0x00, 0x00, 0x00, 0x01, 0x03, 0x04, 0x03, 0x00, 0x00, 0x00,
    0x15, 0x46, 0x8a, 0xcd, 0x72, 0x06, 0x00, 0x03, 0x00, 0x2f, 0xeb, 0xe3, 0xaf, 0x48, 0xca, 0xaf, 0xba, 0x00, 0x02, 0x00, 0x00, 0x00, 0x00, 0x00,
    0x00, 0x00, 0x03, 0x00, 0xb4, 0x5d, 0x84, 0xc4, 0xba, 0xb6, 0xab, 0xe1, 0x21, 0xcc, 0x5a, 0x00, 0x03, 0x00, 0x00, 0x00, 0x00, 0x00, 0x00, 0x00,
    0x00, 0x00, 0x00, 0x00, 0x00, 0x00, 0x00, 0x01, 0x03, 0x03, 0x00, 0x00, 0x00, 0x2d, 0xab, 0xd1, 0x65, 0x01, 0x2c, 0xd7, 0xec, 0xa9, 0x6f, 0xd1,
    0x29, 0x41, 0xcc, 0x00, 0x02, 0x00, 0x00, 0x00, 0x00, 0x00, 0x00, 0x00, 0x01, 0x06, 0xde, 0x43, 0xaf, 0xb2, 0x6e, 0x00, 0xb6, 0xcc, 0x65, 0x6f,
    0xa9, 0x00, 0x04, 0x00, 0x00, 0x00, 0x00, 0x00, 0x00, 0x00, 0x00, 0x00, 0x00, 0x00, 0x00, 0x00, 0x00, 0x00, 0x00, 0x00, 0x01, 0x02, 0x04, 0x00,
    0x00, 0x36, 0xb5, 0xc5, 0xb9, 0xcf, 0xd4, 0xa6, 0xba, 0x1d, 0x4d, 0xb7, 0xd3, 0x09, 0x01, 0x00, 0x00, 0x00, 0x00, 0x00, 0x00, 0x03, 0x00, 0x42,
    0xd0, 0x36, 0xb4, 0x8c, 0x4f, 0x00, 0x96, 0x71, 0xa1, 0x39, 0xc9, 0x00, 0x02, 0x00, 0x00, 0x00, 0x00, 0x00, 0x00, 0x00, 0x00, 0x00, 0x00, 0x00,
    0x00, 0x00, 0x00, 0x00, 0x00, 0x00, 0x00, 0x00, 0x00, 0x02, 0x04, 0x00, 0x01, 0x2f, 0x01, 0xad, 0xe4, 0xa2, 0x56, 0x99, 0x6c, 0x0f, 0xda, 0x1d,
    0x00, 0x01, 0x00, 0x00, 0x00, 0x00, 0x00, 0x03, 0x00, 0x54, 0xb5, 0x6a, 0x8d, 0x58, 0xb8, 0x25, 0xd6, 0x2a, 0xcc, 0x2a, 0xd2, 0x0d, 0x00, 0x01,
    0x00, 0x00, 0x00, 0x00, 0x00, 0x00, 0x00, 0x00, 0x00, 0x00, 0x00, 0x00, 0x00, 0x00, 0x00, 0x00, 0x00, 0x00, 0x00, 0x00, 0x00, 0x02, 0x00, 0x00,
    0x00, 0x79, 0xb9, 0x7c, 0x5e, 0x08, 0x00, 0x1b, 0xd7, 0x42, 0x00, 0x03, 0x00, 0x00, 0x00, 0x00, 0x00, 0x03, 0x00, 0x58, 0xa3, 0x88, 0x91, 0x00,
    0xab, 0xc1, 0x5b, 0x00, 0xd0, 0x47, 0xc0, 0x2a, 0x00, 0x02, 0x00, 0x00, 0x00, 0x00, 0x00, 0x00, 0x00, 0x00, 0x00, 0x00, 0x00, 0x00, 0x00, 0x01,
    0x01, 0x01, 0x03, 0x04, 0x04, 0x04, 0x03, 0x00, 0x00, 0x04, 0x01, 0x4f, 0x8b, 0x50, 0x42, 0x6e, 0x8a, 0x6d, 0xbf, 0x8a, 0x00, 0x03, 0x00, 0x00,
    0x00, 0x00, 0x00, 0x04, 0x00, 0x93, 0x78, 0x79, 0x9b, 0x00, 0x40, 0x81, 0x15, 0x00, 0xd0, 0x3c, 0xb5, 0x58, 0x04, 0x07, 0x04, 0x04, 0x04, 0x04,
    0x04, 0x04, 0x04, 0x04, 0x03, 0x02, 0x01, 0x00, 0x00, 0x00, 0x00, 0x00, 0x00, 0x00, 0x00, 0x00, 0x00, 0x02, 0x08, 0x03, 0x01, 0x52, 0x64, 0x5b,
    0x41, 0x1c, 0x04, 0x00, 0x39, 0xd8, 0x05, 0x01, 0x00, 0x00, 0x00, 0x00, 0x00, 0x04, 0x00, 0x99, 0x7b, 0x7c, 0x91, 0x0e, 0xf2, 0xff, 0xdf, 0x00,
    0xb0, 0x62, 0xb7, 0x43, 0x00, 0x00, 0x00, 0x00, 0x00, 0x00, 0x00, 0x00, 0x00, 0x00, 0x00, 0x00, 0x00, 0x00, 0x09, 0x1e, 0x21, 0x28, 0x4b, 0x6c,
    0x8b, 0x7c, 0x7a, 0x80, 0x68, 0x03, 0x00, 0x22, 0x48, 0x39, 0x40, 0x28, 0x24, 0x25, 0x61, 0xc2, 0x01, 0x02, 0x00, 0x00, 0x00, 0x00, 0x00, 0x04,
    0x00, 0x92, 0x7f, 0x7d, 0x8e, 0x17, 0xff, 0xff, 0xe4, 0x00, 0x8d, 0x90, 0xab, 0xb0, 0x89, 0x8c, 0x8b, 0x8b, 0x8b, 0x8b, 0x8b, 0x8b, 0x8b, 0x8a,
    0x71, 0x8e, 0xae, 0x88, 0x88, 0xae, 0x8d, 0x71, 0x5c, 0x50, 0x55, 0x3c, 0x20, 0x05, 0x00, 0x02, 0x00, 0x2f, 0x92, 0x64, 0x43, 0x59, 0x6d, 0x6f,
    0xc0, 0x8e, 0x00, 0x04, 0x00, 0x00, 0x00, 0x00, 0x00, 0x03, 0x00, 0x57, 0xae, 0x85, 0x96, 0x00, 0x4f, 0x9e, 0x26, 0x01, 0xa6, 0x70, 0xad, 0x8f,
    0x54, 0x57, 0x55, 0x56, 0x55, 0x55, 0x55, 0x55, 0x55, 0x51, 0x27, 0x22, 0x20, 0x0a, 0x00, 0x00, 0x00, 0x00, 0x00, 0x00, 0x00, 0x00, 0x00, 0x00,
    0x00, 0x04, 0x02, 0x35, 0x7f, 0x67, 0x6e, 0x3d, 0x06, 0x00, 0x86, 0x96, 0x00, 0x04, 0x00, 0x00, 0x00, 0x00, 0x00, 0x03, 0x00, 0x53, 0xb4, 0x82,
    0x9c, 0x00, 0x5b, 0xb1, 0x55, 0x00, 0xcd, 0x53, 0xbc, 0x1d, 0x00, 0x00, 0x00, 0x00, 0x00, 0x00, 0x00, 0x00, 0x00, 0x00, 0x00, 0x00, 0x00, 0x00,
    0x00, 0x02, 0x01, 0x04, 0x03, 0x03, 0x03, 0x02, 0x01, 0x02, 0x00, 0x00, 0x00, 0x1d, 0xc6, 0x78, 0x4f, 0x59, 0x8b, 0x7a, 0xb9, 0x88, 0x00, 0x04,
    0x00, 0x00, 0x00, 0x00, 0x00, 0x03, 0x00, 0x4f, 0xb2, 0x44, 0xbb, 0x24, 0xde, 0x4a, 0xe2, 0x17, 0xba, 0x5e, 0xd1, 0x16, 0x03, 0x03, 0x40, 0x64,
    0x00, 0x06, 0x00, 0x0c, 0x00, 0x05, 0x01, 0x3e, 0x6a, 0x04, 0x01, 0x00, 0x01, 0x00, 0x01, 0x00, 0x00, 0x00, 0x04, 0x00, 0x00, 0x28, 0x21, 0x2b,
    0xb7, 0xd4, 0x82, 0x59, 0x09, 0x1d, 0xa3, 0xaa, 0x00, 0x03, 0x00, 0x00, 0x00, 0x00, 0x00, 0x01, 0x00, 0x1c, 0xd3, 0x27, 0xb9, 0x63, 0x89, 0x00,
    0x95, 0x6f, 0xba, 0x21, 0xd9, 0x17, 0x00, 0x00, 0x9c, 0xf0, 0x55, 0x00, 0x32, 0xaa, 0x0f, 0x01, 0x0a, 0xb1, 0xd9, 0x26, 0x07, 0x82, 0xa7, 0x15,
    0x02, 0x01, 0x03, 0x00, 0x00, 0x29, 0xc8, 0xb0, 0xa9, 0xb8, 0xc9, 0xb1, 0xa5, 0x69, 0x91, 0x45, 0x3d, 0xcc, 0x00, 0x02, 0x00, 0x00, 0x00, 0x00,
    0x00, 0x00, 0x02, 0x03, 0xcf, 0x60, 0xa1, 0xa7, 0x8e, 0x00, 0x8a, 0xa7, 0x9d, 0x20, 0xd0, 0x05, 0x01, 0x00, 0x1d, 0x60, 0x10, 0x00, 0x8a, 0xef,
    0x54, 0x00, 0x02, 0x30, 0x43, 0x01, 0x0b, 0xad, 0xd3, 0x24, 0x05, 0x03, 0x00, 0x04, 0x7d, 0xe3, 0x79, 0x04, 0x00, 0x04, 0x8e, 0xe3, 0xbd, 0xb6,
    0x45, 0x60, 0xbb, 0xe4, 0x08, 0x01, 0x01, 0x00, 0x00, 0x00, 0x00, 0x00, 0x04, 0x00, 0x83, 0x91, 0x5c, 0xec, 0xc5, 0x84, 0xc1, 0xcd, 0x63, 0x7f,
    0xae, 0x00, 0x03, 0x00, 0x00, 0x00, 0x00, 0x00, 0x03, 0x29, 0x00, 0x00, 0x00, 0x00, 0x00, 0x01, 0x00, 0x0c, 0x1c, 0x00, 0x00, 0x00, 0x54, 0xc7,
    0xbc, 0x28, 0x00, 0x00, 0x01, 0x01, 0x00, 0x5e, 0xe8, 0xb7, 0xd0, 0x46, 0x15, 0xdf, 0x40, 0x00, 0x03, 0x00, 0x00, 0x00, 0x00, 0x00, 0x02, 0x00,
    0x3d, 0xde, 0x0e, 0xd4, 0x7e, 0x78, 0x88, 0xc3, 0x08, 0xce, 0x4d, 0x00, 0x03, 0x00, 0x01, 0x03, 0x00, 0x00, 0x00, 0x00, 0x01, 0x00, 0x02, 0x05,
    0x06, 0x00, 0x00, 0x00, 0x00, 0x1d, 0x75, 0xc0, 0xb4, 0x40, 0x00, 0x00, 0x03, 0x00, 0x00, 0x00, 0x05, 0x00, 0x38, 0xd9, 0xc7, 0xd8, 0x5a, 0x8b,
    0x9f, 0x00, 0x04, 0x00, 0x00, 0x00, 0x00, 0x00, 0x00, 0x02, 0x02, 0xd0, 0x49, 0x28, 0xd6, 0xb2, 0xd6, 0x2a, 0x10, 0xe1, 0x13, 0x01, 0x01, 0x00,
    0x00, 0x00, 0x01, 0x01, 0x02, 0x06, 0x03, 0x00, 0x00, 0x00, 0x00, 0x03, 0x2d, 0x5f, 0x9f, 0xcf, 0x96, 0x50, 0xb2, 0x08, 0x03, 0x03, 0x00, 0x00,
    0x00, 0x00, 0x00, 0x04, 0x00, 0x14, 0xbf, 0xdb, 0xb9, 0xd0, 0xdf, 0x0b, 0x00, 0x01, 0x00, 0x00, 0x00, 0x00, 0x00, 0x03, 0x00, 0x4d, 0xd7, 0x00,
    0x14, 0x59, 0x27, 0x00, 0xb1, 0x7f, 0x02, 0x07, 0x04, 0x04, 0x02, 0x01, 0x00, 0x00, 0x00, 0x00, 0x00, 0x03, 0x2c, 0x63, 0x96, 0xad, 0xab, 0xb6,
    0x99, 0x13, 0x00, 0xbf, 0xb8, 0x08, 0x02, 0x00, 0x00, 0x00, 0x00, 0x00, 0x00, 0x00, 0x03, 0x00, 0x00, 0x97, 0xea, 0xb9, 0xee, 0x39, 0x01, 0x03,
    0x00, 0x00, 0x00, 0x00, 0x00, 0x00, 0x02, 0x03, 0xbf, 0xc2, 0x11, 0x00, 0x00, 0xa5, 0xc3, 0x00, 0x00, 0x00, 0x00, 0x00, 0x00, 0x00, 0x13, 0x1f,
    0x38, 0x72, 0xa3, 0xad, 0xb2, 0x83, 0x9e, 0xc7, 0x00, 0x03, 0xad, 0x00, 0x88, 0xe6, 0x06, 0x00, 0x01, 0x00, 0x00, 0x00, 0x00, 0x00, 0x00, 0x00,
    0x00, 0x01, 0x03, 0x00, 0x6f, 0xde, 0xeb, 0x9b, 0x00, 0x03, 0x00, 0x00, 0x00, 0x00, 0x00, 0x00, 0x01, 0x01, 0x03, 0x92, 0xe5, 0x91, 0xd7, 0xfb,
    0x7c, 0x66, 0x95, 0x92, 0x8d, 0x8b, 0xab, 0xad, 0xb9, 0xad, 0xab, 0x7f, 0x46, 0x15, 0x00, 0x00, 0x0c, 0xc1, 0xd8, 0x06, 0x68, 0x93, 0xf5, 0x34,
    0x00, 0x03, 0x00, 0x00, 0x00, 0x00, 0x00, 0x00, 0x00, 0x00, 0x00, 0x00, 0x01, 0x04, 0x00, 0x3f, 0xea, 0xf9, 0x1a, 0x00, 0x01, 0x00, 0x00, 0x00,
    0x00, 0x00, 0x00, 0x01, 0x00, 0x00, 0x58, 0xb1, 0xc6, 0xb2, 0x88, 0x8e, 0x92, 0x93, 0x64, 0x55, 0x38, 0x1e, 0x0a, 0x00, 0x00, 0x00, 0x00, 0x00,
    0x01, 0x05, 0x00, 0x00, 0xac, 0xda, 0x3f, 0xff, 0x72, 0x00, 0x04, 0x00, 0x00, 0x00, 0x00, 0x00, 0x00, 0x00, 0x00, 0x00, 0x00, 0x00, 0x00, 0x00,
    0x03, 0x00, 0x1d, 0x7d, 0x13, 0x00, 0x01, 0x00, 0x00, 0x00, 0x00, 0x00, 0x00, 0x00, 0x01, 0x03, 0x00, 0x00, 0x00, 0x00, 0x00, 0x00, 0x00, 0x00,
    0x00, 0x00, 0x00, 0x00, 0x00, 0x01, 0x02, 0x04, 0x03, 0x01, 0x00, 0x00, 0x02, 0x02, 0x00, 0x86, 0xff, 0xaa, 0x00, 0x04, 0x00, 0x00, 0x00, 0x00,
    0x00, 0x00, 0x00, 0x00, 0x00, 0x00, 0x00, 0x00, 0x00, 0x00, 0x00, 0x02, 0x00, 0x00, 0x00, 0x00, 0x00, 0x00, 0x00, 0x00, 0x00, 0x00, 0x00, 0x00,
    0x00, 0x00, 0x03, 0x03, 0x02, 0x03, 0x04, 0x04, 0x04, 0x04, 0x03, 0x03, 0x02, 0x01, 0x01, 0x00, 0x00, 0x00, 0x00, 0x00, 0x00, 0x00, 0x00, 0x01,
    0x01, 0x00, 0x46, 0x12, 0x00, 0x01, 0x00, 0x00, 0x00, 0x00, 0x00, 0x00, 0x00, 0x00, 0x00, 0x00, 0x00, 0x00, 0x00, 0x00, 0x00, 0x00, 0x01, 0x03,
    0x01, 0x00, 0x00, 0x00, 0x00, 0x00, 0x00, 0x00, 0x00, 0x00, 0x00, 0x00, 0x00, 0x00, 0x00, 0x00, 0x00, 0x00, 0x00, 0x00, 0x00, 0x00, 0x00, 0x00,
    0x00, 0x00, 0x00, 0x00, 0x00, 0x00, 0x00, 0x00, 0x00, 0x00, 0x00, 0x03, 0x00, 0x00, 0x00, 0x00, 0x00, 0x00, 0x00, 0x00, 0x00, 0x00, 0x00, 0x00,
    0x00, 0x00, 0x00, 0x00, 0x00, 0x00, 0x00, 0x00, 0x00, 0x00, 0x00, 0x00, 0x00, 0x00, 0x00, 0x00, 0x00, 0x00, 0x00, 0x00, 0x00, 0x00, 0x00, 0x00,
    0x00, 0x00, 0x00, 0x00, 0x00, 0x00, 0x00, 0x00, 0x00, 0x00, 0x00, 0x00, 0x00, 0x00, 0x00, 0x00, 0x00, 0x00, 0x00, 0x00, 0x00, 0x00, 0x03, 0x01,
    0x00, 0x00, 0x00, 0x00, 0x00, 0x00, 0x00, 0x00, 0x00, 0x00, 0x00, 0x00, 0x00, 0x00, 0x00, 0x00, 0x00, 0x00, 0x00, 0x00, 0x00, 0x00, 0x00, 0x00,
    0x00, 0x00, 0x00, 0x00, 0x00, 0x00, 0x00, 0x00, 0x00, 0x00, 0x00, 0x00, 0x00, 0x00, 0x00, 0x00, 0x00, 0x00, 0x00, 0x00, 0x00, 0x00, 0x00, 0x00,
    0x00, 0x00, 0x00, 0x00, 0x00, 0x00, 0x00, 0x00, 0x00, 0x00, 0x00, 0x00, 0x00, 0x00, 0x00, 0x00, 0x00, 0x00, 0x00, 0x00, 0x00, 0x00, 0x00, 0x00,
    0x00, 0x00, 0x00, 0x00, 0x00, 0x00, 0x00, 0x00, 0x00, 0x00, 0x00, 0x00, 0x00, 0x00, 0x00, 0x00, 0x00, 0x00, 0x00, 0x00, 0x00, 0x00, 0x00, 0x00,
    0x00, 0x00, 0x00, 0x00, 0x00, 0x00, 0x00, 0x00, 0x00, 0x00, 0x00, 0x00, 0x00, 0x00, 0x00, 0x00, 0x00, 0x00, 0x00, 0x00, 0x00, 0x00, 0x00, 0x00,
    0x00, 0x00, 0x00, 0x00, 0x00, 0x00, 0x00, 0x00, 0x00, 0x00, 0x00, 0x00, 0x00, 0x00, 0x00, 0x00, 0x00, 0x00, 0x00, 0x00
};
static const uint8_t bp_fish_tail_3[2204] = {
    0x00, 0x00, 0x00, 0x00, 0x00, 0x00, 0x00, 0x00, 0x00, 0x00, 0x00, 0x00, 0x00, 0x00, 0x00, 0x00, 0x00, 0x00, 0x00, 0x00, 0x00, 0x00, 0x00, 0x00,
    0x00, 0x00, 0x00, 0x00, 0x00, 0x00, 0x00, 0x00, 0x00, 0x00, 0x00, 0x00, 0x00, 0x00, 0x00, 0x00, 0x00, 0x00, 0x00, 0x00, 0x00, 0x00, 0x00, 0x00,
    0x00, 0x00, 0x00, 0x00, 0x00, 0x00, 0x00, 0x00, 0x00, 0x00, 0x00, 0x00, 0x00, 0x00, 0x00, 0x00, 0x00, 0x00, 0x00, 0x00, 0x00, 0x00, 0x00, 0x00,
    0x00, 0x00, 0x00, 0x00, 0x00, 0x00, 0x00, 0x00, 0x00, 0x00, 0x00, 0x00, 0x00, 0x00, 0x00, 0x00, 0x00, 0x00, 0x00, 0x00, 0x00, 0x00, 0x00, 0x00,
    0x00, 0x00, 0x00, 0x00, 0x00, 0x00, 0x00, 0x00, 0x00, 0x00, 0x00, 0x00, 0x00, 0x00, 0x00, 0x00, 0x00, 0x00, 0x00, 0x00, 0x00, 0x00, 0x00, 0x00,
    0x00, 0x00, 0x00, 0x00, 0x00, 0x00, 0x00, 0x00, 0x00, 0x00, 0x00, 0x01, 0x02, 0x01, 0x01, 0x01, 0x02, 0x03, 0x02, 0x01, 0x00, 0x00, 0x00, 0x00,
    0x00, 0x00, 0x00, 0x00, 0x00, 0x00, 0x00, 0x00, 0x00, 0x00, 0x00, 0x00, 0x00, 0x00, 0x00, 0x00, 0x00, 0x00, 0x00, 0x00, 0x00, 0x00, 0x00, 0x03,
    0x03, 0x00, 0x00, 0x00, 0x00, 0x00, 0x00, 0x00, 0x00, 0x00, 0x00, 0x00, 0x00, 0x00, 0x00, 0x00, 0x00, 0x00, 0x00, 0x00, 0x02, 0x00, 0x00, 0x00,
    0x00, 0x00, 0x00, 0x00, 0x00, 0x00, 0x01, 0x03, 0x04, 0x04, 0x02, 0x00, 0x00, 0x00, 0x00, 0x00, 0x00, 0x00, 0x00, 0x00, 0x00, 0x00, 0x00, 0x00,
    0x00, 0x00, 0x00, 0x00, 0x00, 0x00, 0x00, 0x00, 0x02, 0x00, 0x00, 0x00, 0x00, 0x00, 0x00, 0x00, 0x00, 0x00, 0x00, 0x00, 0x00, 0x00, 0x00, 0x01,
    0x03, 0x03, 0x03, 0x03, 0x03, 0x04, 0x00, 0x2d, 0x53, 0x04, 0x18, 0x1c, 0x35, 0x4f, 0x28, 0x19, 0x00, 0x00, 0x00, 0x00, 0x00, 0x01, 0x03, 0x02,
    0x02, 0x00, 0x00, 0x00, 0x00, 0x00, 0x00, 0x00, 0x00, 0x00, 0x00, 0x00, 0x00, 0x00, 0x00, 0x00, 0x00, 0x04, 0x00, 0x65, 0x6d, 0x00, 0x01, 0x00,
    0x00, 0x00, 0x00, 0x00, 0x00, 0x00, 0x00, 0x00, 0x01, 0x00, 0x00, 0x00, 0x00, 0x00, 0x00, 0x00, 0x24, 0xb8, 0xec, 0xb9, 0xe1, 0xe1, 0xba, 0xca,
    0xfd, 0xbf, 0xac, 0x9a, 0x8e, 0x74, 0x1e, 0x00, 0x00, 0x00, 0x00, 0x03, 0x02, 0x00, 0x00, 0x00, 0x00, 0x00, 0x00, 0x00, 0x00, 0x00, 0x00, 0x00,
    0x00, 0x00, 0x05, 0x00, 0x69, 0xff, 0x76, 0x00, 0x04, 0x00, 0x00, 0x00, 0x00, 0x00, 0x00, 0x00, 0x00, 0x01, 0x00, 0x00, 0x42, 0x4f, 0x47, 0x40,
    0x5e, 0xbe, 0xff, 0xf7, 0x83, 0x47, 0xdc, 0x69, 0x00, 0x71, 0xa4, 0x00, 0x39, 0xea, 0x69, 0x8d, 0xf2, 0xc9, 0x69, 0x2f, 0x2c, 0x00, 0x00, 0x00,
    0x00, 0x00, 0x00, 0x00, 0x00, 0x00, 0x00, 0x00, 0x00, 0x00, 0x00, 0x04, 0x00, 0x72, 0xd6, 0xdd, 0x25, 0x00, 0x02, 0x00, 0x00, 0x00, 0x00, 0x00,
    0x00, 0x00, 0x01, 0x00, 0x17, 0xca, 0xc6, 0xc8, 0xf4, 0xff, 0xd2, 0xcc, 0xc0, 0xb4, 0x9b, 0xb5, 0xef, 0xd7, 0xb8, 0xeb, 0xad, 0x64, 0xd9, 0x7c,
    0x00, 0x4e, 0xba, 0x47, 0xa6, 0xff, 0xe9, 0x4d, 0x4d, 0x9b, 0x06, 0x01, 0x00, 0x00, 0x00, 0x00, 0x00, 0x00, 0x00, 0x00, 0x04, 0x00, 0x74, 0xcc,
    0xb1, 0xe7, 0x0a, 0x00, 0x01, 0x00, 0x00, 0x00, 0x00, 0x00, 0x00, 0x01, 0x02, 0x05, 0xbf, 0x7d, 0x00, 0x00, 0x19, 0xd3, 0x8c, 0x00, 0x00, 0x00,
    0x00, 0x01, 0x10, 0x16, 0x1d, 0x16, 0x4c, 0x7e, 0xb3, 0xa5, 0xb7, 0xdb, 0x98, 0x34, 0x3e, 0x55, 0x2c, 0xae, 0xff, 0x86, 0x00, 0x02, 0x00, 0x00,
    0x00, 0x00, 0x00, 0x00, 0x00, 0x05, 0x00, 0x5e, 0xd1, 0xaa, 0xe4, 0xae, 0x00, 0x03, 0x00, 0x00, 0x00, 0x00, 0x00, 0x00, 0x00, 0x03, 0x00, 0x6e,
    0xb6, 0x00, 0x09, 0x1d, 0x00, 0x27, 0xef, 0x1a, 0x03, 0x03, 0x01, 0x00, 0x00, 0x00, 0x00, 0x00, 0x00, 0x00, 0x00, 0x00, 0x14, 0x2f, 0x6d, 0xa7,
    0xb5, 0x9f, 0x73, 0x3f, 0x5b, 0xaa, 0x93, 0x08, 0x03, 0x00, 0x00, 0x00, 0x00, 0x00, 0x04, 0x00, 0x3e, 0xde, 0xd7, 0x87, 0x83, 0x7f, 0x00, 0x04,
    0x00, 0x00, 0x00, 0x00, 0x00, 0x00, 0x01, 0x01, 0x09, 0xdf, 0x25, 0x33, 0xcc, 0xcb, 0xa5, 0x09, 0xae, 0x85, 0x00, 0x04, 0x00, 0x00, 0x01, 0x01,
    0x01, 0x01, 0x03, 0x04, 0x03, 0x01, 0x00, 0x00, 0x00, 0x00, 0x0c, 0x3c, 0x75, 0xa4, 0xb5, 0xad, 0x9b, 0x00, 0x00, 0x03, 0x02, 0x00, 0x00, 0x04,
    0x00, 0x41, 0xd2, 0xda, 0x95, 0x04, 0xe1, 0x59, 0x00, 0x03, 0x00, 0x00, 0x00, 0x00, 0x00, 0x00, 0x04, 0x00, 0x69, 0xc8, 0x0b, 0xd6, 0x75, 0x66,
    0xbd, 0xae, 0x21, 0xda, 0x0a, 0x01, 0x01, 0x00, 0x00, 0x00, 0x00, 0x00, 0x00, 0x00, 0x00, 0x00, 0x01, 0x02, 0x04, 0x03, 0x00, 0x00, 0x00, 0x00,
    0x0e, 0x5c, 0xb1, 0xb1, 0x35, 0x00, 0x00, 0x04, 0x04, 0x00, 0x41, 0xd5, 0xb3, 0x9c, 0x2f, 0xd7, 0xf7, 0x37, 0x00, 0x03, 0x00, 0x00, 0x00, 0x00,
    0x00, 0x00, 0x03, 0x00, 0xb8, 0x5d, 0x86, 0xdc, 0xb9, 0xa0, 0xc3, 0xe2, 0x32, 0xcb, 0x5b, 0x00, 0x03, 0x00, 0x00, 0x00, 0x00, 0x00, 0x00, 0x00,
    0x00, 0x00, 0x00, 0x00, 0x00, 0x00, 0x01, 0x02, 0x04, 0x03, 0x00, 0x00, 0x00, 0x66, 0xcd, 0xb7, 0x3d, 0x00, 0x00, 0x47, 0xd6, 0xa7, 0xb4, 0x84,
    0xd4, 0x4b, 0xd0, 0x16, 0x00, 0x01, 0x00, 0x00, 0x00, 0x00, 0x00, 0x00, 0x02, 0x02, 0xc5, 0x4b, 0xb6, 0xb3, 0x7b, 0x00, 0xb4, 0xc7, 0x9e, 0x73,
    0xa8, 0x00, 0x04, 0x00, 0x00, 0x00, 0x00, 0x00, 0x00, 0x00, 0x00, 0x00, 0x00, 0x00, 0x00, 0x00, 0x00, 0x00, 0x00, 0x00, 0x01, 0x03, 0x01, 0x00,
    0x03, 0x67, 0xe4, 0x9b, 0xa7, 0xc5, 0xa2, 0xcd, 0xc1, 0xab, 0x06, 0x25, 0xeb, 0x12, 0x00, 0x01, 0x00, 0x00, 0x00, 0x00, 0x00, 0x01, 0x00, 0x12,
    0xc9, 0x5f, 0xa9, 0x86, 0x5e, 0x00, 0xa2, 0x6a, 0xb4, 0x59, 0xc2, 0x00, 0x02, 0x00, 0x00, 0x00, 0x00, 0x00, 0x00, 0x00, 0x00, 0x00, 0x00, 0x00,
    0x00, 0x00, 0x00, 0x00, 0x00, 0x00, 0x00, 0x00, 0x00, 0x03, 0x00, 0x00, 0x1c, 0x61, 0x37, 0x63, 0xf1, 0xd9, 0x71, 0x27, 0x80, 0x9f, 0xe3, 0x17,
    0x00, 0x01, 0x00, 0x00, 0x00, 0x00, 0x00, 0x02, 0x00, 0x36, 0xbb, 0x4f, 0xba, 0x4f, 0xca, 0x35, 0xd8, 0x2e, 0xce, 0x34, 0xd0, 0x0d, 0x00, 0x01,
    0x00, 0x00, 0x00, 0x00, 0x00, 0x00, 0x00, 0x00, 0x00, 0x00, 0x00, 0x00, 0x00, 0x00, 0x00, 0x00, 0x00, 0x00, 0x00, 0x00, 0x00, 0x03, 0x00, 0x00,
    0x00, 0x8b, 0xe5, 0x80, 0x7a, 0x79, 0x33, 0x00, 0xc5, 0x4b, 0x00, 0x03, 0x00, 0x00, 0x00, 0x00, 0x00, 0x03, 0x00, 0x5c, 0xa3, 0x6f, 0xa4, 0x01,
    0x87, 0xa4, 0x5f, 0x01, 0xc4, 0x47, 0xc0, 0x2a, 0x00, 0x02, 0x00, 0x00, 0x00, 0x00, 0x00, 0x00, 0x00, 0x00, 0x00, 0x00, 0x00, 0x00, 0x00, 0x00,
    0x00, 0x00, 0x01, 0x02, 0x03, 0x03, 0x03, 0x03, 0x03, 0x06, 0x02, 0x5c, 0xa3, 0x64, 0x2e, 0x11, 0x39, 0x5b, 0xe3, 0x72, 0x00, 0x04, 0x00, 0x00,
    0x00, 0x00, 0x00, 0x04, 0x00, 0x92, 0x78, 0x7f, 0x96, 0x00, 0x2d, 0x75, 0x17, 0x00, 0xd3, 0x3b, 0xb5, 0x58, 0x04, 0x07, 0x03, 0x03, 0x03, 0x03,
    0x03, 0x03, 0x04, 0x04, 0x04, 0x04, 0x04, 0x03, 0x03, 0x01, 0x00, 0x00, 0x00, 0x00, 0x00, 0x00, 0x00, 0x00, 0x00, 0x02, 0x00, 0x42, 0x6e, 0x5b,
    0x78, 0x73, 0x6a, 0x36, 0x79, 0xb5, 0x02, 0x03, 0x00, 0x00, 0x00, 0x00, 0x00, 0x04, 0x00, 0x9b, 0x7b, 0x7c, 0x91, 0x0e, 0xf7, 0xff, 0xe0, 0x00,
    0xac, 0x68, 0xb6, 0x43, 0x00, 0x00, 0x00, 0x00, 0x00, 0x00, 0x00, 0x00, 0x00, 0x00, 0x00, 0x00, 0x00, 0x00, 0x00, 0x00, 0x00, 0x05, 0x20, 0x3c,
    0x55, 0x50, 0x5a, 0x71, 0x61, 0x03, 0x01, 0x27, 0x6f, 0x4e, 0x17, 0x00, 0x00, 0x00, 0x2d, 0xdf, 0x08, 0x01, 0x00, 0x00, 0x00, 0x00, 0x00, 0x04,
    0x00, 0x86, 0x7d, 0x7d, 0x8e, 0x17, 0xff, 0xff, 0xe3, 0x00, 0x9c, 0x6c, 0xaf, 0xb0, 0x89, 0x8c, 0x5d, 0x51, 0x55, 0x55, 0x53, 0x4d, 0x7b, 0x8b,
    0x8a, 0x8b, 0x8c, 0x76, 0x7e, 0xae, 0x94, 0x80, 0x7c, 0x7c, 0x8b, 0x6c, 0x4b, 0x28, 0x19, 0x02, 0x00, 0x30, 0x77, 0x60, 0x75, 0x7f, 0x8a, 0x71,
    0xa4, 0xb2, 0x00, 0x03, 0x00, 0x00, 0x00, 0x00, 0x00, 0x03, 0x00, 0x50, 0xad, 0x88, 0x96, 0x00, 0x47, 0x74, 0x23, 0x01, 0xd1, 0x39, 0xb3, 0x8e,
    0x53, 0x58, 0x50, 0x6e, 0x8b, 0x8b, 0x7b, 0x4d, 0x53, 0x55, 0x54, 0x56, 0x55, 0x30, 0x22, 0x1f, 0x11, 0x02, 0x00, 0x00, 0x00, 0x00, 0x00, 0x00,
    0x00, 0x02, 0x01, 0x2f, 0x87, 0x5c, 0x3d, 0x02, 0x0d, 0x1f, 0xa8, 0x8e, 0x00, 0x04, 0x00, 0x00, 0x00, 0x00, 0x00, 0x03, 0x00, 0x56, 0xb5, 0x76,
    0x9a, 0x00, 0x5e, 0xaa, 0x4c, 0x00, 0xca, 0x58, 0xbc, 0x1d, 0x00, 0x00, 0x00, 0x00, 0x00, 0x00, 0x00, 0x00, 0x00, 0x00, 0x00, 0x00, 0x00, 0x00,
    0x00, 0x00, 0x00, 0x00, 0x02, 0x04, 0x04, 0x04, 0x03, 0x01, 0x03, 0x06, 0x04, 0x41, 0xe0, 0x87, 0x69, 0x84, 0x5b, 0x09, 0x87, 0x95, 0x00, 0x04,
    0x00, 0x00, 0x00, 0x00, 0x00, 0x02, 0x00, 0x44, 0xb6, 0x39, 0xb9, 0x27, 0xd4, 0x4a, 0xd8, 0x27, 0xb8, 0x5b, 0xd0, 0x17, 0x03, 0x03, 0x25, 0x41,
    0x00, 0x06, 0x00, 0x00, 0x02, 0x06, 0x03, 0x67, 0x3a, 0x00, 0x03, 0x02, 0x06, 0x00, 0x00, 0x00, 0x00, 0x00, 0x02, 0x03, 0x00, 0x00, 0x00, 0x29,
    0xe3, 0xdf, 0x97, 0x36, 0x48, 0x79, 0xce, 0x88, 0x00, 0x04, 0x00, 0x00, 0x00, 0x00, 0x00, 0x01, 0x00, 0x15, 0xd5, 0x21, 0xbb, 0x73, 0x80, 0x00,
    0x86, 0x70, 0xb5, 0x2d, 0xe0, 0x14, 0x00, 0x00, 0x92, 0xd1, 0x42, 0x01, 0x3e, 0x67, 0x06, 0x01, 0x0b, 0xd7, 0xdb, 0x2d, 0x03, 0x63, 0x8e, 0x08,
    0x03, 0x00, 0x01, 0x03, 0x00, 0x00, 0x50, 0xa8, 0x89, 0x8b, 0x98, 0xc5, 0xae, 0xc2, 0x61, 0x00, 0x9e, 0x92, 0x00, 0x04, 0x00, 0x00, 0x00, 0x00,
    0x00, 0x00, 0x01, 0x06, 0xd0, 0x21, 0x9d, 0xa6, 0x8d, 0x00, 0x9d, 0xbc, 0x99, 0x60, 0xc7, 0x01, 0x04, 0x00, 0x58, 0x74, 0x12, 0x00, 0x9d, 0xd6,
    0x44, 0x01, 0x03, 0x38, 0x56, 0x09, 0x0d, 0xc1, 0xe2, 0x2c, 0x04, 0x05, 0x00, 0x00, 0x33, 0xad, 0xdc, 0x65, 0x55, 0x5a, 0xbf, 0xb1, 0xb8, 0x8a,
    0xa0, 0xa7, 0x98, 0x8e, 0x00, 0x04, 0x00, 0x00, 0x00, 0x00, 0x00, 0x00, 0x03, 0x00, 0xb1, 0x7c, 0x63, 0xce, 0xbe, 0x8c, 0xb7, 0xb9, 0x5c, 0x8e,
    0x87, 0x00, 0x04, 0x00, 0x00, 0x00, 0x00, 0x00, 0x31, 0x44, 0x00, 0x02, 0x00, 0x00, 0x00, 0x00, 0x00, 0x14, 0x23, 0x00, 0x00, 0x00, 0x20, 0x9f,
    0xd0, 0x72, 0x0e, 0x00, 0x00, 0x00, 0x08, 0xa3, 0xc0, 0xbb, 0x7b, 0x55, 0xe1, 0xcc, 0x06, 0x02, 0x00, 0x00, 0x00, 0x00, 0x00, 0x00, 0x03, 0x00,
    0x3e, 0xe4, 0x09, 0xc0, 0x88, 0x7e, 0x83, 0xc6, 0x0d, 0xd2, 0x2f, 0x00, 0x02, 0x00, 0x02, 0x02, 0x00, 0x00, 0x00, 0x00, 0x00, 0x00, 0x01, 0x04,
    0x06, 0x04, 0x00, 0x00, 0x00, 0x0a, 0x49, 0xa1, 0xbd, 0x7c, 0x07, 0x00, 0x00, 0x03, 0x03, 0x04, 0x00, 0x00, 0xa7, 0xa9, 0xb9, 0x98, 0x18, 0xd7,
    0x2e, 0x00, 0x02, 0x00, 0x00, 0x00, 0x00, 0x00, 0x00, 0x02, 0x01, 0xce, 0x4a, 0x21, 0xd0, 0xb1, 0xd2, 0x20, 0x62, 0xc7, 0x00, 0x02, 0x00, 0x00,
    0x00, 0x00, 0x01, 0x01, 0x04, 0x05, 0x04, 0x03, 0x00, 0x00, 0x00, 0x00, 0x09, 0x4d, 0xa8, 0xbb, 0xae, 0x95, 0x81, 0x00, 0x00, 0x04, 0x01, 0x00,
    0x00, 0x00, 0x01, 0x02, 0x00, 0x79, 0xcd, 0xa2, 0xac, 0xbc, 0x58, 0x00, 0x03, 0x00, 0x00, 0x00, 0x00, 0x00, 0x00, 0x03, 0x00, 0x4d, 0xda, 0x00,
    0x1b, 0x59, 0x1a, 0x00, 0xe5, 0x51, 0x05, 0x07, 0x04, 0x04, 0x02, 0x01, 0x00, 0x00, 0x00, 0x00, 0x00, 0x00, 0x0a, 0x2d, 0x57, 0x8e, 0xc0, 0xda,
    0x6e, 0x1b, 0x00, 0xb9, 0xab, 0x04, 0x03, 0x00, 0x00, 0x00, 0x00, 0x00, 0x00, 0x01, 0x03, 0x00, 0x78, 0xbc, 0x89, 0xec, 0xa9, 0x00, 0x03, 0x00,
    0x00, 0x00, 0x00, 0x00, 0x00, 0x01, 0x01, 0x06, 0xc2, 0xaf, 0x00, 0x00, 0x00, 0xa3, 0xc7, 0x00, 0x00, 0x00, 0x00, 0x00, 0x00, 0x00, 0x13, 0x1e,
    0x46, 0x55, 0x71, 0xa3, 0xba, 0x9f, 0xdc, 0x9a, 0x08, 0x39, 0x73, 0x00, 0x79, 0xf2, 0x09, 0x01, 0x01, 0x00, 0x00, 0x00, 0x00, 0x00, 0x00, 0x00,
    0x00, 0x04, 0x00, 0x4c, 0xd6, 0x7d, 0xdd, 0x17, 0x00, 0x01, 0x00, 0x00, 0x00, 0x00, 0x00, 0x00, 0x01, 0x01, 0x00, 0xa7, 0xcb, 0x96, 0xe0, 0xfc,
    0x7d, 0x65, 0x95, 0x92, 0x8b, 0x8f, 0xb0, 0xad, 0xb9, 0xad, 0xa3, 0x8a, 0x7f, 0x45, 0x15, 0x00, 0x51, 0xe5, 0x6b, 0x00, 0x89, 0x5a, 0xf5, 0x3b,
    0x00, 0x02, 0x00, 0x00, 0x00, 0x00, 0x00, 0x00, 0x00, 0x00, 0x00, 0x00, 0x04, 0x00, 0x41, 0xce, 0xe9, 0x45, 0x00, 0x03, 0x00, 0x00, 0x00, 0x00,
    0x00, 0x00, 0x00, 0x01, 0x01, 0x00, 0x34, 0xa0, 0xc6, 0xa5, 0x84, 0x8e, 0x92, 0x8e, 0x58, 0x54, 0x2b, 0x1e, 0x0a, 0x00, 0x00, 0x00, 0x00, 0x00,
    0x00, 0x04, 0x00, 0x39, 0xe8, 0x95, 0x1c, 0xff, 0x83, 0x00, 0x04, 0x00, 0x00, 0x00, 0x00, 0x00, 0x00, 0x00, 0x00, 0x00, 0x00, 0x00, 0x00, 0x04,
    0x00, 0x1b, 0xd6, 0x98, 0x00, 0x03, 0x00, 0x00, 0x00, 0x00, 0x00, 0x00, 0x00, 0x00, 0x00, 0x01, 0x00, 0x00, 0x00, 0x00, 0x00, 0x00, 0x00, 0x00,
    0x00, 0x00, 0x00, 0x00, 0x00, 0x01, 0x03, 0x04, 0x04, 0x03, 0x01, 0x00, 0x04, 0x00, 0x12, 0xd0, 0xe6, 0xcc, 0x05, 0x04, 0x01, 0x00, 0x00, 0x00,
    0x00, 0x00, 0x00, 0x00, 0x00, 0x00, 0x00, 0x00, 0x00, 0x00, 0x03, 0x00, 0x0b, 0x1a, 0x00, 0x00, 0x00, 0x00, 0x00, 0x00, 0x00, 0x00, 0x00, 0x00,
    0x00, 0x00, 0x02, 0x03, 0x02, 0x03, 0x04, 0x04, 0x04, 0x04, 0x03, 0x03, 0x02, 0x01, 0x01, 0x00, 0x00, 0x00, 0x00, 0x00, 0x00, 0x00, 0x00, 0x03,
    0x00, 0x00, 0x8b, 0x2f, 0x00, 0x02, 0x00, 0x00, 0x00, 0x00, 0x00, 0x00, 0x00, 0x00, 0x00, 0x00, 0x00, 0x00, 0x00, 0x00, 0x00, 0x01, 0x00, 0x00,
    0x00, 0x00, 0x00, 0x00, 0x00, 0x00, 0x00, 0x00, 0x00, 0x00, 0x00, 0x00, 0x00, 0x00, 0x00, 0x00, 0x00, 0x00, 0x00, 0x00, 0x00, 0x00, 0x00, 0x00,
    0x00, 0x00, 0x00, 0x00, 0x00, 0x00, 0x00, 0x00, 0x00, 0x00, 0x01, 0x00, 0x00, 0x00, 0x01, 0x00, 0x00, 0x00, 0x00, 0x00, 0x00, 0x00, 0x00, 0x00,
    0x00, 0x00, 0x00, 0x00, 0x00, 0x00, 0x00, 0x00, 0x01, 0x01, 0x00, 0x00, 0x00, 0x00, 0x00, 0x00, 0x00, 0x00, 0x00, 0x00, 0x00, 0x00, 0x00, 0x00,
    0x00, 0x00, 0x00, 0x00, 0x00, 0x00, 0x00, 0x00, 0x00, 0x00, 0x00, 0x00, 0x00, 0x00, 0x00, 0x00, 0x00, 0x00, 0x00, 0x00, 0x00, 0x01, 0x04, 0x02,
    0x00, 0x00, 0x00, 0x00, 0x00, 0x00, 0x00, 0x00, 0x00, 0x00, 0x00, 0x00, 0x00, 0x00, 0x00, 0x00, 0x00, 0x00, 0x00, 0x00, 0x00, 0x00, 0x00, 0x00,
    0x00, 0x00, 0x00, 0x00, 0x00, 0x00, 0x00, 0x00, 0x00, 0x00, 0x00, 0x00, 0x00, 0x00, 0x00, 0x00, 0x00, 0x00, 0x00, 0x00, 0x00, 0x00, 0x00, 0x00,
    0x00, 0x00, 0x00, 0x00, 0x00, 0x00, 0x00, 0x00, 0x00, 0x00, 0x00, 0x00, 0x00, 0x00, 0x00, 0x00, 0x00, 0x00, 0x00, 0x00, 0x00, 0x00, 0x00, 0x00,
    0x00, 0x00, 0x00, 0x00, 0x00, 0x00, 0x00, 0x00, 0x00, 0x00, 0x00, 0x00, 0x00, 0x00, 0x00, 0x00, 0x00, 0x00, 0x00, 0x00, 0x00, 0x00, 0x00, 0x00,
    0x00, 0x00, 0x00, 0x00, 0x00, 0x00, 0x00, 0x00, 0x00, 0x00, 0x00, 0x00, 0x00, 0x00, 0x00, 0x00, 0x00, 0x00, 0x00, 0x00, 0x00, 0x00, 0x00, 0x00,
    0x00, 0x00, 0x00, 0x00, 0x00, 0x00, 0x00, 0x00, 0x00, 0x00, 0x00, 0x00, 0x00, 0x00, 0x00, 0x00, 0x00, 0x00, 0x00, 0x00
};
static const uint8_t bp_fish_tail_4[2204] = {
    0x00, 0x00, 0x00, 0x00, 0x00, 0x00, 0x00, 0x00, 0x00, 0x00, 0x00, 0x00, 0x00, 0x00, 0x00, 0x00, 0x00, 0x00, 0x00, 0x00, 0x00, 0x00, 0x00, 0x00,
    0x00, 0x00, 0x00, 0x00, 0x00, 0x00, 0x00, 0x00, 0x00, 0x00, 0x00, 0x00, 0x00, 0x00, 0x00, 0x00, 0x00, 0x00, 0x00, 0x00, 0x00, 0x00, 0x00, 0x00,
    0x00, 0x00, 0x00, 0x00, 0x00, 0x00, 0x00, 0x00, 0x00, 0x00, 0x00, 0x00, 0x00, 0x00, 0x00, 0x00, 0x00, 0x00, 0x00, 0x00, 0x00, 0x00, 0x00, 0x00,
    0x00, 0x00, 0x00, 0x00, 0x00, 0x00, 0x00, 0x00, 0x00, 0x00, 0x00, 0x00, 0x00, 0x00, 0x00, 0x00, 0x00, 0x00, 0x00, 0x00, 0x00, 0x00, 0x00, 0x00,
    0x00, 0x00, 0x00, 0x00, 0x00, 0x00, 0x00, 0x00, 0x00, 0x00, 0x00, 0x00, 0x00, 0x00, 0x00, 0x00, 0x00, 0x00, 0x00, 0x00, 0x00, 0x00, 0x00, 0x00,
    0x00, 0x00, 0x00, 0x00, 0x00, 0x00, 0x00, 0x00, 0x00, 0x00, 0x00, 0x01, 0x03, 0x00, 0x00, 0x01, 0x01, 0x01, 0x01, 0x01, 0x00, 0x00, 0x00, 0x00,
    0x00, 0x00, 0x00, 0x00, 0x00, 0x00, 0x00, 0x00, 0x00, 0x00, 0x00, 0x00, 0x00, 0x00, 0x00, 0x00, 0x00, 0x00, 0x00, 0x00, 0x00, 0x00, 0x00, 0x00,
    0x00, 0x00, 0x00, 0x00, 0x00, 0x00, 0x00, 0x00, 0x00, 0x00, 0x00, 0x00, 0x00, 0x00, 0x00, 0x00, 0x00, 0x00, 0x00, 0x00, 0x01, 0x00, 0x00, 0x03,
    0x02, 0x00, 0x00, 0x00, 0x00, 0x00, 0x00, 0x02, 0x04, 0x04, 0x02, 0x00, 0x00, 0x00, 0x00, 0x00, 0x00, 0x00, 0x00, 0x00, 0x00, 0x00, 0x00, 0x00,
    0x00, 0x00, 0x00, 0x00, 0x00, 0x00, 0x00, 0x00, 0x00, 0x02, 0x01, 0x00, 0x00, 0x00, 0x00, 0x00, 0x00, 0x00, 0x00, 0x00, 0x00, 0x00, 0x00, 0x00,
    0x03, 0x03, 0x03, 0x03, 0x03, 0x04, 0x00, 0x08, 0x6a, 0x00, 0x00, 0x14, 0x16, 0x16, 0x0f, 0x13, 0x01, 0x00, 0x00, 0x00, 0x00, 0x01, 0x04, 0x01,
    0x01, 0x00, 0x00, 0x00, 0x00, 0x00, 0x00, 0x00, 0x00, 0x00, 0x00, 0x00, 0x00, 0x00, 0x00, 0x00, 0x00, 0x00, 0x02, 0x00, 0x00, 0x00, 0x00, 0x00,
    0x00, 0x00, 0x00, 0x00, 0x00, 0x00, 0x00, 0x00, 0x02, 0x02, 0x00, 0x00, 0x00, 0x00, 0x00, 0x00, 0x13, 0x85, 0xf9, 0x8d, 0xb3, 0xf1, 0xe2, 0xd6,
    0xf5, 0xe9, 0xb9, 0x9e, 0x8e, 0x74, 0x23, 0x00, 0x00, 0x00, 0x00, 0x02, 0x01, 0x03, 0x00, 0x00, 0x00, 0x00, 0x00, 0x00, 0x00, 0x00, 0x00, 0x00,
    0x00, 0x00, 0x00, 0x04, 0x00, 0x38, 0xcb, 0x24, 0x00, 0x02, 0x00, 0x00, 0x00, 0x00, 0x00, 0x00, 0x00, 0x01, 0x00, 0x00, 0x3e, 0x4f, 0x46, 0x3f,
    0x55, 0xa8, 0xf7, 0xff, 0x96, 0x6c, 0xe0, 0x73, 0x02, 0x57, 0xc6, 0x17, 0x1c, 0xe6, 0x92, 0x80, 0xd8, 0xd6, 0x82, 0x19, 0x0d, 0x00, 0x00, 0x00,
    0x00, 0x00, 0x00, 0x00, 0x00, 0x00, 0x00, 0x00, 0x00, 0x00, 0x00, 0x00, 0x04, 0x00, 0x38, 0xf2, 0xd8, 0x04, 0x01, 0x00, 0x00, 0x00, 0x00, 0x00,
    0x00, 0x00, 0x02, 0x02, 0x29, 0xb7, 0xdc, 0xc9, 0xf7, 0xff, 0xc5, 0xcd, 0xc3, 0xb9, 0x9c, 0xa2, 0xe4, 0xa8, 0x96, 0xf9, 0xa3, 0x4b, 0xb3, 0xa5,
    0x00, 0x11, 0xc8, 0x4c, 0x91, 0xfd, 0xe1, 0x32, 0x04, 0x69, 0x15, 0x00, 0x01, 0x00, 0x00, 0x00, 0x00, 0x00, 0x00, 0x00, 0x00, 0x05, 0x00, 0x42,
    0xce, 0xcc, 0x95, 0x00, 0x04, 0x00, 0x00, 0x00, 0x00, 0x00, 0x00, 0x00, 0x03, 0x00, 0xd3, 0xb4, 0x01, 0x00, 0x17, 0xad, 0xae, 0x00, 0x00, 0x00,
    0x00, 0x00, 0x10, 0x23, 0x51, 0x45, 0x77, 0x8d, 0xb9, 0xa9, 0xab, 0xb4, 0xb7, 0x34, 0x1f, 0x6d, 0x63, 0xc3, 0xe5, 0x67, 0x00, 0x02, 0x00, 0x00,
    0x00, 0x00, 0x00, 0x00, 0x00, 0x00, 0x04, 0x00, 0x43, 0xd3, 0x9f, 0xf7, 0x46, 0x00, 0x03, 0x00, 0x00, 0x00, 0x00, 0x00, 0x00, 0x03, 0x00, 0x7f,
    0xbb, 0x00, 0x0f, 0x35, 0x00, 0x00, 0xea, 0x50, 0x03, 0x05, 0x01, 0x01, 0x00, 0x00, 0x00, 0x00, 0x00, 0x00, 0x00, 0x0c, 0x39, 0x4d, 0x67, 0xa6,
    0xc2, 0xa8, 0x4c, 0x1d, 0x6b, 0xc5, 0x72, 0x06, 0x02, 0x00, 0x00, 0x00, 0x00, 0x00, 0x00, 0x04, 0x00, 0x61, 0xcd, 0xc1, 0xdf, 0xd2, 0x02, 0x01,
    0x00, 0x00, 0x00, 0x00, 0x00, 0x00, 0x01, 0x01, 0x0c, 0xe6, 0x21, 0x35, 0xd7, 0xac, 0xc6, 0x0b, 0x66, 0xc6, 0x00, 0x03, 0x00, 0x00, 0x01, 0x01,
    0x03, 0x03, 0x04, 0x04, 0x03, 0x00, 0x00, 0x00, 0x00, 0x00, 0x09, 0x57, 0xae, 0xb9, 0xa5, 0xaa, 0x94, 0x00, 0x00, 0x04, 0x01, 0x00, 0x00, 0x00,
    0x05, 0x00, 0x75, 0xcc, 0xc3, 0x8b, 0x44, 0xc8, 0x00, 0x02, 0x00, 0x00, 0x00, 0x00, 0x00, 0x00, 0x03, 0x00, 0x45, 0xc3, 0x05, 0xd3, 0x77, 0x81,
    0x9d, 0xb1, 0x03, 0xd6, 0x2f, 0x00, 0x02, 0x00, 0x00, 0x00, 0x00, 0x00, 0x00, 0x00, 0x00, 0x01, 0x02, 0x03, 0x04, 0x03, 0x00, 0x00, 0x00, 0x0a,
    0x3e, 0x8f, 0xc1, 0x7d, 0x07, 0x00, 0x00, 0x03, 0x03, 0x05, 0x00, 0x74, 0xcc, 0xbb, 0x92, 0x1e, 0xc5, 0xab, 0x00, 0x03, 0x00, 0x00, 0x00, 0x00,
    0x00, 0x00, 0x04, 0x00, 0xa2, 0x8d, 0x69, 0xe0, 0xb8, 0x9f, 0xba, 0xec, 0x46, 0x93, 0x87, 0x00, 0x04, 0x00, 0x00, 0x00, 0x00, 0x00, 0x00, 0x00,
    0x00, 0x00, 0x00, 0x00, 0x00, 0x00, 0x01, 0x03, 0x03, 0x00, 0x00, 0x00, 0x1e, 0x9f, 0xcf, 0x80, 0x0f, 0x00, 0x00, 0x00, 0x71, 0xd1, 0xb5, 0x92,
    0x66, 0xcc, 0xed, 0x60, 0x00, 0x04, 0x00, 0x00, 0x00, 0x00, 0x00, 0x00, 0x01, 0x06, 0xd1, 0x4b, 0xc7, 0xc3, 0x8e, 0x00, 0xaa, 0xb3, 0x97, 0x62,
    0xa5, 0x00, 0x04, 0x00, 0x00, 0x00, 0x00, 0x00, 0x00, 0x00, 0x00, 0x00, 0x00, 0x00, 0x00, 0x00, 0x00, 0x00, 0x00, 0x01, 0x02, 0x04, 0x00, 0x00,
    0x2f, 0xa3, 0xde, 0x66, 0x55, 0x83, 0xe8, 0xbf, 0xac, 0xad, 0xad, 0x00, 0xbd, 0x4e, 0x00, 0x03, 0x00, 0x00, 0x00, 0x00, 0x00, 0x01, 0x00, 0x18,
    0xca, 0x58, 0xac, 0x67, 0x63, 0x00, 0x91, 0x70, 0xaf, 0x57, 0xc3, 0x00, 0x02, 0x00, 0x00, 0x00, 0x00, 0x00, 0x00, 0x00, 0x00, 0x00, 0x00, 0x00,
    0x00, 0x00, 0x00, 0x00, 0x00, 0x00, 0x00, 0x00, 0x01, 0x03, 0x00, 0x00, 0x53, 0xa9, 0x8a, 0xa1, 0xda, 0xc3, 0xbe, 0x5e, 0x20, 0x6d, 0xec, 0x47,
    0x00, 0x03, 0x00, 0x00, 0x00, 0x00, 0x00, 0x02, 0x00, 0x41, 0xb8, 0x48, 0xba, 0x2f, 0xcb, 0x36, 0xe3, 0x1a, 0xb7, 0x63, 0xc6, 0x0f, 0x00, 0x01,
    0x00, 0x00, 0x00, 0x00, 0x00, 0x00, 0x00, 0x00, 0x00, 0x00, 0x00, 0x00, 0x00, 0x00, 0x00, 0x00, 0x00, 0x00, 0x00, 0x00, 0x02, 0x03, 0x00, 0x00,
    0x00, 0x3c, 0xf7, 0xa8, 0x66, 0x79, 0x95, 0x3a, 0xcb, 0x4e, 0x00, 0x03, 0x00, 0x00, 0x00, 0x00, 0x00, 0x03, 0x00, 0x68, 0x97, 0x6f, 0x9a, 0x00,
    0x79, 0xa4, 0x5e, 0x00, 0xc9, 0x56, 0xbd, 0x2a, 0x00, 0x02, 0x00, 0x00, 0x00, 0x00, 0x00, 0x00, 0x00, 0x00, 0x00, 0x00, 0x00, 0x00, 0x00, 0x00,
    0x00, 0x00, 0x00, 0x01, 0x01, 0x01, 0x02, 0x03, 0x05, 0x06, 0x05, 0x3d, 0xb7, 0x75, 0x67, 0x25, 0x00, 0x00, 0xca, 0x50, 0x00, 0x03, 0x00, 0x00,
    0x00, 0x00, 0x00, 0x04, 0x00, 0x9a, 0x76, 0x7e, 0x99, 0x00, 0x36, 0x75, 0x18, 0x01, 0xd2, 0x38, 0xb6, 0x57, 0x04, 0x06, 0x03, 0x03, 0x03, 0x03,
    0x03, 0x03, 0x03, 0x03, 0x03, 0x03, 0x03, 0x04, 0x04, 0x03, 0x02, 0x01, 0x00, 0x00, 0x00, 0x00, 0x00, 0x00, 0x00, 0x02, 0x00, 0x31, 0x88, 0x5c,
    0x45, 0x5d, 0x80, 0x7d, 0xbb, 0xa0, 0x00, 0x03, 0x00, 0x00, 0x00, 0x00, 0x00, 0x04, 0x00, 0x96, 0x7c, 0x7c, 0x91, 0x0d, 0xf6, 0xff, 0xe1, 0x00,
    0xac, 0x69, 0xb6, 0x43, 0x00, 0x00, 0x00, 0x00, 0x00, 0x00, 0x00, 0x00, 0x00, 0x00, 0x00, 0x00, 0x00, 0x00, 0x00, 0x00, 0x00, 0x00, 0x00, 0x10,
    0x1f, 0x21, 0x2f, 0x54, 0x3e, 0x02, 0x01, 0x25, 0x5d, 0x55, 0x40, 0x26, 0x1b, 0x01, 0x44, 0xd9, 0x05, 0x01, 0x00, 0x00, 0x00, 0x00, 0x00, 0x04,
    0x00, 0x96, 0x7c, 0x7c, 0x91, 0x0d, 0xf6, 0xff, 0xe1, 0x00, 0x9c, 0x6c, 0xae, 0xb0, 0x7a, 0x4f, 0x55, 0x55, 0x55, 0x55, 0x55, 0x55, 0x55, 0x54,
    0x55, 0x53, 0x51, 0x87, 0x84, 0x6f, 0x9d, 0xae, 0x88, 0x94, 0xae, 0x8d, 0x74, 0x8c, 0x67, 0x01, 0x01, 0x25, 0x5d, 0x55, 0x40, 0x26, 0x1b, 0x01,
    0x40, 0xd7, 0x06, 0x01, 0x00, 0x00, 0x00, 0x00, 0x00, 0x04, 0x00, 0x9a, 0x76, 0x7e, 0x99, 0x00, 0x36, 0x75, 0x18, 0x01, 0xd1, 0x39, 0xb2, 0x8e,
    0x52, 0x53, 0x88, 0x8d, 0x8b, 0x8b, 0x8b, 0x8b, 0x8b, 0x8a, 0x8b, 0x7e, 0x4e, 0x55, 0x48, 0x24, 0x20, 0x1e, 0x09, 0x00, 0x00, 0x00, 0x00, 0x00,
    0x00, 0x02, 0x00, 0x31, 0x88, 0x5c, 0x44, 0x5d, 0x80, 0x7d, 0xbb, 0xa0, 0x00, 0x03, 0x00, 0x00, 0x00, 0x00, 0x00, 0x03, 0x00, 0x68, 0x97, 0x6f,
    0x9a, 0x00, 0x79, 0xa4, 0x5e, 0x00, 0xc9, 0x56, 0xbe, 0x1e, 0x00, 0x00, 0x00, 0x00, 0x00, 0x00, 0x00, 0x00, 0x00, 0x00, 0x00, 0x00, 0x00, 0x00,
    0x00, 0x00, 0x00, 0x00, 0x00, 0x00, 0x01, 0x02, 0x03, 0x04, 0x05, 0x06, 0x03, 0x3c, 0xb6, 0x72, 0x69, 0x24, 0x00, 0x00, 0xc9, 0x50, 0x00, 0x03,
    0x00, 0x00, 0x00, 0x00, 0x00, 0x02, 0x00, 0x41, 0xb8, 0x49, 0xba, 0x2f, 0xcb, 0x36, 0xe3, 0x1a, 0xb7, 0x63, 0xc6, 0x11, 0x04, 0x02, 0x21, 0x3e,
    0x00, 0x06, 0x01, 0x00, 0x05, 0x07, 0x03, 0x40, 0x1e, 0x00, 0x04, 0x00, 0x00, 0x01, 0x00, 0x00, 0x00, 0x00, 0x01, 0x03, 0x00, 0x00, 0x00, 0x3d,
    0xff, 0x9d, 0x57, 0x7b, 0x97, 0x39, 0xcb, 0x4e, 0x00, 0x03, 0x00, 0x00, 0x00, 0x00, 0x00, 0x01, 0x00, 0x18, 0xc9, 0x59, 0xad, 0x67, 0x63, 0x00,
    0x91, 0x70, 0xaf, 0x57, 0xc3, 0x00, 0x02, 0x09, 0xb2, 0xdc, 0x24, 0x01, 0x3b, 0x62, 0x00, 0x03, 0x09, 0xd2, 0xbd, 0x25, 0x01, 0x64, 0x39, 0x00,
    0x02, 0x00, 0x01, 0x03, 0x00, 0x00, 0x1f, 0x6f, 0x54, 0x6c, 0xd8, 0xd6, 0xbe, 0x49, 0x19, 0x71, 0xeb, 0x47, 0x00, 0x03, 0x00, 0x00, 0x00, 0x00,
    0x00, 0x00, 0x01, 0x06, 0xcc, 0x39, 0xc9, 0xc2, 0x8e, 0x00, 0xaa, 0xb3, 0x97, 0x62, 0xa5, 0x00, 0x04, 0x06, 0x70, 0x8c, 0x17, 0x0d, 0xc7, 0xec,
    0x2b, 0x00, 0x06, 0x85, 0x77, 0x17, 0x0c, 0xe0, 0xd3, 0x2c, 0x03, 0x06, 0x00, 0x00, 0x11, 0x72, 0xe3, 0xa1, 0x8a, 0x9a, 0xe2, 0xbd, 0xba, 0xcb,
    0x8d, 0x00, 0xc2, 0x4e, 0x00, 0x03, 0x00, 0x00, 0x00, 0x00, 0x00, 0x00, 0x03, 0x00, 0xb0, 0x81, 0x6a, 0xe0, 0xb8, 0x9f, 0xba, 0xec, 0x46, 0x93,
    0x87, 0x00, 0x04, 0x00, 0x00, 0x00, 0x00, 0x02, 0x3b, 0x52, 0x08, 0x02, 0x00, 0x00, 0x00, 0x00, 0x02, 0x51, 0x41, 0x0b, 0x00, 0x00, 0x09, 0x8d,
    0xcd, 0xab, 0x3d, 0x00, 0x00, 0x00, 0x72, 0xd1, 0xb0, 0xa0, 0x98, 0xba, 0xdb, 0x64, 0x00, 0x04, 0x00, 0x00, 0x00, 0x00, 0x00, 0x00, 0x03, 0x00,
    0x44, 0xc5, 0x05, 0xd3, 0x77, 0x81, 0x9d, 0xb1, 0x03, 0xd6, 0x2f, 0x00, 0x02, 0x00, 0x03, 0x03, 0x01, 0x00, 0x00, 0x00, 0x00, 0x00, 0x00, 0x03,
    0x05, 0x04, 0x02, 0x00, 0x00, 0x00, 0x1d, 0x72, 0xc4, 0x92, 0x1c, 0x00, 0x00, 0x03, 0x04, 0x05, 0x00, 0x74, 0xcd, 0xb7, 0x91, 0x3e, 0xe8, 0xa8,
    0x00, 0x03, 0x00, 0x00, 0x00, 0x00, 0x00, 0x00, 0x01, 0x01, 0x0c, 0xe6, 0x21, 0x35, 0xd7, 0xac, 0xc6, 0x0b, 0x66, 0xc6, 0x00, 0x02, 0x00, 0x00,
    0x00, 0x00, 0x01, 0x01, 0x05, 0x06, 0x04, 0x04, 0x03, 0x00, 0x00, 0x00, 0x00, 0x31, 0x83, 0xa3, 0xc9, 0xa7, 0x6d, 0x00, 0x00, 0x04, 0x02, 0x00,
    0x00, 0x00, 0x05, 0x00, 0x75, 0xcd, 0xc2, 0x86, 0x53, 0xc8, 0x00, 0x02, 0x00, 0x00, 0x00, 0x00, 0x00, 0x00, 0x00, 0x03, 0x00, 0x7f, 0xbb, 0x00,
    0x0f, 0x38, 0x00, 0x00, 0xec, 0x52, 0x05, 0x07, 0x04, 0x04, 0x02, 0x01, 0x00, 0x00, 0x00, 0x00, 0x00, 0x00, 0x00, 0x0b, 0x2f, 0x6d, 0xb4, 0xd7,
    0x85, 0x48, 0x05, 0x9a, 0xbb, 0x06, 0x04, 0x00, 0x00, 0x00, 0x00, 0x00, 0x00, 0x04, 0x00, 0x61, 0xcd, 0xc2, 0xdb, 0xd2, 0x02, 0x01, 0x00, 0x00,
    0x00, 0x00, 0x00, 0x00, 0x00, 0x00, 0x03, 0x00, 0xd3, 0xb4, 0x00, 0x00, 0x15, 0xaa, 0xa5, 0x00, 0x00, 0x00, 0x00, 0x00, 0x00, 0x00, 0x1a, 0x1e,
    0x46, 0x55, 0x7f, 0x8b, 0xa3, 0xb5, 0xe1, 0x96, 0x36, 0x6b, 0x5a, 0x00, 0x66, 0xff, 0x19, 0x00, 0x01, 0x00, 0x00, 0x00, 0x00, 0x00, 0x00, 0x00,
    0x04, 0x00, 0x43, 0xd3, 0xa0, 0xf7, 0x46, 0x00, 0x03, 0x00, 0x00, 0x00, 0x00, 0x00, 0x00, 0x00, 0x02, 0x02, 0x28, 0xb7, 0xcc, 0x92, 0xfd, 0xff,
    0x8e, 0x92, 0x93, 0x92, 0x8b, 0x8f, 0xb0, 0xb0, 0xb6, 0xad, 0xa2, 0x8b, 0x72, 0x54, 0x49, 0x10, 0x7d, 0xd0, 0x22, 0x09, 0xb6, 0x34, 0xff, 0x47,
    0x00, 0x03, 0x00, 0x00, 0x00, 0x00, 0x00, 0x00, 0x00, 0x00, 0x00, 0x05, 0x00, 0x42, 0xce, 0xcc, 0x95, 0x00, 0x04, 0x00, 0x00, 0x00, 0x00, 0x00,
    0x00, 0x00, 0x00, 0x01, 0x00, 0x00, 0x45, 0x9d, 0x83, 0x7c, 0x93, 0x93, 0x93, 0x8f, 0x58, 0x54, 0x2b, 0x1e, 0x01, 0x00, 0x00, 0x00, 0x00, 0x00,
    0x00, 0x00, 0x02, 0x7d, 0xfd, 0x29, 0x5c, 0xf4, 0x8f, 0x00, 0x04, 0x00, 0x00, 0x00, 0x00, 0x00, 0x00, 0x00, 0x00, 0x00, 0x00, 0x00, 0x04, 0x00,
    0x38, 0xf2, 0xd8, 0x04, 0x01, 0x00, 0x00, 0x00, 0x00, 0x00, 0x00, 0x00, 0x00, 0x00, 0x02, 0x02, 0x00, 0x00, 0x00, 0x00, 0x00, 0x00, 0x00, 0x00,
    0x00, 0x00, 0x00, 0x00, 0x00, 0x01, 0x03, 0x04, 0x04, 0x03, 0x02, 0x01, 0x02, 0x00, 0x6d, 0xeb, 0xc2, 0xcf, 0x01, 0x03, 0x01, 0x00, 0x00, 0x00,
    0x00, 0x00, 0x00, 0x00, 0x00, 0x00, 0x00, 0x00, 0x00, 0x04, 0x00, 0x38, 0xcb, 0x24, 0x00, 0x02, 0x00, 0x00, 0x00, 0x00, 0x00, 0x00, 0x00, 0x00,
    0x00, 0x00, 0x03, 0x04, 0x04, 0x04, 0x04, 0x04, 0x04, 0x04, 0x03, 0x03, 0x02, 0x01, 0x00, 0x00, 0x00, 0x00, 0x00, 0x00, 0x00, 0x00, 0x00, 0x05,
    0x00, 0x3f, 0xcf, 0x20, 0x00, 0x02, 0x00, 0x00, 0x00, 0x00, 0x00, 0x00, 0x00, 0x00, 0x00, 0x00, 0x00, 0x00, 0x00, 0x00, 0x02, 0x00, 0x00, 0x00,
    0x00, 0x00, 0x00, 0x00, 0x00, 0x00, 0x00, 0x00, 0x00, 0x00, 0x00, 0x00, 0x00, 0x00, 0x00, 0x00, 0x00, 0x00, 0x00, 0x00, 0x00, 0x00, 0x00, 0x00,
    0x00, 0x00, 0x00, 0x00, 0x00, 0x00, 0x00, 0x00, 0x00, 0x00, 0x02, 0x00, 0x00, 0x00, 0x01, 0x00, 0x00, 0x00, 0x00, 0x00, 0x00, 0x00, 0x00, 0x00,
    0x00, 0x00, 0x00, 0x00, 0x00, 0x00, 0x00, 0x02, 0x01, 0x00, 0x00, 0x00, 0x00, 0x00, 0x00, 0x00, 0x00, 0x00, 0x00, 0x00, 0x00, 0x00, 0x00, 0x00,
    0x00, 0x00, 0x00, 0x00, 0x00, 0x00, 0x00, 0x00, 0x00, 0x00, 0x00, 0x00, 0x00, 0x00, 0x00, 0x00, 0x00, 0x00, 0x00, 0x00, 0x00, 0x02, 0x01, 0x01,
    0x00, 0x00, 0x00, 0x00, 0x00, 0x00, 0x00, 0x00, 0x00, 0x00, 0x00, 0x00, 0x00, 0x00, 0x00, 0x00, 0x00, 0x00, 0x00, 0x00, 0x00, 0x00, 0x00, 0x00,
    0x00, 0x00, 0x00, 0x00, 0x00, 0x00, 0x00, 0x00, 0x00, 0x00, 0x00, 0x00, 0x00, 0x00, 0x00, 0x00, 0x00, 0x00, 0x00, 0x00, 0x00, 0x00, 0x00, 0x00,
    0x00, 0x00, 0x00, 0x00, 0x00, 0x00, 0x00, 0x00, 0x00, 0x00, 0x00, 0x00, 0x00, 0x00, 0x00, 0x00, 0x00, 0x00, 0x00, 0x00, 0x00, 0x00, 0x00, 0x00,
    0x00, 0x00, 0x00, 0x00, 0x00, 0x00, 0x00, 0x00, 0x00, 0x00, 0x00, 0x00, 0x00, 0x00, 0x00, 0x00, 0x00, 0x00, 0x00, 0x00, 0x00, 0x00, 0x00, 0x00,
    0x00, 0x00, 0x00, 0x00, 0x00, 0x00, 0x00, 0x00, 0x00, 0x00, 0x00, 0x00, 0x00, 0x00, 0x00, 0x00, 0x00, 0x00, 0x00, 0x00, 0x00, 0x00, 0x00, 0x00,
    0x00, 0x00, 0x00, 0x00, 0x00, 0x00, 0x00, 0x00, 0x00, 0x00, 0x00, 0x00, 0x00, 0x00, 0x00, 0x00, 0x00, 0x00, 0x00, 0x00
};
static const uint8_t bp_fish_tail_5[2204] = {
    0x00, 0x00, 0x00, 0x00, 0x00, 0x00, 0x00, 0x00, 0x00, 0x00, 0x00, 0x00, 0x00, 0x00, 0x00, 0x00, 0x00, 0x00, 0x00, 0x00, 0x00, 0x00, 0x00, 0x00,
    0x00, 0x00, 0x00, 0x00, 0x00, 0x00, 0x00, 0x00, 0x00, 0x00, 0x00, 0x00, 0x00, 0x00, 0x00, 0x00, 0x00, 0x00, 0x00, 0x00, 0x00, 0x00, 0x00, 0x00,
    0x00, 0x00, 0x00, 0x00, 0x00, 0x00, 0x00, 0x00, 0x00, 0x00, 0x00, 0x00, 0x00, 0x00, 0x00, 0x00, 0x00, 0x00, 0x00, 0x00, 0x00, 0x00, 0x00, 0x00,
    0x00, 0x00, 0x00, 0x00, 0x00, 0x00, 0x00, 0x00, 0x00, 0x00, 0x00, 0x00, 0x00, 0x00, 0x00, 0x00, 0x00, 0x00, 0x00, 0x00, 0x00, 0x00, 0x00, 0x00,
    0x00, 0x00, 0x00, 0x00, 0x00, 0x00, 0x00, 0x00, 0x00, 0x00, 0x00, 0x00, 0x00, 0x00, 0x00, 0x00, 0x00, 0x00, 0x00, 0x00, 0x00, 0x00, 0x00, 0x00,
    0x00, 0x00, 0x00, 0x00, 0x00, 0x00, 0x00, 0x00, 0x00, 0x00, 0x00, 0x00, 0x03, 0x01, 0x00, 0x01, 0x01, 0x01, 0x01, 0x00, 0x00, 0x00, 0x00, 0x00,
    0x00, 0x00, 0x00, 0x00, 0x00, 0x00, 0x00, 0x00, 0x00, 0x00, 0x00, 0x00, 0x00, 0x00, 0x00, 0x00, 0x00, 0x00, 0x00, 0x00, 0x00, 0x00, 0x00, 0x00,
    0x00, 0x00, 0x00, 0x00, 0x00, 0x00, 0x00, 0x00, 0x00, 0x00, 0x00, 0x00, 0x00, 0x00, 0x00, 0x00, 0x00, 0x00, 0x00, 0x00, 0x01, 0x02, 0x00, 0x00,
    0x02, 0x00, 0x00, 0x00, 0x00, 0x02, 0x04, 0x04, 0x03, 0x03, 0x01, 0x00, 0x00, 0x00, 0x00, 0x00, 0x00, 0x00, 0x00, 0x00, 0x00, 0x00, 0x00, 0x00,
    0x00, 0x00, 0x00, 0x00, 0x00, 0x00, 0x00, 0x00, 0x00, 0x00, 0x01, 0x01, 0x00, 0x00, 0x00, 0x00, 0x00, 0x00, 0x00, 0x00, 0x00, 0x00, 0x00, 0x00,
    0x02, 0x04, 0x04, 0x04, 0x04, 0x04, 0x00, 0x00, 0x6a, 0x08, 0x00, 0x16, 0x16, 0x16, 0x0a, 0x00, 0x00, 0x00, 0x00, 0x00, 0x00, 0x03, 0x03, 0x01,
    0x01, 0x00, 0x00, 0x00, 0x00, 0x00, 0x00, 0x00, 0x00, 0x00, 0x00, 0x00, 0x00, 0x00, 0x00, 0x00, 0x00, 0x00, 0x00, 0x01, 0x00, 0x00, 0x00, 0x00,
    0x00, 0x00, 0x00, 0x00, 0x00, 0x00, 0x00, 0x00, 0x00, 0x01, 0x00, 0x00, 0x00, 0x00, 0x00, 0x00, 0x0a, 0x61, 0xff, 0x98, 0xab, 0xed, 0xe2, 0xda,
    0xdf, 0xbc, 0x9a, 0x6e, 0x4f, 0x46, 0x07, 0x00, 0x00, 0x00, 0x00, 0x00, 0x01, 0x03, 0x01, 0x00, 0x00, 0x00, 0x00, 0x00, 0x00, 0x00, 0x00, 0x00,
    0x00, 0x00, 0x00, 0x00, 0x03, 0x00, 0x0b, 0x1a, 0x00, 0x00, 0x00, 0x00, 0x00, 0x00, 0x00, 0x00, 0x00, 0x01, 0x01, 0x00, 0x34, 0x81, 0x88, 0x68,
    0x6b, 0xb1, 0xf1, 0xff, 0x96, 0x6d, 0xcc, 0x8b, 0x04, 0x2d, 0xde, 0x36, 0x3d, 0xdd, 0xbd, 0xa7, 0xc5, 0xab, 0x52, 0x09, 0x0e, 0x00, 0x00, 0x00,
    0x00, 0x00, 0x00, 0x00, 0x00, 0x00, 0x00, 0x00, 0x00, 0x00, 0x00, 0x00, 0x00, 0x04, 0x00, 0x1b, 0xd6, 0x98, 0x00, 0x03, 0x00, 0x00, 0x00, 0x00,
    0x00, 0x00, 0x01, 0x01, 0x00, 0xa7, 0xcb, 0x99, 0xe6, 0xff, 0xb3, 0x9c, 0xc5, 0xb9, 0x9d, 0x9f, 0xe3, 0xaf, 0x97, 0xc9, 0xca, 0x48, 0x7d, 0xc3,
    0x00, 0x00, 0xd7, 0x8b, 0xa7, 0xeb, 0xdd, 0x07, 0x00, 0x89, 0x1a, 0x00, 0x01, 0x00, 0x00, 0x00, 0x00, 0x00, 0x00, 0x00, 0x00, 0x00, 0x04, 0x00,
    0x41, 0xce, 0xe9, 0x45, 0x00, 0x03, 0x00, 0x00, 0x00, 0x00, 0x00, 0x01, 0x01, 0x06, 0xc2, 0xaf, 0x00, 0x00, 0x00, 0xa0, 0xc3, 0x00, 0x00, 0x00,
    0x00, 0x00, 0x10, 0x1e, 0x47, 0x4b, 0x71, 0x8d, 0xae, 0xbf, 0xa7, 0xbc, 0xb9, 0x0a, 0x07, 0x9e, 0x96, 0xc6, 0xdc, 0x95, 0x00, 0x02, 0x00, 0x00,
    0x00, 0x00, 0x00, 0x00, 0x00, 0x00, 0x00, 0x04, 0x00, 0x4c, 0xd6, 0x7d, 0xdd, 0x17, 0x00, 0x01, 0x00, 0x00, 0x00, 0x00, 0x00, 0x03, 0x00, 0x4d,
    0xda, 0x00, 0x1b, 0x59, 0x1a, 0x00, 0xe6, 0x52, 0x03, 0x05, 0x01, 0x01, 0x00, 0x00, 0x00, 0x00, 0x00, 0x00, 0x00, 0x08, 0x3a, 0x5b, 0x8a, 0xba,
    0xba, 0x92, 0x2b, 0x33, 0x9d, 0xae, 0x41, 0x06, 0x02, 0x00, 0x00, 0x00, 0x00, 0x00, 0x00, 0x01, 0x03, 0x00, 0x78, 0xbc, 0x89, 0xec, 0xa9, 0x00,
    0x03, 0x00, 0x00, 0x00, 0x00, 0x00, 0x00, 0x02, 0x01, 0xce, 0x4a, 0x21, 0xd0, 0xb1, 0xd2, 0x20, 0x62, 0xc7, 0x00, 0x03, 0x00, 0x00, 0x01, 0x01,
    0x03, 0x03, 0x04, 0x04, 0x03, 0x00, 0x00, 0x00, 0x00, 0x02, 0x2b, 0x77, 0xc7, 0xb2, 0x7e, 0xb4, 0xa2, 0x00, 0x03, 0x03, 0x00, 0x00, 0x00, 0x00,
    0x01, 0x02, 0x00, 0x79, 0xcd, 0xa2, 0xac, 0xbc, 0x58, 0x00, 0x03, 0x00, 0x00, 0x00, 0x00, 0x00, 0x03, 0x00, 0x3e, 0xe4, 0x09, 0xc0, 0x88, 0x7e,
    0x83, 0xc6, 0x0d, 0xd2, 0x2f, 0x00, 0x02, 0x00, 0x00, 0x00, 0x00, 0x00, 0x00, 0x00, 0x00, 0x01, 0x02, 0x03, 0x04, 0x00, 0x00, 0x00, 0x00, 0x2c,
    0x75, 0xae, 0xbc, 0x64, 0x00, 0x00, 0x02, 0x02, 0x01, 0x02, 0x00, 0x00, 0xa7, 0xa9, 0xb9, 0x98, 0x18, 0xd7, 0x2e, 0x00, 0x02, 0x00, 0x00, 0x00,
    0x00, 0x00, 0x03, 0x00, 0xb1, 0x7c, 0x63, 0xce, 0xbe, 0x8c, 0xb7, 0xb9, 0x5c, 0x8e, 0x87, 0x00, 0x04, 0x00, 0x00, 0x00, 0x00, 0x00, 0x00, 0x00,
    0x00, 0x00, 0x00, 0x00, 0x00, 0x00, 0x02, 0x03, 0x00, 0x00, 0x00, 0x00, 0x39, 0xb0, 0xc0, 0x4e, 0x00, 0x00, 0x00, 0x00, 0x08, 0xa3, 0xc0, 0xbb,
    0x7b, 0x55, 0xe1, 0xcc, 0x06, 0x02, 0x00, 0x00, 0x00, 0x00, 0x00, 0x00, 0x01, 0x06, 0xd0, 0x21, 0x9d, 0xa6, 0x8d, 0x00, 0x9d, 0xbc, 0x99, 0x60,
    0xc7, 0x01, 0x02, 0x00, 0x00, 0x00, 0x00, 0x00, 0x00, 0x00, 0x00, 0x00, 0x00, 0x00, 0x00, 0x00, 0x00, 0x00, 0x00, 0x02, 0x04, 0x01, 0x00, 0x00,
    0x50, 0xce, 0xb6, 0x2a, 0x21, 0x32, 0xbf, 0xb1, 0xb8, 0x8a, 0xa0, 0xa7, 0x98, 0x8e, 0x00, 0x04, 0x00, 0x00, 0x00, 0x00, 0x00, 0x01, 0x00, 0x15,
    0xd5, 0x21, 0xbb, 0x73, 0x80, 0x00, 0x86, 0x70, 0xb5, 0x2d, 0xe0, 0x14, 0x00, 0x01, 0x00, 0x00, 0x00, 0x00, 0x00, 0x00, 0x00, 0x00, 0x00, 0x00,
    0x00, 0x00, 0x00, 0x00, 0x00, 0x00, 0x00, 0x00, 0x02, 0x02, 0x00, 0x03, 0x8f, 0xca, 0xab, 0xb4, 0xa9, 0xc2, 0xae, 0xc2, 0x61, 0x00, 0x9e, 0x92,
    0x00, 0x04, 0x00, 0x00, 0x00, 0x00, 0x00, 0x02, 0x00, 0x44, 0xb6, 0x39, 0xb9, 0x27, 0xd4, 0x4a, 0xd8, 0x27, 0xb8, 0x5b, 0xd0, 0x15, 0x00, 0x01,
    0x00, 0x00, 0x00, 0x00, 0x00, 0x00, 0x00, 0x00, 0x00, 0x00, 0x00, 0x00, 0x00, 0x00, 0x00, 0x00, 0x00, 0x00, 0x00, 0x00, 0x03, 0x00, 0x00, 0x06,
    0x00, 0x35, 0xe5, 0xde, 0x97, 0x36, 0x48, 0x79, 0xce, 0x88, 0x00, 0x04, 0x00, 0x00, 0x00, 0x00, 0x00, 0x03, 0x00, 0x56, 0xb5, 0x76, 0x9a, 0x00,
    0x5e, 0xaa, 0x4c, 0x00, 0xca, 0x58, 0xbb, 0x29, 0x00, 0x02, 0x00, 0x00, 0x00, 0x00, 0x00, 0x00, 0x00, 0x00, 0x00, 0x00, 0x00, 0x00, 0x00, 0x00,
    0x00, 0x00, 0x00, 0x00, 0x00, 0x00, 0x00, 0x02, 0x04, 0x01, 0x01, 0x3f, 0xe0, 0x87, 0x69, 0x84, 0x5b, 0x09, 0x87, 0x95, 0x00, 0x04, 0x00, 0x00,
    0x00, 0x00, 0x00, 0x03, 0x00, 0x50, 0xad, 0x88, 0x96, 0x00, 0x47, 0x74, 0x23, 0x01, 0xd1, 0x38, 0xb6, 0x58, 0x04, 0x06, 0x03, 0x03, 0x03, 0x03,
    0x03, 0x03, 0x03, 0x03, 0x03, 0x03, 0x03, 0x03, 0x04, 0x04, 0x04, 0x04, 0x03, 0x02, 0x01, 0x00, 0x00, 0x00, 0x00, 0x02, 0x01, 0x2f, 0x87, 0x5c,
    0x3d, 0x02, 0x0d, 0x1f, 0xa8, 0x8e, 0x00, 0x04, 0x00, 0x00, 0x00, 0x00, 0x00, 0x04, 0x00, 0x86, 0x7d, 0x7d, 0x8e, 0x17, 0xff, 0xff, 0xe3, 0x00,
    0x9c, 0x6a, 0xb6, 0x43, 0x00, 0x00, 0x00, 0x00, 0x00, 0x00, 0x00, 0x00, 0x00, 0x00, 0x00, 0x00, 0x00, 0x00, 0x00, 0x00, 0x00, 0x00, 0x00, 0x00,
    0x00, 0x00, 0x09, 0x1e, 0x16, 0x02, 0x00, 0x30, 0x77, 0x60, 0x75, 0x7f, 0x8a, 0x71, 0xa4, 0xb2, 0x00, 0x03, 0x00, 0x00, 0x00, 0x00, 0x00, 0x04,
    0x00, 0x9b, 0x7b, 0x7c, 0x91, 0x0e, 0xf7, 0xff, 0xe0, 0x00, 0xac, 0x6a, 0xae, 0xb0, 0x6a, 0x4f, 0x55, 0x55, 0x55, 0x55, 0x55, 0x55, 0x55, 0x55,
    0x55, 0x54, 0x56, 0x4f, 0x6c, 0x8b, 0x8a, 0x8c, 0x76, 0x8d, 0xae, 0x94, 0x87, 0xae, 0x80, 0x01, 0x01, 0x27, 0x6f, 0x4e, 0x17, 0x00, 0x00, 0x00,
    0x2d, 0xdf, 0x08, 0x01, 0x00, 0x00, 0x00, 0x00, 0x00, 0x04, 0x00, 0x92, 0x78, 0x7f, 0x96, 0x00, 0x2d, 0x75, 0x17, 0x00, 0xd3, 0x3c, 0xb1, 0x8e,
    0x50, 0x53, 0x88, 0x8d, 0x8b, 0x8b, 0x8b, 0x8b, 0x8b, 0x8b, 0x8b, 0x8d, 0x8d, 0x5d, 0x51, 0x55, 0x54, 0x54, 0x30, 0x21, 0x1f, 0x10, 0x00, 0x00,
    0x00, 0x02, 0x00, 0x42, 0x6e, 0x5b, 0x78, 0x73, 0x6a, 0x36, 0x79, 0xb5, 0x02, 0x03, 0x00, 0x00, 0x00, 0x00, 0x00, 0x03, 0x00, 0x5c, 0xa3, 0x6f,
    0xa4, 0x01, 0x87, 0xa4, 0x5f, 0x01, 0xc4, 0x46, 0xc1, 0x1d, 0x00, 0x00, 0x00, 0x00, 0x00, 0x00, 0x00, 0x00, 0x00, 0x00, 0x00, 0x00, 0x00, 0x00,
    0x00, 0x00, 0x00, 0x00, 0x00, 0x00, 0x00, 0x00, 0x00, 0x01, 0x01, 0x04, 0x01, 0x5c, 0xa3, 0x64, 0x2e, 0x11, 0x39, 0x5b, 0xe3, 0x72, 0x00, 0x04,
    0x00, 0x00, 0x00, 0x00, 0x00, 0x02, 0x00, 0x36, 0xbb, 0x4f, 0xba, 0x4f, 0xca, 0x35, 0xd8, 0x2e, 0xce, 0x34, 0xd0, 0x0f, 0x04, 0x02, 0x21, 0x3e,
    0x00, 0x06, 0x01, 0x00, 0x05, 0x07, 0x00, 0x3e, 0x21, 0x01, 0x06, 0x00, 0x00, 0x03, 0x01, 0x01, 0x01, 0x01, 0x00, 0x02, 0x00, 0x00, 0x00, 0x8f,
    0xe4, 0x80, 0x7a, 0x79, 0x33, 0x00, 0xc5, 0x4b, 0x00, 0x03, 0x00, 0x00, 0x00, 0x00, 0x00, 0x01, 0x00, 0x12, 0xc9, 0x5f, 0xa9, 0x86, 0x5e, 0x00,
    0xa2, 0x6a, 0xb4, 0x59, 0xc2, 0x00, 0x02, 0x09, 0xb2, 0xdc, 0x24, 0x01, 0x3b, 0x62, 0x00, 0x03, 0x23, 0xdc, 0xb2, 0x0b, 0x00, 0x3b, 0x1d, 0x00,
    0x02, 0x00, 0x00, 0x03, 0x03, 0x00, 0x00, 0x28, 0x0a, 0x51, 0xf2, 0xd9, 0x71, 0x27, 0x80, 0x9f, 0xe3, 0x17, 0x00, 0x01, 0x00, 0x00, 0x00, 0x00,
    0x00, 0x00, 0x02, 0x02, 0xc5, 0x4b, 0xb6, 0xb3, 0x7b, 0x00, 0xb4, 0xc7, 0x9e, 0x73, 0xa8, 0x00, 0x04, 0x06, 0x70, 0x8c, 0x17, 0x0d, 0xc7, 0xec,
    0x2b, 0x00, 0x16, 0x8b, 0x71, 0x07, 0x23, 0xdd, 0xb2, 0x09, 0x02, 0x03, 0x03, 0x00, 0x00, 0x34, 0xc5, 0xbe, 0xb6, 0xae, 0xa2, 0xcd, 0xc1, 0xab,
    0x06, 0x25, 0xeb, 0x12, 0x00, 0x01, 0x00, 0x00, 0x00, 0x00, 0x00, 0x00, 0x03, 0x00, 0xb8, 0x5d, 0x86, 0xdc, 0xb9, 0xa0, 0xc3, 0xe2, 0x32, 0xcb,
    0x5b, 0x00, 0x04, 0x00, 0x00, 0x00, 0x00, 0x02, 0x3b, 0x52, 0x08, 0x02, 0x00, 0x00, 0x00, 0x00, 0x15, 0x8c, 0x72, 0x09, 0x02, 0x00, 0x00, 0x50,
    0xb6, 0xd1, 0x79, 0x02, 0x11, 0x52, 0xd4, 0xa7, 0xb4, 0x84, 0xd4, 0x4b, 0xd0, 0x16, 0x00, 0x01, 0x00, 0x00, 0x00, 0x00, 0x00, 0x00, 0x04, 0x00,
    0x69, 0xc8, 0x0b, 0xd6, 0x75, 0x66, 0xbd, 0xae, 0x21, 0xda, 0x0a, 0x01, 0x01, 0x00, 0x03, 0x03, 0x01, 0x00, 0x00, 0x00, 0x00, 0x00, 0x01, 0x03,
    0x04, 0x04, 0x00, 0x00, 0x00, 0x00, 0x00, 0x37, 0xa8, 0xc1, 0x53, 0x05, 0x00, 0x00, 0x00, 0x00, 0x42, 0xd5, 0xb3, 0x9c, 0x2f, 0xd7, 0xf7, 0x37,
    0x00, 0x03, 0x00, 0x00, 0x00, 0x00, 0x00, 0x00, 0x01, 0x01, 0x09, 0xdf, 0x25, 0x33, 0xcc, 0xcb, 0xa5, 0x09, 0xae, 0x85, 0x00, 0x04, 0x00, 0x00,
    0x00, 0x00, 0x00, 0x00, 0x03, 0x05, 0x04, 0x04, 0x02, 0x00, 0x00, 0x00, 0x00, 0x0a, 0x3c, 0x72, 0xbd, 0xc4, 0x80, 0x00, 0x00, 0x00, 0x03, 0x00,
    0x01, 0x04, 0x00, 0x41, 0xd2, 0xda, 0x95, 0x04, 0xe1, 0x59, 0x00, 0x03, 0x00, 0x00, 0x00, 0x00, 0x00, 0x00, 0x00, 0x03, 0x00, 0x6e, 0xb6, 0x00,
    0x09, 0x1d, 0x00, 0x28, 0xf1, 0x1c, 0x05, 0x06, 0x04, 0x04, 0x02, 0x02, 0x02, 0x01, 0x00, 0x00, 0x00, 0x00, 0x00, 0x0d, 0x2c, 0x72, 0xa3, 0xc6,
    0xa9, 0x82, 0x37, 0x89, 0xa8, 0x03, 0x06, 0x01, 0x00, 0x00, 0x00, 0x00, 0x04, 0x00, 0x3e, 0xde, 0xd7, 0x87, 0x83, 0x7f, 0x00, 0x04, 0x00, 0x00,
    0x00, 0x00, 0x00, 0x00, 0x00, 0x01, 0x02, 0x05, 0xbf, 0x7d, 0x00, 0x00, 0x17, 0xd1, 0x84, 0x00, 0x00, 0x00, 0x00, 0x00, 0x00, 0x00, 0x00, 0x00,
    0x1a, 0x47, 0x7f, 0x8a, 0xaa, 0xac, 0xe5, 0x7e, 0x45, 0xa4, 0x2f, 0x00, 0x3c, 0xff, 0x3a, 0x01, 0x02, 0x00, 0x00, 0x00, 0x00, 0x00, 0x00, 0x05,
    0x00, 0x5e, 0xd1, 0xaa, 0xe4, 0xae, 0x00, 0x03, 0x00, 0x00, 0x00, 0x00, 0x00, 0x00, 0x00, 0x00, 0x01, 0x00, 0x17, 0xca, 0xc6, 0xce, 0xfc, 0xff,
    0x9d, 0x93, 0x94, 0x91, 0x8b, 0x9b, 0xc9, 0xc9, 0xb4, 0xb0, 0xb6, 0x94, 0x71, 0x54, 0x3a, 0x0b, 0x99, 0xa0, 0x00, 0x37, 0xa2, 0x17, 0xfc, 0x66,
    0x00, 0x03, 0x00, 0x00, 0x00, 0x00, 0x00, 0x00, 0x00, 0x00, 0x04, 0x00, 0x74, 0xcc, 0xb1, 0xe7, 0x0a, 0x00, 0x01, 0x00, 0x00, 0x00, 0x00, 0x00,
    0x00, 0x00, 0x00, 0x01, 0x00, 0x00, 0x42, 0x7d, 0x84, 0x7d, 0x91, 0x92, 0x92, 0x83, 0x55, 0x54, 0x4f, 0x4f, 0x2a, 0x1e, 0x01, 0x00, 0x00, 0x00,
    0x00, 0x00, 0x00, 0xae, 0xbc, 0x06, 0x78, 0xe6, 0x94, 0x00, 0x04, 0x00, 0x00, 0x00, 0x00, 0x00, 0x00, 0x00, 0x00, 0x00, 0x00, 0x04, 0x00, 0x72,
    0xd6, 0xdd, 0x25, 0x00, 0x02, 0x00, 0x00, 0x00, 0x00, 0x00, 0x00, 0x00, 0x00, 0x00, 0x01, 0x00, 0x00, 0x00, 0x00, 0x00, 0x00, 0x00, 0x00, 0x00,
    0x00, 0x00, 0x00, 0x00, 0x00, 0x00, 0x00, 0x03, 0x04, 0x03, 0x02, 0x01, 0x03, 0x00, 0x7f, 0xc8, 0xa9, 0xe2, 0x00, 0x04, 0x01, 0x00, 0x00, 0x00,
    0x00, 0x00, 0x00, 0x00, 0x00, 0x00, 0x00, 0x00, 0x05, 0x00, 0x69, 0xff, 0x76, 0x00, 0x04, 0x00, 0x00, 0x00, 0x00, 0x00, 0x00, 0x00, 0x00, 0x00,
    0x00, 0x01, 0x03, 0x04, 0x04, 0x04, 0x04, 0x04, 0x04, 0x04, 0x03, 0x03, 0x03, 0x03, 0x02, 0x01, 0x00, 0x00, 0x00, 0x00, 0x00, 0x00, 0x00, 0x04,
    0x00, 0x6f, 0xde, 0x24, 0x00, 0x02, 0x00, 0x00, 0x00, 0x00, 0x00, 0x00, 0x00, 0x00, 0x00, 0x00, 0x00, 0x00, 0x00, 0x04, 0x00, 0x65, 0x6d, 0x00,
    0x01, 0x00, 0x00, 0x00, 0x00, 0x00, 0x00, 0x00, 0x00, 0x00, 0x00, 0x00, 0x00, 0x00, 0x00, 0x00, 0x00, 0x00, 0x00, 0x00, 0x00, 0x00, 0x00, 0x00,
    0x00, 0x00, 0x00, 0x00, 0x00, 0x00, 0x00, 0x00, 0x00, 0x00, 0x02, 0x00, 0x00, 0x00, 0x00, 0x00, 0x00, 0x00, 0x00, 0x00, 0x00, 0x00, 0x00, 0x00,
    0x00, 0x00, 0x00, 0x00, 0x00, 0x00, 0x02, 0x00, 0x00, 0x00, 0x00, 0x00, 0x00, 0x00, 0x00, 0x00, 0x00, 0x00, 0x00, 0x00, 0x00, 0x00, 0x00, 0x00,
    0x00, 0x00, 0x00, 0x00, 0x00, 0x00, 0x00, 0x00, 0x00, 0x00, 0x00, 0x00, 0x00, 0x00, 0x00, 0x00, 0x00, 0x00, 0x00, 0x00, 0x00, 0x02, 0x00, 0x02,
    0x00, 0x00, 0x00, 0x00, 0x00, 0x00, 0x00, 0x00, 0x00, 0x00, 0x00, 0x00, 0x00, 0x00, 0x00, 0x00, 0x00, 0x03, 0x03, 0x00, 0x00, 0x00, 0x00, 0x00,
    0x00, 0x00, 0x00, 0x00, 0x00, 0x00, 0x00, 0x00, 0x00, 0x00, 0x00, 0x00, 0x00, 0x00, 0x00, 0x00, 0x00, 0x00, 0x00, 0x00, 0x00, 0x00, 0x00, 0x00,
    0x00, 0x00, 0x00, 0x00, 0x00, 0x00, 0x00, 0x00, 0x01, 0x00, 0x00, 0x00, 0x00, 0x00, 0x00, 0x00, 0x00, 0x00, 0x00, 0x00, 0x00, 0x00, 0x00, 0x00,
    0x00, 0x00, 0x00, 0x00, 0x00, 0x00, 0x00, 0x00, 0x00, 0x00, 0x00, 0x00, 0x00, 0x00, 0x00, 0x00, 0x00, 0x00, 0x00, 0x00, 0x00, 0x00, 0x00, 0x00,
    0x00, 0x00, 0x00, 0x00, 0x00, 0x00, 0x00, 0x00, 0x00, 0x00, 0x00, 0x00, 0x00, 0x00, 0x00, 0x00, 0x00, 0x00, 0x00, 0x00, 0x00, 0x00, 0x00, 0x00,
    0x00, 0x00, 0x00, 0x00, 0x00, 0x00, 0x00, 0x00, 0x00, 0x00, 0x00, 0x00, 0x00, 0x00, 0x00, 0x00, 0x00, 0x00, 0x00, 0x00
};
static const uint8_t bp_fish_tail_6[2204] = {
    0x00, 0x00, 0x00, 0x00, 0x00, 0x00, 0x00, 0x00, 0x00, 0x00, 0x00, 0x00, 0x00, 0x00, 0x00, 0x00, 0x00, 0x00, 0x00, 0x00, 0x00, 0x00, 0x00, 0x00,
    0x00, 0x00, 0x00, 0x00, 0x00, 0x00, 0x00, 0x00, 0x00, 0x00, 0x00, 0x00, 0x00, 0x00, 0x00, 0x00, 0x00, 0x00, 0x00, 0x00, 0x00, 0x00, 0x00, 0x00,
    0x00, 0x00, 0x00, 0x00, 0x00, 0x00, 0x00, 0x00, 0x00, 0x00, 0x00, 0x00, 0x00, 0x00, 0x00, 0x00, 0x00, 0x00, 0x00, 0x00, 0x00, 0x00, 0x00, 0x00,
    0x00, 0x00, 0x00, 0x00, 0x00, 0x00, 0x00, 0x00, 0x00, 0x00, 0x00, 0x00, 0x00, 0x00, 0x00, 0x00, 0x00, 0x00, 0x00, 0x00, 0x00, 0x00, 0x00, 0x00,
    0x00, 0x00, 0x00, 0x00, 0x00, 0x00, 0x00, 0x00, 0x00, 0x00, 0x00, 0x00, 0x00, 0x00, 0x00, 0x00, 0x00, 0x00, 0x00, 0x00, 0x00, 0x00, 0x00, 0x00,
    0x00, 0x00, 0x00, 0x00, 0x00, 0x00, 0x00, 0x00, 0x00, 0x00, 0x00, 0x00, 0x03, 0x01, 0x00, 0x01, 0x01, 0x00, 0x00, 0x00, 0x00, 0x00, 0x00, 0x00,
    0x00, 0x00, 0x00, 0x00, 0x00, 0x00, 0x00, 0x00, 0x00, 0x00, 0x00, 0x00, 0x00, 0x00, 0x00, 0x00, 0x00, 0x00, 0x00, 0x00, 0x00, 0x00, 0x00, 0x00,
    0x00, 0x00, 0x00, 0x00, 0x00, 0x00, 0x00, 0x00, 0x00, 0x00, 0x00, 0x00, 0x00, 0x00, 0x00, 0x00, 0x00, 0x00, 0x00, 0x00, 0x01, 0x03, 0x00, 0x00,
    0x02, 0x00, 0x00, 0x00, 0x02, 0x02, 0x03, 0x04, 0x03, 0x01, 0x00, 0x00, 0x00, 0x00, 0x00, 0x00, 0x00, 0x00, 0x00, 0x00, 0x00, 0x00, 0x00, 0x00,
    0x00, 0x00, 0x00, 0x00, 0x00, 0x00, 0x00, 0x00, 0x00, 0x00, 0x00, 0x00, 0x00, 0x00, 0x00, 0x00, 0x00, 0x00, 0x00, 0x00, 0x00, 0x00, 0x00, 0x00,
    0x03, 0x04, 0x04, 0x04, 0x03, 0x04, 0x00, 0x00, 0x69, 0x08, 0x00, 0x0c, 0x19, 0x00, 0x00, 0x00, 0x00, 0x00, 0x00, 0x00, 0x02, 0x03, 0x02, 0x00,
    0x00, 0x00, 0x00, 0x00, 0x00, 0x00, 0x00, 0x00, 0x00, 0x00, 0x00, 0x00, 0x00, 0x00, 0x00, 0x00, 0x00, 0x00, 0x00, 0x00, 0x00, 0x03, 0x01, 0x00,
    0x00, 0x00, 0x00, 0x00, 0x00, 0x00, 0x00, 0x00, 0x01, 0x03, 0x00, 0x00, 0x00, 0x00, 0x00, 0x00, 0x03, 0x54, 0xff, 0x9a, 0xa3, 0xdf, 0xe7, 0xb9,
    0xb1, 0xce, 0xab, 0x7f, 0x56, 0x14, 0x00, 0x00, 0x00, 0x03, 0x01, 0x00, 0x00, 0x02, 0x01, 0x00, 0x00, 0x00, 0x00, 0x00, 0x00, 0x00, 0x00, 0x00,
    0x00, 0x00, 0x00, 0x00, 0x00, 0x01, 0x00, 0x00, 0x00, 0x00, 0x00, 0x00, 0x00, 0x00, 0x00, 0x00, 0x00, 0x01, 0x00, 0x00, 0x58, 0x93, 0x89, 0x76,
    0x63, 0xa2, 0xe4, 0xff, 0xb7, 0x6e, 0xa6, 0xb1, 0x09, 0x18, 0xcd, 0x7d, 0x45, 0xbc, 0xf0, 0xc2, 0xa8, 0xa7, 0x36, 0x00, 0x00, 0x01, 0x04, 0x00,
    0x00, 0x00, 0x00, 0x00, 0x00, 0x00, 0x00, 0x00, 0x00, 0x00, 0x00, 0x00, 0x00, 0x00, 0x03, 0x00, 0x00, 0x52, 0x14, 0x00, 0x01, 0x00, 0x00, 0x00,
    0x00, 0x00, 0x01, 0x01, 0x03, 0x93, 0xe5, 0x95, 0xdc, 0xff, 0xb1, 0x9e, 0xc7, 0xbb, 0xa4, 0x9b, 0xe0, 0xbc, 0x96, 0xb4, 0xe8, 0x32, 0x38, 0xcd,
    0x05, 0x00, 0xab, 0xcc, 0xc5, 0xaf, 0xc0, 0x17, 0x00, 0x44, 0x29, 0x00, 0x01, 0x00, 0x00, 0x00, 0x00, 0x00, 0x00, 0x00, 0x00, 0x00, 0x00, 0x04,
    0x00, 0x12, 0xba, 0xfb, 0x1b, 0x00, 0x01, 0x00, 0x00, 0x00, 0x00, 0x00, 0x02, 0x03, 0xbf, 0xc2, 0x11, 0x00, 0x00, 0xa2, 0xbf, 0x00, 0x00, 0x00,
    0x00, 0x00, 0x0a, 0x1b, 0x48, 0x50, 0x62, 0xa3, 0xd9, 0xcd, 0x82, 0x6e, 0xcf, 0x00, 0x08, 0xcc, 0xa7, 0xbb, 0x9c, 0xbe, 0x2a, 0x02, 0x02, 0x00,
    0x00, 0x00, 0x00, 0x00, 0x00, 0x00, 0x00, 0x00, 0x05, 0x00, 0x36, 0xd1, 0xff, 0x96, 0x00, 0x03, 0x00, 0x00, 0x00, 0x00, 0x00, 0x03, 0x00, 0x4d,
    0xd7, 0x00, 0x14, 0x59, 0x27, 0x00, 0xb3, 0x80, 0x01, 0x05, 0x01, 0x01, 0x00, 0x00, 0x00, 0x00, 0x00, 0x00, 0x04, 0x24, 0x65, 0x9a, 0xb2, 0xb2,
    0x92, 0x66, 0x0f, 0x4a, 0xb9, 0xc1, 0x26, 0x04, 0x01, 0x00, 0x00, 0x00, 0x00, 0x00, 0x00, 0x00, 0x01, 0x03, 0x00, 0x56, 0xf0, 0xf6, 0xf5, 0x38,
    0x01, 0x03, 0x00, 0x00, 0x00, 0x00, 0x00, 0x02, 0x02, 0xd0, 0x49, 0x28, 0xd6, 0xb2, 0xd6, 0x2a, 0x10, 0xe1, 0x13, 0x01, 0x01, 0x00, 0x01, 0x01,
    0x03, 0x03, 0x04, 0x03, 0x00, 0x00, 0x00, 0x00, 0x02, 0x2c, 0x63, 0x94, 0xbf, 0xb5, 0x63, 0x91, 0xc3, 0x10, 0x05, 0x02, 0x00, 0x00, 0x00, 0x00,
    0x00, 0x03, 0x00, 0x00, 0x81, 0xfe, 0xed, 0xc9, 0xdd, 0x0c, 0x00, 0x01, 0x00, 0x00, 0x00, 0x00, 0x02, 0x00, 0x3d, 0xde, 0x0e, 0xd4, 0x7e, 0x78,
    0x88, 0xc3, 0x08, 0xce, 0x4d, 0x00, 0x03, 0x00, 0x00, 0x00, 0x00, 0x00, 0x00, 0x00, 0x01, 0x02, 0x03, 0x04, 0x00, 0x00, 0x00, 0x00, 0x00, 0x3b,
    0x9a, 0xb9, 0xbb, 0x31, 0x00, 0x00, 0x02, 0x00, 0x00, 0x00, 0x04, 0x00, 0x11, 0xac, 0xff, 0xf9, 0x4e, 0x8c, 0xa0, 0x00, 0x04, 0x00, 0x00, 0x00,
    0x00, 0x00, 0x04, 0x00, 0x83, 0x91, 0x5c, 0xec, 0xc5, 0x84, 0xc1, 0xcd, 0x63, 0x7f, 0xae, 0x00, 0x03, 0x00, 0x00, 0x00, 0x00, 0x00, 0x00, 0x00,
    0x00, 0x00, 0x00, 0x00, 0x00, 0x02, 0x03, 0x03, 0x00, 0x00, 0x00, 0x15, 0x6d, 0xce, 0x8e, 0x02, 0x00, 0x04, 0x04, 0x05, 0x00, 0x27, 0xcd, 0xf7,
    0xe1, 0x3c, 0x17, 0xdf, 0x40, 0x00, 0x03, 0x00, 0x00, 0x00, 0x00, 0x00, 0x02, 0x03, 0xcf, 0x60, 0xa1, 0xa7, 0x8e, 0x00, 0x8a, 0xa7, 0x9d, 0x20,
    0xd0, 0x05, 0x01, 0x00, 0x00, 0x00, 0x00, 0x00, 0x00, 0x00, 0x00, 0x00, 0x00, 0x00, 0x00, 0x00, 0x00, 0x00, 0x00, 0x02, 0x04, 0x00, 0x00, 0x15,
    0xb9, 0xd0, 0x3c, 0x00, 0x00, 0x00, 0x4d, 0xe5, 0xff, 0xb6, 0x3e, 0x62, 0xbb, 0xe4, 0x08, 0x01, 0x01, 0x00, 0x00, 0x00, 0x00, 0x01, 0x00, 0x1c,
    0xd3, 0x27, 0xb9, 0x63, 0x89, 0x00, 0x95, 0x6f, 0xba, 0x21, 0xd9, 0x17, 0x00, 0x01, 0x00, 0x00, 0x00, 0x00, 0x00, 0x00, 0x00, 0x00, 0x00, 0x00,
    0x00, 0x00, 0x00, 0x00, 0x00, 0x00, 0x00, 0x01, 0x04, 0x00, 0x00, 0x62, 0xe6, 0x91, 0x88, 0x9c, 0xed, 0xea, 0x9f, 0x68, 0x93, 0x45, 0x3d, 0xcc,
    0x00, 0x02, 0x00, 0x00, 0x00, 0x00, 0x00, 0x03, 0x00, 0x4f, 0xb2, 0x44, 0xbb, 0x24, 0xde, 0x4a, 0xe2, 0x17, 0xba, 0x5e, 0xd2, 0x14, 0x00, 0x01,
    0x00, 0x00, 0x00, 0x00, 0x00, 0x00, 0x00, 0x00, 0x00, 0x00, 0x00, 0x00, 0x00, 0x00, 0x00, 0x00, 0x00, 0x00, 0x00, 0x01, 0x03, 0x00, 0x1c, 0x5c,
    0x56, 0x62, 0xd9, 0xca, 0x83, 0x5a, 0x09, 0x1d, 0xa3, 0xaa, 0x00, 0x03, 0x00, 0x00, 0x00, 0x00, 0x00, 0x03, 0x00, 0x53, 0xb4, 0x82, 0x9c, 0x00,
    0x5b, 0xb1, 0x55, 0x00, 0xcd, 0x53, 0xbb, 0x29, 0x00, 0x02, 0x00, 0x00, 0x00, 0x00, 0x00, 0x00, 0x00, 0x00, 0x00, 0x00, 0x00, 0x00, 0x00, 0x00,
    0x00, 0x00, 0x00, 0x00, 0x00, 0x00, 0x00, 0x03, 0x00, 0x00, 0x00, 0x12, 0xbf, 0x79, 0x4f, 0x59, 0x8b, 0x7a, 0xb9, 0x88, 0x00, 0x04, 0x00, 0x00,
    0x00, 0x00, 0x00, 0x03, 0x00, 0x57, 0xae, 0x85, 0x96, 0x00, 0x4f, 0x9e, 0x26, 0x01, 0xa6, 0x6f, 0xb1, 0x58, 0x04, 0x06, 0x03, 0x03, 0x01, 0x01,
    0x01, 0x01, 0x01, 0x01, 0x01, 0x01, 0x01, 0x03, 0x03, 0x03, 0x03, 0x03, 0x03, 0x04, 0x04, 0x04, 0x03, 0x01, 0x02, 0x05, 0x04, 0x37, 0x80, 0x67,
    0x6e, 0x3d, 0x06, 0x00, 0x86, 0x96, 0x00, 0x04, 0x00, 0x00, 0x00, 0x00, 0x00, 0x04, 0x00, 0x92, 0x7f, 0x7d, 0x8e, 0x17, 0xff, 0xff, 0xe4, 0x00,
    0x8d, 0x8f, 0xb3, 0x44, 0x00, 0x00, 0x00, 0x00, 0x00, 0x00, 0x00, 0x00, 0x00, 0x00, 0x00, 0x00, 0x00, 0x00, 0x00, 0x00, 0x00, 0x00, 0x00, 0x00,
    0x00, 0x00, 0x00, 0x00, 0x00, 0x02, 0x00, 0x2f, 0x92, 0x64, 0x43, 0x59, 0x6d, 0x6f, 0xc0, 0x8e, 0x00, 0x04, 0x00, 0x00, 0x00, 0x00, 0x00, 0x04,
    0x00, 0x99, 0x7b, 0x7c, 0x91, 0x0e, 0xf2, 0xff, 0xdf, 0x00, 0xb0, 0x64, 0xaf, 0xb0, 0x6a, 0x4e, 0x55, 0x48, 0x23, 0x1f, 0x1e, 0x1e, 0x1e, 0x1e,
    0x1e, 0x21, 0x27, 0x51, 0x55, 0x54, 0x55, 0x55, 0x4d, 0x6c, 0x8c, 0x7c, 0x7d, 0xae, 0x80, 0x01, 0x01, 0x22, 0x48, 0x39, 0x40, 0x28, 0x24, 0x25,
    0x61, 0xc2, 0x01, 0x02, 0x00, 0x00, 0x00, 0x00, 0x00, 0x04, 0x00, 0x93, 0x78, 0x79, 0x9b, 0x00, 0x40, 0x81, 0x15, 0x00, 0xd0, 0x3d, 0xb1, 0x8e,
    0x50, 0x53, 0x89, 0x86, 0x73, 0xa9, 0xad, 0xad, 0xad, 0xac, 0xad, 0x90, 0x72, 0x8a, 0x8b, 0x8b, 0x8b, 0x87, 0x51, 0x50, 0x55, 0x3c, 0x22, 0x1f,
    0x17, 0x02, 0x01, 0x52, 0x64, 0x5b, 0x41, 0x1c, 0x04, 0x00, 0x39, 0xd8, 0x05, 0x01, 0x00, 0x00, 0x00, 0x00, 0x00, 0x03, 0x00, 0x58, 0xa3, 0x88,
    0x91, 0x00, 0xab, 0xc1, 0x5b, 0x00, 0xd0, 0x47, 0xc1, 0x1d, 0x00, 0x00, 0x00, 0x00, 0x00, 0x00, 0x00, 0x00, 0x00, 0x00, 0x00, 0x00, 0x00, 0x00,
    0x00, 0x00, 0x00, 0x00, 0x00, 0x00, 0x00, 0x00, 0x00, 0x00, 0x00, 0x03, 0x00, 0x4f, 0x8b, 0x50, 0x42, 0x6e, 0x8a, 0x6d, 0xbf, 0x8a, 0x00, 0x03,
    0x00, 0x00, 0x00, 0x00, 0x00, 0x03, 0x00, 0x54, 0xb5, 0x6a, 0x8d, 0x58, 0xb8, 0x25, 0xd6, 0x2a, 0xcc, 0x2a, 0xd2, 0x0f, 0x04, 0x02, 0x21, 0x3e,
    0x00, 0x04, 0x00, 0x00, 0x02, 0x02, 0x00, 0x1d, 0x0e, 0x03, 0x06, 0x00, 0x01, 0x04, 0x03, 0x03, 0x03, 0x02, 0x01, 0x03, 0x02, 0x02, 0x03, 0x7a,
    0xb9, 0x7c, 0x5e, 0x08, 0x00, 0x1b, 0xd7, 0x42, 0x00, 0x03, 0x00, 0x00, 0x00, 0x00, 0x00, 0x03, 0x00, 0x42, 0xd0, 0x36, 0xb4, 0x8c, 0x4f, 0x00,
    0x96, 0x71, 0xa1, 0x39, 0xc9, 0x00, 0x02, 0x09, 0xb2, 0xdc, 0x25, 0x01, 0x1e, 0x3a, 0x00, 0x04, 0x15, 0xba, 0x8c, 0x07, 0x00, 0x1b, 0x0c, 0x00,
    0x01, 0x00, 0x00, 0x01, 0x04, 0x00, 0x00, 0x03, 0x00, 0xa9, 0xe3, 0xa3, 0x56, 0x99, 0x6c, 0x0f, 0xda, 0x1d, 0x00, 0x01, 0x00, 0x00, 0x00, 0x00,
    0x00, 0x00, 0x01, 0x06, 0xde, 0x43, 0xaf, 0xb2, 0x6e, 0x00, 0xb6, 0xcc, 0x65, 0x6f, 0xa9, 0x00, 0x04, 0x06, 0x70, 0x8c, 0x16, 0x0a, 0xb3, 0xdc,
    0x23, 0x00, 0x23, 0xc0, 0xa2, 0x0b, 0x1b, 0xbe, 0x88, 0x05, 0x02, 0x01, 0x04, 0x00, 0x00, 0x1c, 0xaa, 0xbf, 0x94, 0xb5, 0xe3, 0xa0, 0xbc, 0x1d,
    0x4d, 0xb7, 0xd3, 0x09, 0x01, 0x00, 0x00, 0x00, 0x00, 0x00, 0x00, 0x00, 0x03, 0x00, 0xb4, 0x5d, 0x84, 0xc4, 0xba, 0xb6, 0xab, 0xe1, 0x21, 0xcc,
    0x5a, 0x00, 0x04, 0x00, 0x00, 0x00, 0x00, 0x06, 0x70, 0x8b, 0x15, 0x02, 0x00, 0x00, 0x00, 0x01, 0x15, 0xa2, 0x89, 0x0b, 0x03, 0x00, 0x00, 0x1a,
    0x8e, 0xd3, 0x79, 0x22, 0x4f, 0xa8, 0xff, 0xad, 0x6b, 0xd2, 0x29, 0x41, 0xcc, 0x00, 0x02, 0x00, 0x00, 0x00, 0x00, 0x00, 0x00, 0x00, 0x04, 0x00,
    0x69, 0xca, 0x06, 0xc9, 0x76, 0x60, 0xaa, 0xb1, 0x25, 0xdc, 0x0b, 0x01, 0x01, 0x00, 0x03, 0x03, 0x01, 0x00, 0x00, 0x00, 0x00, 0x00, 0x01, 0x00,
    0x02, 0x03, 0x00, 0x04, 0x00, 0x00, 0x00, 0x17, 0x74, 0xd2, 0x8f, 0x1b, 0x00, 0x00, 0x00, 0x08, 0xc8, 0xff, 0xaf, 0x46, 0xcb, 0xae, 0xba, 0x00,
    0x02, 0x00, 0x00, 0x00, 0x00, 0x00, 0x00, 0x00, 0x01, 0x01, 0x09, 0xdb, 0x25, 0x2d, 0xcb, 0xcc, 0xaa, 0x08, 0xab, 0x71, 0x00, 0x03, 0x00, 0x00,
    0x00, 0x00, 0x00, 0x00, 0x04, 0x04, 0x04, 0x03, 0x04, 0x03, 0x00, 0x00, 0x00, 0x00, 0x25, 0x84, 0xb7, 0xb2, 0xa1, 0x20, 0x00, 0x00, 0x03, 0x01,
    0x04, 0x00, 0x11, 0xcf, 0xff, 0x99, 0x04, 0xd5, 0xd3, 0x0a, 0x01, 0x00, 0x00, 0x00, 0x00, 0x00, 0x00, 0x00, 0x00, 0x03, 0x00, 0x73, 0xcc, 0x00,
    0x05, 0x1d, 0x00, 0x2e, 0xe0, 0x0d, 0x06, 0x05, 0x04, 0x03, 0x02, 0x02, 0x01, 0x01, 0x00, 0x00, 0x00, 0x00, 0x00, 0x00, 0x0d, 0x3c, 0x81, 0xa7,
    0xc5, 0x93, 0x2e, 0x8d, 0x67, 0x00, 0x06, 0x01, 0x00, 0x00, 0x00, 0x03, 0x00, 0x2d, 0xe9, 0xff, 0x92, 0x07, 0xe9, 0x1c, 0x00, 0x01, 0x00, 0x00,
    0x00, 0x00, 0x00, 0x00, 0x00, 0x01, 0x02, 0x10, 0xe8, 0xae, 0x04, 0x00, 0x38, 0xc4, 0x37, 0x00, 0x00, 0x00, 0x00, 0x00, 0x00, 0x00, 0x00, 0x00,
    0x1a, 0x22, 0x50, 0x55, 0x7e, 0xab, 0xd2, 0x92, 0x82, 0xb1, 0x2c, 0x00, 0x3c, 0xff, 0x42, 0x02, 0x02, 0x00, 0x00, 0x00, 0x00, 0x00, 0x03, 0x00,
    0x3a, 0xf7, 0xe7, 0xa2, 0xce, 0x23, 0x00, 0x01, 0x00, 0x00, 0x00, 0x00, 0x00, 0x00, 0x00, 0x00, 0x01, 0x00, 0x1e, 0xa9, 0xdb, 0xce, 0xff, 0xef,
    0x8b, 0x95, 0x93, 0x92, 0x8b, 0xaa, 0xc9, 0xc6, 0xaf, 0xb0, 0xb6, 0xaf, 0x98, 0x8a, 0x72, 0x36, 0xc2, 0x6f, 0x00, 0x62, 0x7c, 0x0a, 0xff, 0x67,
    0x00, 0x03, 0x00, 0x00, 0x00, 0x00, 0x00, 0x00, 0x00, 0x04, 0x00, 0x68, 0xef, 0xe2, 0xfb, 0x49, 0x00, 0x03, 0x00, 0x00, 0x00, 0x00, 0x00, 0x00,
    0x00, 0x00, 0x00, 0x01, 0x00, 0x00, 0x4c, 0x89, 0x80, 0x82, 0x94, 0x92, 0x93, 0x83, 0x55, 0x52, 0x4f, 0x4c, 0x21, 0x1e, 0x01, 0x00, 0x00, 0x00,
    0x00, 0x00, 0x17, 0xdc, 0x84, 0x05, 0x9e, 0xbd, 0xb6, 0x00, 0x04, 0x00, 0x00, 0x00, 0x00, 0x00, 0x00, 0x00, 0x00, 0x00, 0x05, 0x00, 0x87, 0xf5,
    0xe6, 0x84, 0x00, 0x04, 0x00, 0x00, 0x00, 0x00, 0x00, 0x00, 0x00, 0x00, 0x00, 0x00, 0x02, 0x01, 0x00, 0x00, 0x00, 0x00, 0x00, 0x00, 0x00, 0x00,
    0x00, 0x00, 0x00, 0x00, 0x00, 0x00, 0x00, 0x01, 0x04, 0x04, 0x03, 0x03, 0x00, 0x0c, 0xb7, 0x99, 0xa3, 0xf2, 0x0d, 0x03, 0x01, 0x00, 0x00, 0x00,
    0x00, 0x00, 0x00, 0x00, 0x00, 0x00, 0x01, 0x04, 0x00, 0x99, 0xf7, 0xb1, 0x00, 0x02, 0x00, 0x00, 0x00, 0x00, 0x00, 0x00, 0x00, 0x00, 0x00, 0x00,
    0x00, 0x00, 0x03, 0x04, 0x04, 0x04, 0x04, 0x04, 0x04, 0x04, 0x03, 0x03, 0x03, 0x03, 0x01, 0x01, 0x00, 0x00, 0x00, 0x00, 0x00, 0x00, 0x02, 0x00,
    0x00, 0xa6, 0xf9, 0x33, 0x00, 0x02, 0x00, 0x00, 0x00, 0x00, 0x00, 0x00, 0x00, 0x00, 0x00, 0x00, 0x00, 0x01, 0x02, 0x00, 0xc6, 0xef, 0x07, 0x01,
    0x01, 0x00, 0x00, 0x00, 0x00, 0x00, 0x00, 0x00, 0x00, 0x00, 0x00, 0x00, 0x00, 0x00, 0x00, 0x00, 0x00, 0x00, 0x00, 0x00, 0x00, 0x00, 0x00, 0x00,
    0x00, 0x00, 0x00, 0x00, 0x00, 0x00, 0x00, 0x00, 0x00, 0x02, 0x00, 0x00, 0x26, 0x00, 0x01, 0x00, 0x00, 0x00, 0x00, 0x00, 0x00, 0x00, 0x00, 0x00,
    0x00, 0x00, 0x00, 0x00, 0x02, 0x01, 0x16, 0x51, 0x04, 0x00, 0x00, 0x00, 0x00, 0x00, 0x00, 0x00, 0x00, 0x00, 0x00, 0x00, 0x00, 0x00, 0x00, 0x00,
    0x00, 0x00, 0x00, 0x00, 0x00, 0x00, 0x00, 0x00, 0x00, 0x00, 0x00, 0x00, 0x00, 0x00, 0x00, 0x00, 0x00, 0x00, 0x00, 0x00, 0x00, 0x00, 0x00, 0x02,
    0x00, 0x00, 0x00, 0x00, 0x00, 0x00, 0x00, 0x00, 0x00, 0x00, 0x00, 0x00, 0x00, 0x00, 0x00, 0x00, 0x00, 0x00, 0x00, 0x00, 0x00, 0x00, 0x00, 0x00,
    0x00, 0x00, 0x00, 0x00, 0x00, 0x00, 0x00, 0x00, 0x00, 0x00, 0x00, 0x00, 0x00, 0x00, 0x00, 0x00, 0x00, 0x00, 0x00, 0x00, 0x00, 0x00, 0x00, 0x00,
    0x00, 0x00, 0x00, 0x00, 0x00, 0x00, 0x00, 0x01, 0x02, 0x00, 0x00, 0x00, 0x00, 0x00, 0x00, 0x00, 0x00, 0x00, 0x00, 0x00, 0x00, 0x00, 0x00, 0x00,
    0x00, 0x00, 0x01, 0x03, 0x00, 0x00, 0x00, 0x00, 0x00, 0x00, 0x00, 0x00, 0x00, 0x00, 0x00, 0x00, 0x00, 0x00, 0x00, 0x00, 0x00, 0x00, 0x00, 0x00,
    0x00, 0x00, 0x00, 0x00, 0x00, 0x00, 0x00, 0x00, 0x00, 0x00, 0x00, 0x00, 0x00, 0x00, 0x00, 0x00, 0x00, 0x00, 0x00, 0x00, 0x00, 0x00, 0x00, 0x00,
    0x00, 0x00, 0x00, 0x00, 0x00, 0x00, 0x00, 0x00, 0x00, 0x00, 0x00, 0x00, 0x00, 0x00, 0x00, 0x00, 0x00, 0x00, 0x00, 0x00
};
static const uint8_t bp_fish_tail_7[2204] = {
    0x00, 0x00, 0x00, 0x00, 0x00, 0x00, 0x00, 0x00, 0x00, 0x00, 0x00, 0x00, 0x00, 0x00, 0x00, 0x00, 0x00, 0x00, 0x00, 0x00, 0x00, 0x00, 0x00, 0x00,
    0x00, 0x00, 0x00, 0x00, 0x00, 0x00, 0x00, 0x00, 0x00, 0x00, 0x00, 0x00, 0x00, 0x00, 0x00, 0x00, 0x00, 0x00, 0x00, 0x00, 0x00, 0x00, 0x00, 0x00,
    0x00, 0x00, 0x00, 0x00, 0x00, 0x00, 0x00, 0x00, 0x00, 0x00, 0x00, 0x00, 0x00, 0x00, 0x00, 0x00, 0x00, 0x00, 0x00, 0x00, 0x00, 0x00, 0x00, 0x00,
    0x00, 0x00, 0x00, 0x00, 0x00, 0x00, 0x00, 0x00, 0x00, 0x00, 0x00, 0x00, 0x00, 0x00, 0x00, 0x00, 0x00, 0x00, 0x00, 0x00, 0x00, 0x00, 0x00, 0x00,
    0x00, 0x00, 0x00, 0x00, 0x00, 0x00, 0x00, 0x00, 0x00, 0x00, 0x00, 0x00, 0x00, 0x00, 0x00, 0x00, 0x00, 0x00, 0x00, 0x00, 0x00, 0x00, 0x00, 0x00,
    0x00, 0x00, 0x00, 0x00, 0x00, 0x00, 0x00, 0x00, 0x00, 0x00, 0x00, 0x00, 0x02, 0x02, 0x00, 0x00, 0x00, 0x00, 0x00, 0x00, 0x00, 0x00, 0x00, 0x00,
    0x00, 0x00, 0x00, 0x00, 0x00, 0x00, 0x00, 0x00, 0x00, 0x00, 0x00, 0x00, 0x00, 0x00, 0x00, 0x00, 0x00, 0x00, 0x00, 0x00, 0x00, 0x00, 0x00, 0x00,
    0x00, 0x00, 0x00, 0x00, 0x00, 0x00, 0x00, 0x00, 0x00, 0x00, 0x00, 0x00, 0x00, 0x00, 0x00, 0x00, 0x00, 0x00, 0x00, 0x00, 0x00, 0x03, 0x00, 0x00,
    0x03, 0x01, 0x01, 0x02, 0x02, 0x04, 0x04, 0x03, 0x02, 0x01, 0x00, 0x00, 0x00, 0x00, 0x00, 0x00, 0x00, 0x00, 0x00, 0x00, 0x00, 0x00, 0x00, 0x00,
    0x00, 0x00, 0x00, 0x00, 0x00, 0x00, 0x00, 0x00, 0x00, 0x00, 0x00, 0x00, 0x00, 0x00, 0x00, 0x00, 0x00, 0x00, 0x00, 0x00, 0x00, 0x00, 0x00, 0x00,
    0x03, 0x04, 0x04, 0x04, 0x03, 0x04, 0x01, 0x00, 0x53, 0x2e, 0x00, 0x00, 0x00, 0x00, 0x00, 0x00, 0x00, 0x00, 0x00, 0x00, 0x02, 0x04, 0x02, 0x00,
    0x00, 0x00, 0x00, 0x00, 0x00, 0x00, 0x00, 0x00, 0x00, 0x00, 0x00, 0x00, 0x00, 0x00, 0x00, 0x00, 0x00, 0x00, 0x00, 0x00, 0x00, 0x00, 0x00, 0x00,
    0x00, 0x00, 0x00, 0x00, 0x00, 0x00, 0x00, 0x00, 0x01, 0x01, 0x00, 0x00, 0x00, 0x00, 0x00, 0x00, 0x01, 0x39, 0xf9, 0xb3, 0xab, 0xc8, 0xd6, 0xcc,
    0xb7, 0x8f, 0x72, 0x4c, 0x20, 0x19, 0x00, 0x00, 0x00, 0x01, 0x04, 0x01, 0x00, 0x01, 0x01, 0x00, 0x00, 0x00, 0x00, 0x00, 0x00, 0x00, 0x00, 0x00,
    0x00, 0x00, 0x00, 0x00, 0x00, 0x00, 0x00, 0x03, 0x03, 0x00, 0x00, 0x00, 0x00, 0x00, 0x00, 0x00, 0x00, 0x01, 0x00, 0x00, 0x5b, 0x92, 0x8d, 0x77,
    0x5d, 0xa4, 0xe2, 0xff, 0xb8, 0x6c, 0x8c, 0xf6, 0x57, 0x40, 0xe2, 0x93, 0x6f, 0xbd, 0xed, 0xc0, 0xa8, 0x65, 0x2a, 0x00, 0x00, 0x00, 0x04, 0x00,
    0x00, 0x00, 0x00, 0x00, 0x00, 0x00, 0x00, 0x00, 0x00, 0x00, 0x00, 0x00, 0x00, 0x00, 0x00, 0x01, 0x01, 0x00, 0x00, 0x00, 0x00, 0x00, 0x00, 0x00,
    0x00, 0x00, 0x01, 0x03, 0x06, 0xab, 0xbf, 0x94, 0xc0, 0xff, 0xd8, 0x8c, 0xc4, 0xbd, 0xa3, 0x9c, 0xcb, 0xce, 0x93, 0x95, 0xcf, 0x18, 0x1b, 0xbc,
    0x30, 0x00, 0x96, 0xf3, 0xc0, 0xb1, 0x91, 0x0d, 0x00, 0x12, 0x12, 0x00, 0x01, 0x00, 0x00, 0x00, 0x00, 0x00, 0x00, 0x00, 0x00, 0x00, 0x00, 0x00,
    0x03, 0x00, 0x00, 0x6f, 0x6b, 0x00, 0x01, 0x00, 0x00, 0x00, 0x00, 0x00, 0x02, 0x00, 0xbb, 0xb9, 0x00, 0x00, 0x00, 0x67, 0xe9, 0x0d, 0x00, 0x00,
    0x00, 0x00, 0x0f, 0x18, 0x3c, 0x74, 0x96, 0xac, 0xc5, 0xee, 0x7f, 0x6e, 0xcd, 0x1f, 0x00, 0xc5, 0xeb, 0xca, 0x67, 0xbb, 0x48, 0x01, 0x02, 0x00,
    0x00, 0x00, 0x00, 0x00, 0x00, 0x00, 0x00, 0x00, 0x00, 0x04, 0x00, 0x14, 0xa8, 0xff, 0x74, 0x00, 0x04, 0x00, 0x00, 0x00, 0x00, 0x02, 0x00, 0x2e,
    0xda, 0x04, 0x12, 0x59, 0x31, 0x00, 0xa6, 0x94, 0x00, 0x06, 0x01, 0x01, 0x00, 0x00, 0x00, 0x00, 0x00, 0x00, 0x00, 0x1f, 0x66, 0x8d, 0xa6, 0xc3,
    0x91, 0x74, 0x02, 0x4a, 0xed, 0xbd, 0x03, 0x00, 0x01, 0x00, 0x00, 0x00, 0x00, 0x00, 0x00, 0x00, 0x00, 0x02, 0x02, 0x00, 0x3f, 0xd5, 0xe8, 0xe1,
    0x12, 0x00, 0x01, 0x00, 0x00, 0x00, 0x00, 0x03, 0x00, 0xb6, 0x77, 0x21, 0xd1, 0xb1, 0xd9, 0x49, 0x0c, 0xe8, 0x1a, 0x01, 0x01, 0x00, 0x01, 0x01,
    0x02, 0x04, 0x03, 0x01, 0x00, 0x00, 0x00, 0x00, 0x00, 0x25, 0x84, 0xae, 0xbb, 0x8a, 0x44, 0xa4, 0xb8, 0x14, 0x04, 0x01, 0x00, 0x00, 0x00, 0x00,
    0x00, 0x00, 0x03, 0x00, 0x00, 0x77, 0xeb, 0xdd, 0xf4, 0x81, 0x00, 0x03, 0x00, 0x00, 0x00, 0x00, 0x01, 0x00, 0x1e, 0xeb, 0x27, 0xcd, 0x91, 0x80,
    0x87, 0xca, 0x0b, 0xb1, 0x82, 0x00, 0x04, 0x00, 0x00, 0x00, 0x00, 0x00, 0x00, 0x00, 0x00, 0x02, 0x03, 0x04, 0x01, 0x00, 0x00, 0x00, 0x27, 0x78,
    0xbb, 0xaf, 0xb2, 0x10, 0x00, 0x03, 0x02, 0x00, 0x00, 0x00, 0x00, 0x04, 0x00, 0x1c, 0xba, 0xeb, 0xe3, 0xb2, 0xdc, 0x16, 0x01, 0x01, 0x00, 0x00,
    0x00, 0x00, 0x04, 0x00, 0x82, 0xa2, 0x62, 0xe1, 0xc7, 0x71, 0xb2, 0xda, 0x65, 0x4a, 0xc2, 0x00, 0x03, 0x00, 0x00, 0x00, 0x00, 0x00, 0x00, 0x00,
    0x00, 0x00, 0x00, 0x00, 0x00, 0x02, 0x04, 0x01, 0x00, 0x00, 0x00, 0x47, 0x9f, 0xc4, 0x52, 0x00, 0x00, 0x04, 0x03, 0x03, 0x02, 0x00, 0x4d, 0xdd,
    0xe0, 0xd9, 0x54, 0x50, 0xae, 0x00, 0x03, 0x00, 0x00, 0x00, 0x00, 0x00, 0x03, 0x00, 0xae, 0x56, 0xa1, 0xa1, 0x98, 0x00, 0x7f, 0xa9, 0x9c, 0x25,
    0xcd, 0x06, 0x01, 0x00, 0x00, 0x00, 0x00, 0x00, 0x00, 0x00, 0x00, 0x00, 0x00, 0x00, 0x00, 0x00, 0x00, 0x00, 0x01, 0x03, 0x00, 0x00, 0x00, 0x42,
    0xc1, 0xb1, 0x29, 0x00, 0x00, 0x00, 0x00, 0x87, 0xea, 0xdd, 0xb8, 0x33, 0x2b, 0xda, 0x6a, 0x01, 0x04, 0x00, 0x00, 0x00, 0x00, 0x00, 0x01, 0x07,
    0xda, 0x59, 0xb2, 0x63, 0x94, 0x00, 0x88, 0x71, 0xba, 0x20, 0xd6, 0x15, 0x00, 0x01, 0x00, 0x00, 0x00, 0x00, 0x00, 0x00, 0x00, 0x00, 0x00, 0x00,
    0x00, 0x00, 0x00, 0x00, 0x00, 0x00, 0x00, 0x02, 0x03, 0x00, 0x00, 0x73, 0xe4, 0x7f, 0x54, 0x58, 0xbc, 0xea, 0xd1, 0x8c, 0x46, 0x87, 0x8c, 0xea,
    0x2a, 0x00, 0x02, 0x00, 0x00, 0x00, 0x00, 0x03, 0x00, 0x43, 0xca, 0x53, 0xae, 0x17, 0xe1, 0x5d, 0xe0, 0x26, 0xbd, 0x3c, 0xb6, 0x44, 0x00, 0x02,
    0x00, 0x00, 0x00, 0x00, 0x00, 0x00, 0x00, 0x00, 0x00, 0x00, 0x00, 0x00, 0x00, 0x00, 0x00, 0x00, 0x00, 0x00, 0x00, 0x02, 0x02, 0x00, 0x29, 0xa5,
    0x90, 0x8e, 0xbc, 0xc7, 0x8c, 0x74, 0x74, 0x19, 0x30, 0xd2, 0x02, 0x02, 0x00, 0x00, 0x00, 0x00, 0x00, 0x03, 0x00, 0x55, 0xb3, 0x80, 0x94, 0x00,
    0x42, 0xb7, 0x52, 0x00, 0xd0, 0x3f, 0xb8, 0x55, 0x00, 0x03, 0x00, 0x00, 0x00, 0x00, 0x00, 0x00, 0x00, 0x00, 0x00, 0x00, 0x00, 0x00, 0x00, 0x00,
    0x00, 0x00, 0x00, 0x00, 0x00, 0x00, 0x00, 0x03, 0x00, 0x00, 0x00, 0x05, 0xb1, 0x98, 0x6d, 0x40, 0x1b, 0x4d, 0x9e, 0xc5, 0x00, 0x02, 0x00, 0x00,
    0x00, 0x00, 0x00, 0x03, 0x00, 0x58, 0xa3, 0x84, 0x98, 0x00, 0x58, 0xad, 0x38, 0x01, 0xa6, 0x72, 0xb4, 0x54, 0x03, 0x06, 0x02, 0x01, 0x01, 0x01,
    0x01, 0x01, 0x01, 0x01, 0x01, 0x01, 0x01, 0x01, 0x01, 0x01, 0x01, 0x02, 0x03, 0x03, 0x03, 0x03, 0x03, 0x04, 0x05, 0x04, 0x05, 0x13, 0x97, 0x76,
    0x68, 0x7a, 0x82, 0x51, 0x9a, 0xae, 0x00, 0x03, 0x00, 0x00, 0x00, 0x00, 0x00, 0x04, 0x00, 0x93, 0x78, 0x7c, 0x8f, 0x12, 0xff, 0xff, 0xf3, 0x00,
    0x8b, 0x8e, 0xb2, 0x48, 0x00, 0x00, 0x00, 0x00, 0x00, 0x00, 0x00, 0x00, 0x00, 0x00, 0x00, 0x00, 0x00, 0x00, 0x00, 0x00, 0x00, 0x00, 0x00, 0x00,
    0x00, 0x00, 0x00, 0x00, 0x00, 0x02, 0x01, 0x30, 0x8f, 0x64, 0x3e, 0x15, 0x00, 0x00, 0x8d, 0x93, 0x00, 0x04, 0x00, 0x00, 0x00, 0x00, 0x00, 0x04,
    0x00, 0x99, 0x7b, 0x7c, 0x93, 0x06, 0xe8, 0xff, 0xd6, 0x00, 0xb0, 0x63, 0xb3, 0x86, 0x51, 0x56, 0x30, 0x21, 0x1f, 0x1e, 0x1e, 0x1e, 0x1e, 0x1e,
    0x1e, 0x1e, 0x1e, 0x1e, 0x1e, 0x1f, 0x21, 0x30, 0x54, 0x54, 0x55, 0x51, 0x5b, 0x8b, 0x67, 0x01, 0x00, 0x2b, 0x73, 0x61, 0x6e, 0x7b, 0x83, 0x7e,
    0xac, 0xbe, 0x00, 0x02, 0x00, 0x00, 0x00, 0x00, 0x00, 0x04, 0x00, 0x92, 0x7f, 0x7a, 0x9a, 0x00, 0x29, 0x81, 0x0a, 0x00, 0xd0, 0x3d, 0xb2, 0x86,
    0x76, 0x8d, 0x76, 0x90, 0xad, 0xac, 0xad, 0xad, 0xad, 0xad, 0xad, 0xae, 0xad, 0xad, 0xac, 0xad, 0x8e, 0x76, 0x8c, 0x8a, 0x8b, 0x6c, 0x4e, 0x56,
    0x3f, 0x02, 0x01, 0x47, 0x60, 0x40, 0x10, 0x00, 0x00, 0x00, 0x44, 0xd7, 0x05, 0x01, 0x00, 0x00, 0x00, 0x00, 0x00, 0x03, 0x00, 0x57, 0xae, 0x89,
    0x90, 0x02, 0xa8, 0xc1, 0x63, 0x00, 0xd0, 0x47, 0xc1, 0x1f, 0x00, 0x00, 0x00, 0x00, 0x00, 0x00, 0x00, 0x00, 0x00, 0x00, 0x00, 0x00, 0x00, 0x00,
    0x00, 0x00, 0x00, 0x00, 0x00, 0x00, 0x00, 0x00, 0x00, 0x00, 0x00, 0x03, 0x00, 0x61, 0xab, 0x64, 0x7e, 0x79, 0x4b, 0x17, 0x51, 0xca, 0x06, 0x02,
    0x00, 0x00, 0x00, 0x00, 0x00, 0x03, 0x00, 0x52, 0xb5, 0x6c, 0x8b, 0x67, 0x9c, 0x1c, 0xd6, 0x2a, 0xcc, 0x26, 0xd2, 0x0f, 0x05, 0x03, 0x0c, 0x1b,
    0x00, 0x03, 0x00, 0x00, 0x02, 0x02, 0x00, 0x05, 0x02, 0x01, 0x02, 0x00, 0x00, 0x04, 0x04, 0x04, 0x04, 0x04, 0x03, 0x04, 0x05, 0x05, 0x05, 0x91,
    0xbc, 0x9a, 0x33, 0x1d, 0x69, 0x7c, 0xda, 0x61, 0x00, 0x04, 0x00, 0x00, 0x00, 0x00, 0x00, 0x03, 0x00, 0x4e, 0xbd, 0x28, 0xb8, 0x8a, 0x4a, 0x00,
    0x96, 0x73, 0x9f, 0x4a, 0xc9, 0x00, 0x02, 0x09, 0xab, 0xd4, 0x25, 0x01, 0x1e, 0x3a, 0x00, 0x04, 0x0e, 0x97, 0x61, 0x03, 0x00, 0x1b, 0x0a, 0x00,
    0x01, 0x00, 0x00, 0x01, 0x03, 0x00, 0x00, 0x00, 0x00, 0xcd, 0xc8, 0x67, 0xc4, 0x79, 0x00, 0x19, 0xe4, 0x0d, 0x01, 0x01, 0x00, 0x00, 0x00, 0x00,
    0x00, 0x01, 0x00, 0x16, 0xe2, 0x1f, 0xbe, 0xcc, 0x6a, 0x00, 0xbf, 0xc3, 0x67, 0xaa, 0x7d, 0x00, 0x05, 0x05, 0xa5, 0x83, 0x16, 0x0a, 0xb4, 0xdc,
    0x23, 0x00, 0x1f, 0xc7, 0xa8, 0x0c, 0x16, 0xb9, 0x90, 0x05, 0x02, 0x01, 0x03, 0x00, 0x00, 0x00, 0x7c, 0xa3, 0x42, 0x89, 0xfc, 0xc7, 0x43, 0x93,
    0xb8, 0x91, 0xbc, 0x00, 0x02, 0x00, 0x00, 0x00, 0x00, 0x00, 0x00, 0x00, 0x02, 0x00, 0xca, 0x5a, 0x7f, 0xa6, 0xb7, 0xaf, 0xba, 0xee, 0x1b, 0xc3,
    0x31, 0x00, 0x03, 0x00, 0x01, 0x00, 0x00, 0x06, 0x8a, 0x71, 0x15, 0x01, 0x00, 0x1b, 0x10, 0x00, 0x24, 0xcf, 0x89, 0x0b, 0x04, 0x01, 0x00, 0x07,
    0x5d, 0xc9, 0xc2, 0x74, 0xb4, 0xdb, 0xcd, 0xc2, 0xd3, 0x2e, 0x38, 0xe5, 0x98, 0x00, 0x03, 0x00, 0x00, 0x00, 0x00, 0x00, 0x00, 0x00, 0x04, 0x00,
    0x75, 0x9b, 0x14, 0xd2, 0x6c, 0x5f, 0xbc, 0x76, 0x24, 0xd8, 0x08, 0x01, 0x00, 0x00, 0x00, 0x01, 0x01, 0x00, 0x00, 0x00, 0x00, 0x00, 0x01, 0x00,
    0x00, 0x01, 0x00, 0x08, 0x00, 0x00, 0x00, 0x01, 0x57, 0xd0, 0xac, 0x5a, 0x00, 0x00, 0x00, 0x8c, 0xf3, 0xc9, 0x9d, 0xe1, 0x2a, 0x78, 0x9a, 0x00,
    0x04, 0x00, 0x00, 0x00, 0x00, 0x00, 0x00, 0x00, 0x02, 0x00, 0x29, 0xe8, 0x09, 0x3f, 0xd7, 0xd4, 0x8d, 0x00, 0xad, 0x70, 0x00, 0x03, 0x00, 0x00,
    0x01, 0x00, 0x00, 0x01, 0x04, 0x04, 0x04, 0x03, 0x04, 0x06, 0x03, 0x00, 0x00, 0x00, 0x00, 0x47, 0x90, 0xb0, 0xb1, 0x35, 0x00, 0x00, 0x01, 0x04,
    0x04, 0x00, 0xa9, 0xec, 0xc7, 0x70, 0xbd, 0xdc, 0x82, 0x00, 0x04, 0x00, 0x00, 0x00, 0x00, 0x00, 0x00, 0x00, 0x00, 0x02, 0x00, 0xba, 0x9c, 0x00,
    0x0d, 0x1a, 0x00, 0x57, 0xe5, 0x0c, 0x06, 0x05, 0x04, 0x04, 0x04, 0x04, 0x01, 0x00, 0x00, 0x00, 0x00, 0x00, 0x00, 0x00, 0x00, 0x15, 0x45, 0x76,
    0xc3, 0xc1, 0x68, 0x84, 0x4c, 0x00, 0x05, 0x03, 0x00, 0x00, 0x01, 0x01, 0x0a, 0xcc, 0xe6, 0xc4, 0x18, 0xda, 0x90, 0x00, 0x04, 0x00, 0x00, 0x00,
    0x00, 0x00, 0x00, 0x00, 0x00, 0x02, 0x02, 0x2f, 0xd7, 0x7d, 0x01, 0x00, 0x6c, 0xd0, 0x3e, 0x00, 0x00, 0x00, 0x00, 0x00, 0x00, 0x00, 0x00, 0x01,
    0x1e, 0x22, 0x50, 0x59, 0x88, 0x88, 0x9a, 0xb2, 0xae, 0xc6, 0x34, 0x00, 0x1f, 0xfb, 0x57, 0x02, 0x03, 0x00, 0x00, 0x00, 0x00, 0x02, 0x00, 0x17,
    0xe8, 0xe4, 0xa9, 0x59, 0xb3, 0x00, 0x03, 0x00, 0x00, 0x00, 0x00, 0x00, 0x00, 0x00, 0x00, 0x00, 0x01, 0x00, 0x12, 0xb6, 0xc8, 0xda, 0xff, 0xbb,
    0x89, 0x94, 0x92, 0x93, 0x93, 0x91, 0x8b, 0x99, 0xaf, 0xb6, 0xb0, 0xaf, 0x99, 0x8c, 0x61, 0x6b, 0xe8, 0x24, 0x00, 0x9b, 0x26, 0x07, 0xf9, 0x7a,
    0x00, 0x03, 0x00, 0x00, 0x00, 0x00, 0x00, 0x00, 0x03, 0x00, 0x39, 0xf0, 0xd9, 0xd6, 0xbb, 0x00, 0x02, 0x00, 0x00, 0x00, 0x00, 0x00, 0x00, 0x00,
    0x00, 0x00, 0x00, 0x02, 0x00, 0x00, 0x29, 0x87, 0x7c, 0x8a, 0x95, 0x92, 0x93, 0x92, 0x93, 0x83, 0x55, 0x50, 0x22, 0x1a, 0x00, 0x00, 0x00, 0x00,
    0x00, 0x00, 0x93, 0xf1, 0x2e, 0x31, 0x99, 0xc6, 0xa8, 0x00, 0x04, 0x00, 0x00, 0x00, 0x00, 0x00, 0x00, 0x00, 0x00, 0x04, 0x00, 0x65, 0xef, 0xe4,
    0xd8, 0x06, 0x01, 0x00, 0x00, 0x00, 0x00, 0x00, 0x00, 0x00, 0x00, 0x00, 0x00, 0x00, 0x01, 0x02, 0x00, 0x00, 0x00, 0x00, 0x00, 0x00, 0x00, 0x00,
    0x00, 0x00, 0x00, 0x00, 0x00, 0x00, 0x01, 0x01, 0x04, 0x04, 0x03, 0x03, 0x00, 0x6f, 0xfa, 0x42, 0xdd, 0xd8, 0x00, 0x02, 0x01, 0x00, 0x00, 0x00,
    0x00, 0x00, 0x00, 0x00, 0x00, 0x00, 0x05, 0x00, 0x85, 0xf7, 0xe8, 0x1e, 0x00, 0x02, 0x00, 0x00, 0x00, 0x00, 0x00, 0x00, 0x00, 0x00, 0x00, 0x00,
    0x00, 0x00, 0x02, 0x04, 0x04, 0x04, 0x04, 0x04, 0x04, 0x04, 0x04, 0x04, 0x03, 0x03, 0x01, 0x01, 0x00, 0x00, 0x00, 0x00, 0x00, 0x00, 0x04, 0x00,
    0x59, 0xfc, 0xec, 0x15, 0x01, 0x02, 0x00, 0x00, 0x00, 0x00, 0x00, 0x00, 0x00, 0x00, 0x00, 0x00, 0x00, 0x05, 0x00, 0x9f, 0xff, 0x4b, 0x00, 0x03,
    0x00, 0x00, 0x00, 0x00, 0x00, 0x00, 0x00, 0x00, 0x00, 0x00, 0x00, 0x00, 0x00, 0x00, 0x00, 0x00, 0x00, 0x00, 0x00, 0x00, 0x00, 0x00, 0x00, 0x00,
    0x00, 0x00, 0x00, 0x00, 0x00, 0x00, 0x00, 0x00, 0x00, 0x04, 0x00, 0x31, 0x2e, 0x00, 0x02, 0x00, 0x00, 0x00, 0x00, 0x00, 0x00, 0x00, 0x00, 0x00,
    0x00, 0x00, 0x00, 0x01, 0x01, 0x08, 0xbe, 0x60, 0x00, 0x03, 0x00, 0x00, 0x00, 0x00, 0x00, 0x00, 0x00, 0x00, 0x00, 0x00, 0x00, 0x00, 0x00, 0x00,
    0x00, 0x00, 0x00, 0x00, 0x00, 0x00, 0x00, 0x00, 0x00, 0x00, 0x00, 0x00, 0x00, 0x00, 0x00, 0x00, 0x00, 0x00, 0x00, 0x00, 0x03, 0x00, 0x00, 0x01,
    0x00, 0x00, 0x00, 0x00, 0x00, 0x00, 0x00, 0x00, 0x00, 0x00, 0x00, 0x00, 0x00, 0x00, 0x01, 0x00, 0x00, 0x00, 0x00, 0x00, 0x00, 0x00, 0x00, 0x00,
    0x00, 0x00, 0x00, 0x00, 0x00, 0x00, 0x00, 0x00, 0x00, 0x00, 0x00, 0x00, 0x00, 0x00, 0x00, 0x00, 0x00, 0x00, 0x00, 0x00, 0x00, 0x00, 0x00, 0x00,
    0x00, 0x00, 0x00, 0x00, 0x00, 0x00, 0x00, 0x02, 0x02, 0x00, 0x00, 0x00, 0x00, 0x00, 0x00, 0x00, 0x00, 0x00, 0x00, 0x00, 0x00, 0x00, 0x00, 0x00,
    0x00, 0x01, 0x01, 0x01, 0x00, 0x00, 0x00, 0x00, 0x00, 0x00, 0x00, 0x00, 0x00, 0x00, 0x00, 0x00, 0x00, 0x00, 0x00, 0x00, 0x00, 0x00, 0x00, 0x00,
    0x00, 0x00, 0x00, 0x00, 0x00, 0x00, 0x00, 0x00, 0x00, 0x00, 0x00, 0x00, 0x00, 0x00, 0x00, 0x00, 0x00, 0x00, 0x00, 0x00, 0x00, 0x00, 0x00, 0x00,
    0x00, 0x00, 0x00, 0x00, 0x00, 0x00, 0x00, 0x00, 0x00, 0x00, 0x00, 0x00, 0x00, 0x00, 0x00, 0x00, 0x00, 0x00, 0x00, 0x00
};
static const uint8_t bp_fish_tail_8[2204] = {
    0x00, 0x00, 0x00, 0x00, 0x00, 0x00, 0x00, 0x00, 0x00, 0x00, 0x00, 0x00, 0x00, 0x00, 0x00, 0x00, 0x00, 0x00, 0x00, 0x00, 0x00, 0x00, 0x00, 0x00,
    0x00, 0x00, 0x00, 0x00, 0x00, 0x00, 0x00, 0x00, 0x00, 0x00, 0x00, 0x00, 0x00, 0x00, 0x00, 0x00, 0x00, 0x00, 0x00, 0x00, 0x00, 0x00, 0x00, 0x00,
    0x00, 0x00, 0x00, 0x00, 0x00, 0x00, 0x00, 0x00, 0x00, 0x00, 0x00, 0x00, 0x00, 0x00, 0x00, 0x00, 0x00, 0x00, 0x00, 0x00, 0x00, 0x00, 0x00, 0x00,
    0x00, 0x00, 0x00, 0x00, 0x00, 0x00, 0x00, 0x00, 0x00, 0x00, 0x00, 0x00, 0x00, 0x00, 0x00, 0x00, 0x00, 0x00, 0x00, 0x00, 0x00, 0x00, 0x00, 0x00,
    0x00, 0x00, 0x00, 0x00, 0x00, 0x00, 0x00, 0x00, 0x00, 0x00, 0x00, 0x00, 0x00, 0x00, 0x00, 0x00, 0x00, 0x00, 0x00, 0x00, 0x00, 0x00, 0x00, 0x00,
    0x00, 0x00, 0x00, 0x00, 0x00, 0x00, 0x00, 0x00, 0x00, 0x00, 0x00, 0x00, 0x02, 0x01, 0x00, 0x00, 0x00, 0x00, 0x00, 0x00, 0x00, 0x00, 0x00, 0x00,
    0x00, 0x00, 0x00, 0x00, 0x00, 0x00, 0x00, 0x00, 0x00, 0x00, 0x00, 0x00, 0x00, 0x00, 0x00, 0x00, 0x00, 0x00, 0x00, 0x00, 0x00, 0x00, 0x00, 0x00,
    0x00, 0x00, 0x00, 0x00, 0x00, 0x00, 0x00, 0x00, 0x00, 0x00, 0x00, 0x00, 0x00, 0x00, 0x00, 0x00, 0x00, 0x00, 0x00, 0x00, 0x00, 0x03, 0x00, 0x00,
    0x03, 0x01, 0x01, 0x02, 0x02, 0x04, 0x04, 0x03, 0x02, 0x00, 0x00, 0x00, 0x00, 0x00, 0x00, 0x00, 0x00, 0x00, 0x00, 0x00, 0x00, 0x00, 0x00, 0x00,
    0x00, 0x00, 0x00, 0x00, 0x00, 0x00, 0x00, 0x00, 0x00, 0x00, 0x00, 0x00, 0x00, 0x00, 0x00, 0x00, 0x00, 0x00, 0x00, 0x00, 0x00, 0x00, 0x00, 0x00,
    0x03, 0x04, 0x04, 0x04, 0x03, 0x04, 0x02, 0x00, 0x28, 0x13, 0x00, 0x00, 0x00, 0x00, 0x00, 0x00, 0x00, 0x00, 0x00, 0x00, 0x04, 0x02, 0x01, 0x00,
    0x00, 0x00, 0x00, 0x00, 0x00, 0x00, 0x00, 0x00, 0x00, 0x00, 0x00, 0x00, 0x00, 0x00, 0x00, 0x00, 0x00, 0x00, 0x00, 0x00, 0x00, 0x00, 0x00, 0x00,
    0x00, 0x00, 0x00, 0x00, 0x00, 0x00, 0x00, 0x00, 0x00, 0x02, 0x00, 0x00, 0x00, 0x00, 0x00, 0x00, 0x00, 0x37, 0xe5, 0xc3, 0x9f, 0xca, 0xd7, 0xcb,
    0xbc, 0x97, 0x7e, 0x55, 0x29, 0x00, 0x00, 0x00, 0x00, 0x03, 0x03, 0x01, 0x00, 0x00, 0x00, 0x00, 0x00, 0x00, 0x00, 0x00, 0x00, 0x00, 0x00, 0x00,
    0x00, 0x00, 0x00, 0x00, 0x00, 0x00, 0x00, 0x00, 0x00, 0x00, 0x00, 0x00, 0x00, 0x00, 0x00, 0x00, 0x00, 0x00, 0x01, 0x00, 0x4a, 0x93, 0x8f, 0x80,
    0x5c, 0x91, 0xcd, 0xff, 0xbc, 0x53, 0x7a, 0xed, 0x4f, 0x3e, 0xbd, 0xc1, 0x6d, 0x8f, 0xff, 0xc7, 0x7d, 0x37, 0x08, 0x00, 0x00, 0x00, 0x02, 0x02,
    0x00, 0x00, 0x00, 0x00, 0x00, 0x00, 0x00, 0x00, 0x00, 0x00, 0x00, 0x00, 0x00, 0x00, 0x00, 0x00, 0x00, 0x02, 0x04, 0x01, 0x00, 0x00, 0x00, 0x00,
    0x00, 0x00, 0x01, 0x02, 0x01, 0xb5, 0xe0, 0x96, 0xa6, 0xff, 0xda, 0x8d, 0xc4, 0xb9, 0xb2, 0x9b, 0xd1, 0xce, 0x69, 0x5e, 0xf1, 0x2d, 0x00, 0x8d,
    0x90, 0x2e, 0x9b, 0xff, 0xc8, 0x7e, 0x43, 0x11, 0x00, 0x00, 0x00, 0x00, 0x00, 0x00, 0x00, 0x00, 0x00, 0x00, 0x00, 0x00, 0x00, 0x00, 0x00, 0x00,
    0x00, 0x00, 0x03, 0x00, 0x00, 0x00, 0x00, 0x00, 0x00, 0x00, 0x00, 0x00, 0x03, 0x00, 0x75, 0xe4, 0x10, 0x00, 0x00, 0x4d, 0xea, 0x0e, 0x00, 0x00,
    0x14, 0x22, 0x32, 0x49, 0x74, 0x8f, 0x8e, 0xb0, 0xc9, 0xff, 0x55, 0x1f, 0xa9, 0x4c, 0x0d, 0xe3, 0xff, 0xb2, 0x1f, 0x8e, 0x7b, 0x00, 0x03, 0x00,
    0x00, 0x00, 0x00, 0x00, 0x00, 0x00, 0x00, 0x00, 0x00, 0x00, 0x02, 0x02, 0x00, 0x28, 0x91, 0x15, 0x00, 0x01, 0x00, 0x00, 0x00, 0x02, 0x01, 0x2d,
    0xd8, 0x0f, 0x03, 0x72, 0x45, 0x00, 0xa6, 0x94, 0x00, 0x05, 0x00, 0x00, 0x00, 0x00, 0x00, 0x00, 0x00, 0x02, 0x28, 0x44, 0x8b, 0xb5, 0xd4, 0x94,
    0x5d, 0x6f, 0x1b, 0x86, 0xfa, 0xc8, 0x05, 0x00, 0x01, 0x00, 0x00, 0x00, 0x00, 0x00, 0x00, 0x00, 0x00, 0x00, 0x00, 0x04, 0x00, 0x00, 0x70, 0xf0,
    0xd0, 0x06, 0x01, 0x00, 0x00, 0x00, 0x00, 0x03, 0x00, 0xb6, 0x79, 0x15, 0xcf, 0x99, 0xca, 0x89, 0x09, 0xe7, 0x1a, 0x01, 0x02, 0x01, 0x02, 0x03,
    0x04, 0x04, 0x04, 0x00, 0x00, 0x00, 0x00, 0x00, 0x18, 0x56, 0x8e, 0xb7, 0xb7, 0x5e, 0x54, 0xba, 0x91, 0x11, 0x03, 0x01, 0x00, 0x00, 0x00, 0x00,
    0x00, 0x00, 0x00, 0x02, 0x02, 0x00, 0x28, 0xb8, 0xee, 0xff, 0x5a, 0x00, 0x03, 0x00, 0x00, 0x00, 0x01, 0x00, 0x1d, 0xee, 0x19, 0xb2, 0xa3, 0x7b,
    0x6f, 0xe7, 0x20, 0xac, 0x82, 0x00, 0x04, 0x00, 0x00, 0x00, 0x00, 0x00, 0x00, 0x00, 0x02, 0x03, 0x04, 0x01, 0x00, 0x00, 0x00, 0x00, 0x47, 0xa9,
    0xba, 0x9b, 0xb2, 0x04, 0x00, 0x04, 0x01, 0x00, 0x00, 0x00, 0x00, 0x00, 0x04, 0x00, 0x00, 0x71, 0xe4, 0xed, 0xe2, 0xb1, 0x03, 0x03, 0x00, 0x00,
    0x00, 0x00, 0x04, 0x00, 0x83, 0xa2, 0x46, 0xd9, 0xc3, 0x74, 0xbf, 0xaf, 0x9b, 0x50, 0xc1, 0x00, 0x03, 0x00, 0x00, 0x00, 0x00, 0x00, 0x00, 0x00,
    0x00, 0x00, 0x00, 0x00, 0x01, 0x03, 0x04, 0x00, 0x00, 0x00, 0x20, 0x7e, 0xbd, 0x9d, 0x1b, 0x00, 0x00, 0x02, 0x01, 0x01, 0x02, 0x02, 0x00, 0x29,
    0xb6, 0xf8, 0xec, 0x77, 0xbe, 0x55, 0x00, 0x03, 0x00, 0x00, 0x00, 0x00, 0x03, 0x00, 0xc0, 0x54, 0x98, 0xa3, 0x9d, 0x00, 0x66, 0xa7, 0xaf, 0x43,
    0xc7, 0x06, 0x01, 0x00, 0x00, 0x00, 0x00, 0x00, 0x00, 0x00, 0x00, 0x00, 0x00, 0x00, 0x00, 0x00, 0x00, 0x00, 0x02, 0x03, 0x00, 0x00, 0x0b, 0x7d,
    0xd4, 0x7b, 0x02, 0x00, 0x00, 0x00, 0x00, 0x00, 0x70, 0xe4, 0xf7, 0xbf, 0x37, 0x22, 0xd5, 0x0d, 0x01, 0x01, 0x00, 0x00, 0x00, 0x00, 0x01, 0x06,
    0xc3, 0x4f, 0xb2, 0x62, 0x97, 0x00, 0x84, 0x7b, 0xac, 0x58, 0xca, 0x17, 0x00, 0x01, 0x00, 0x00, 0x00, 0x00, 0x00, 0x00, 0x00, 0x00, 0x00, 0x00,
    0x00, 0x00, 0x00, 0x00, 0x00, 0x00, 0x01, 0x04, 0x00, 0x00, 0x1b, 0xab, 0xd2, 0x43, 0x16, 0x16, 0x32, 0xb7, 0xfb, 0xde, 0x7e, 0x3d, 0x56, 0xd7,
    0x99, 0x00, 0x04, 0x00, 0x00, 0x00, 0x00, 0x01, 0x00, 0x17, 0xcd, 0x60, 0xbe, 0x13, 0xe4, 0x6f, 0xdf, 0x21, 0xc0, 0x4a, 0xb3, 0x45, 0x00, 0x02,
    0x00, 0x00, 0x00, 0x00, 0x00, 0x00, 0x00, 0x00, 0x00, 0x00, 0x00, 0x00, 0x00, 0x00, 0x00, 0x00, 0x00, 0x00, 0x01, 0x04, 0x00, 0x00, 0x67, 0xb5,
    0xcb, 0xde, 0xe3, 0xe7, 0xb7, 0x6c, 0x77, 0x8c, 0x32, 0xd6, 0x57, 0x01, 0x03, 0x00, 0x00, 0x00, 0x00, 0x02, 0x00, 0x42, 0xc0, 0x51, 0xbd, 0x00,
    0x29, 0x82, 0x3c, 0x00, 0xcf, 0x3c, 0xb9, 0x55, 0x00, 0x03, 0x00, 0x00, 0x00, 0x00, 0x00, 0x00, 0x00, 0x00, 0x00, 0x00, 0x00, 0x00, 0x00, 0x00,
    0x00, 0x00, 0x00, 0x00, 0x00, 0x00, 0x01, 0x01, 0x00, 0x00, 0x15, 0x16, 0x9b, 0xc7, 0x76, 0x70, 0x36, 0x03, 0x49, 0xe3, 0x0e, 0x01, 0x01, 0x00,
    0x00, 0x00, 0x00, 0x03, 0x00, 0x5c, 0xa2, 0x7d, 0x94, 0x00, 0x68, 0xa7, 0x51, 0x01, 0xa6, 0x73, 0xb4, 0x54, 0x03, 0x06, 0x01, 0x01, 0x01, 0x00,
    0x00, 0x00, 0x00, 0x00, 0x00, 0x00, 0x00, 0x00, 0x00, 0x00, 0x01, 0x01, 0x01, 0x01, 0x01, 0x01, 0x02, 0x03, 0x05, 0x01, 0x00, 0x07, 0x97, 0x7d,
    0x5b, 0x59, 0x73, 0x78, 0xa7, 0xc4, 0x00, 0x02, 0x00, 0x00, 0x00, 0x00, 0x00, 0x04, 0x00, 0x92, 0x78, 0x7e, 0x8e, 0x17, 0xff, 0xff, 0xfa, 0x00,
    0x8b, 0x8e, 0xb1, 0x48, 0x00, 0x00, 0x00, 0x00, 0x00, 0x00, 0x00, 0x01, 0x01, 0x01, 0x01, 0x01, 0x01, 0x01, 0x01, 0x00, 0x00, 0x00, 0x00, 0x00,
    0x00, 0x00, 0x00, 0x00, 0x00, 0x01, 0x01, 0x10, 0x80, 0x68, 0x5c, 0x42, 0x18, 0x00, 0x36, 0xcb, 0x00, 0x02, 0x00, 0x00, 0x00, 0x00, 0x00, 0x04,
    0x00, 0x9b, 0x7b, 0x7c, 0x91, 0x0f, 0xe7, 0xff, 0xbe, 0x00, 0xb2, 0x64, 0xb6, 0x89, 0x52, 0x53, 0x27, 0x21, 0x1e, 0x09, 0x00, 0x00, 0x00, 0x00,
    0x00, 0x00, 0x00, 0x00, 0x00, 0x02, 0x17, 0x1e, 0x1e, 0x1e, 0x1f, 0x21, 0x2f, 0x54, 0x3e, 0x00, 0x00, 0x1c, 0x6c, 0x57, 0x43, 0x3e, 0x47, 0x4c,
    0x87, 0xc5, 0x00, 0x02, 0x00, 0x00, 0x00, 0x00, 0x00, 0x04, 0x00, 0x86, 0x7d, 0x7b, 0x9b, 0x00, 0x26, 0x58, 0x06, 0x01, 0xc8, 0x5f, 0xce, 0x58,
    0x7a, 0x8a, 0x72, 0x8f, 0xae, 0x88, 0x95, 0xae, 0xac, 0xad, 0xad, 0xae, 0xad, 0xad, 0xa1, 0x7c, 0xa1, 0xad, 0xad, 0xac, 0xad, 0x8e, 0x74, 0x8c,
    0x67, 0x01, 0x00, 0x46, 0x85, 0x52, 0x40, 0x45, 0x51, 0x4f, 0x82, 0xc5, 0x00, 0x02, 0x00, 0x00, 0x00, 0x00, 0x00, 0x03, 0x00, 0x50, 0xad, 0x8a,
    0x8e, 0x12, 0xbc, 0xc4, 0x61, 0x00, 0xcd, 0x58, 0xd2, 0x0b, 0x00, 0x00, 0x00, 0x00, 0x00, 0x00, 0x12, 0x1f, 0x1e, 0x1e, 0x1f, 0x1c, 0x1d, 0x1e,
    0x17, 0x03, 0x00, 0x00, 0x00, 0x00, 0x00, 0x00, 0x00, 0x00, 0x00, 0x01, 0x01, 0x46, 0x5f, 0x7b, 0x66, 0x1f, 0x00, 0x00, 0x4d, 0xce, 0x00, 0x02,
    0x00, 0x00, 0x00, 0x00, 0x00, 0x03, 0x00, 0x56, 0xb6, 0x6b, 0x89, 0x77, 0x8c, 0x1e, 0xd4, 0x21, 0xcf, 0x23, 0xd0, 0x13, 0x06, 0x00, 0x1e, 0x0e,
    0x00, 0x02, 0x00, 0x00, 0x00, 0x00, 0x00, 0x00, 0x00, 0x00, 0x00, 0x00, 0x00, 0x01, 0x01, 0x01, 0x01, 0x02, 0x03, 0x04, 0x06, 0x05, 0x03, 0xa3,
    0xa3, 0x2d, 0x31, 0x88, 0x8f, 0x60, 0xbe, 0x70, 0x00, 0x03, 0x00, 0x00, 0x00, 0x00, 0x00, 0x02, 0x00, 0x44, 0xb9, 0x2c, 0xb8, 0x84, 0x48, 0x00,
    0x9c, 0x73, 0x9f, 0x4a, 0xca, 0x00, 0x03, 0x1a, 0xbd, 0x87, 0x07, 0x00, 0x1c, 0x0d, 0x00, 0x05, 0x09, 0x8d, 0x65, 0x04, 0x00, 0x06, 0x02, 0x00,
    0x00, 0x00, 0x00, 0x00, 0x01, 0x03, 0x00, 0x00, 0x06, 0xca, 0xd6, 0xb4, 0x76, 0x00, 0x07, 0x6e, 0xed, 0x08, 0x00, 0x01, 0x00, 0x00, 0x00, 0x00,
    0x00, 0x01, 0x00, 0x15, 0xd8, 0x14, 0xc2, 0xd4, 0x58, 0x14, 0xa3, 0xae, 0x6d, 0xad, 0x7b, 0x00, 0x05, 0x14, 0xa2, 0x89, 0x0a, 0x1b, 0xbe, 0x88,
    0x05, 0x00, 0x2b, 0xed, 0xb1, 0x0e, 0x0f, 0x8d, 0x5e, 0x00, 0x03, 0x00, 0x01, 0x04, 0x00, 0x00, 0x3c, 0x4d, 0x1a, 0xdb, 0xe1, 0x76, 0x8c, 0xcd,
    0x29, 0x4d, 0xc7, 0x00, 0x02, 0x00, 0x00, 0x00, 0x00, 0x00, 0x00, 0x00, 0x01, 0x06, 0xda, 0x2b, 0x87, 0xd1, 0xb3, 0xce, 0x92, 0xe3, 0x3c, 0xe5,
    0x1b, 0x00, 0x02, 0x00, 0x02, 0x00, 0x01, 0x15, 0xa2, 0x88, 0x08, 0x01, 0x00, 0x2a, 0x04, 0x00, 0x55, 0xed, 0x8e, 0x02, 0x05, 0x04, 0x00, 0x00,
    0x11, 0x96, 0xe1, 0xb8, 0xc9, 0xe3, 0xc9, 0xd0, 0x67, 0x3f, 0xc0, 0xe0, 0x7f, 0x00, 0x04, 0x00, 0x00, 0x00, 0x00, 0x00, 0x00, 0x00, 0x03, 0x00,
    0x93, 0xa5, 0x13, 0xd3, 0x7e, 0x5d, 0xca, 0x54, 0x68, 0xb4, 0x00, 0x03, 0x00, 0x01, 0x00, 0x00, 0x01, 0x00, 0x02, 0x00, 0x00, 0x00, 0x00, 0x00,
    0x00, 0x01, 0x00, 0x2e, 0x03, 0x00, 0x00, 0x00, 0x12, 0x73, 0xcb, 0x9b, 0x1b, 0x00, 0x3b, 0xee, 0xf1, 0x8a, 0xaa, 0x98, 0x00, 0xdb, 0x54, 0x00,
    0x03, 0x00, 0x00, 0x00, 0x00, 0x00, 0x00, 0x00, 0x01, 0x01, 0x18, 0xe1, 0x12, 0x3b, 0xbb, 0xce, 0x70, 0x00, 0xdb, 0x30, 0x00, 0x02, 0x00, 0x00,
    0x01, 0x00, 0x00, 0x01, 0x00, 0x01, 0x01, 0x01, 0x03, 0x06, 0x02, 0x01, 0x00, 0x00, 0x00, 0x27, 0x5a, 0x8b, 0xc7, 0xa8, 0x2e, 0x00, 0x00, 0x05,
    0x00, 0x53, 0xfc, 0xea, 0x42, 0xa6, 0xa4, 0xbd, 0x4f, 0x00, 0x03, 0x00, 0x00, 0x00, 0x00, 0x00, 0x00, 0x00, 0x00, 0x03, 0x00, 0x8e, 0x92, 0x00,
    0x00, 0x10, 0x00, 0x8f, 0xb3, 0x01, 0x07, 0x04, 0x04, 0x04, 0x04, 0x03, 0x02, 0x02, 0x02, 0x00, 0x00, 0x00, 0x00, 0x00, 0x00, 0x00, 0x22, 0x7d,
    0xbb, 0xbf, 0x93, 0x9f, 0x35, 0x00, 0x00, 0x04, 0x01, 0x00, 0x04, 0x00, 0x90, 0xf7, 0xe0, 0x10, 0x99, 0xff, 0x41, 0x00, 0x03, 0x00, 0x00, 0x00,
    0x00, 0x00, 0x00, 0x00, 0x00, 0x02, 0x01, 0x1c, 0xf8, 0x82, 0x00, 0x04, 0x91, 0xc4, 0x05, 0x00, 0x00, 0x00, 0x00, 0x00, 0x00, 0x00, 0x00, 0x00,
    0x00, 0x01, 0x1e, 0x22, 0x54, 0x8c, 0xa7, 0xab, 0xd3, 0xb9, 0x35, 0x00, 0x25, 0xf5, 0x2d, 0x03, 0x04, 0x00, 0x00, 0x00, 0x01, 0x03, 0x04, 0xc6,
    0xf3, 0xc4, 0x00, 0xd3, 0x5d, 0x00, 0x03, 0x00, 0x00, 0x00, 0x00, 0x00, 0x00, 0x00, 0x00, 0x00, 0x01, 0x00, 0x39, 0xc2, 0xc6, 0xec, 0xff, 0xa0,
    0x8f, 0x94, 0x92, 0x93, 0x93, 0x90, 0x8b, 0xaa, 0xc9, 0xc7, 0xaf, 0xb6, 0xb0, 0xae, 0x96, 0x7b, 0xe4, 0x31, 0x0d, 0xa0, 0x0a, 0x0b, 0xff, 0x6f,
    0x00, 0x02, 0x00, 0x00, 0x00, 0x00, 0x00, 0x02, 0x00, 0x25, 0xe9, 0xe8, 0x90, 0xbd, 0x51, 0x00, 0x03, 0x00, 0x00, 0x00, 0x00, 0x00, 0x00, 0x00,
    0x00, 0x00, 0x00, 0x01, 0x00, 0x00, 0x45, 0x87, 0x7d, 0x8f, 0x94, 0x92, 0x93, 0x92, 0x93, 0x74, 0x55, 0x53, 0x4f, 0x4c, 0x22, 0x1a, 0x00, 0x00,
    0x00, 0x00, 0x72, 0xd8, 0x07, 0x54, 0x91, 0xc8, 0xa6, 0x00, 0x03, 0x00, 0x00, 0x00, 0x00, 0x00, 0x00, 0x00, 0x03, 0x00, 0x58, 0xf5, 0xd7, 0xfb,
    0x40, 0x00, 0x03, 0x00, 0x00, 0x00, 0x00, 0x00, 0x00, 0x00, 0x00, 0x00, 0x00, 0x00, 0x02, 0x01, 0x00, 0x00, 0x00, 0x00, 0x00, 0x00, 0x00, 0x00,
    0x00, 0x00, 0x00, 0x00, 0x00, 0x00, 0x00, 0x00, 0x01, 0x01, 0x04, 0x05, 0x00, 0x77, 0xd7, 0x18, 0xf5, 0xcc, 0x00, 0x04, 0x01, 0x00, 0x00, 0x00,
    0x00, 0x00, 0x00, 0x00, 0x00, 0x04, 0x00, 0x95, 0xe8, 0xf2, 0x75, 0x00, 0x04, 0x00, 0x00, 0x00, 0x00, 0x00, 0x00, 0x00, 0x00, 0x00, 0x00, 0x00,
    0x00, 0x00, 0x02, 0x04, 0x04, 0x04, 0x04, 0x04, 0x04, 0x04, 0x04, 0x04, 0x03, 0x03, 0x03, 0x03, 0x01, 0x01, 0x00, 0x00, 0x00, 0x00, 0x05, 0x00,
    0x6e, 0xf6, 0xe0, 0x1e, 0x02, 0x02, 0x00, 0x00, 0x00, 0x00, 0x00, 0x00, 0x00, 0x00, 0x00, 0x01, 0x03, 0x04, 0xc3, 0xf6, 0x7b, 0x00, 0x04, 0x00,
    0x00, 0x00, 0x00, 0x00, 0x00, 0x00, 0x00, 0x00, 0x00, 0x00, 0x00, 0x00, 0x00, 0x00, 0x00, 0x00, 0x00, 0x00, 0x00, 0x00, 0x00, 0x00, 0x00, 0x00,
    0x00, 0x00, 0x00, 0x00, 0x00, 0x00, 0x00, 0x00, 0x00, 0x03, 0x00, 0x52, 0x31, 0x00, 0x02, 0x00, 0x00, 0x00, 0x00, 0x00, 0x00, 0x00, 0x00, 0x00,
    0x00, 0x00, 0x02, 0x01, 0x1f, 0xf9, 0xa1, 0x00, 0x04, 0x00, 0x00, 0x00, 0x00, 0x00, 0x00, 0x00, 0x00, 0x00, 0x00, 0x00, 0x00, 0x00, 0x00, 0x00,
    0x00, 0x00, 0x00, 0x00, 0x00, 0x00, 0x00, 0x00, 0x00, 0x00, 0x00, 0x00, 0x00, 0x00, 0x00, 0x00, 0x00, 0x00, 0x00, 0x00, 0x02, 0x00, 0x00, 0x01,
    0x00, 0x00, 0x00, 0x00, 0x00, 0x00, 0x00, 0x00, 0x00, 0x00, 0x00, 0x00, 0x00, 0x03, 0x00, 0x54, 0x73, 0x00, 0x01, 0x00, 0x00, 0x00, 0x00, 0x00,
    0x00, 0x00, 0x00, 0x00, 0x00, 0x00, 0x00, 0x00, 0x00, 0x00, 0x00, 0x00, 0x00, 0x00, 0x00, 0x00, 0x00, 0x00, 0x00, 0x00, 0x00, 0x00, 0x00, 0x00,
    0x00, 0x00, 0x00, 0x00, 0x00, 0x00, 0x00, 0x03, 0x02, 0x00, 0x00, 0x00, 0x00, 0x00, 0x00, 0x00, 0x00, 0x00, 0x00, 0x00, 0x00, 0x00, 0x00, 0x00,
    0x01, 0x00, 0x00, 0x00, 0x00, 0x00, 0x00, 0x00, 0x00, 0x00, 0x00, 0x00, 0x00, 0x00, 0x00, 0x00, 0x00, 0x00, 0x00, 0x00, 0x00, 0x00, 0x00, 0x00,
    0x00, 0x00, 0x00, 0x00, 0x00, 0x00, 0x00, 0x00, 0x00, 0x00, 0x00, 0x00, 0x00, 0x00, 0x00, 0x00, 0x00, 0x00, 0x00, 0x00, 0x00, 0x00, 0x00, 0x00,
    0x00, 0x00, 0x00, 0x00, 0x00, 0x00, 0x00, 0x00, 0x00, 0x00, 0x00, 0x02, 0x04, 0x00, 0x00, 0x00, 0x00, 0x00, 0x00, 0x00
};
const lv_image_dsc_t bp_fish_tail[9] = {
    {.header.magic = LV_IMAGE_HEADER_MAGIC, .header.cf = LV_COLOR_FORMAT_A8, .header.w = 58, .header.h = 38, .header.stride = 58, .data_size = sizeof(bp_fish_tail_0), .data = bp_fish_tail_0},
    {.header.magic = LV_IMAGE_HEADER_MAGIC, .header.cf = LV_COLOR_FORMAT_A8, .header.w = 58, .header.h = 38, .header.stride = 58, .data_size = sizeof(bp_fish_tail_1), .data = bp_fish_tail_1},
    {.header.magic = LV_IMAGE_HEADER_MAGIC, .header.cf = LV_COLOR_FORMAT_A8, .header.w = 58, .header.h = 38, .header.stride = 58, .data_size = sizeof(bp_fish_tail_2), .data = bp_fish_tail_2},
    {.header.magic = LV_IMAGE_HEADER_MAGIC, .header.cf = LV_COLOR_FORMAT_A8, .header.w = 58, .header.h = 38, .header.stride = 58, .data_size = sizeof(bp_fish_tail_3), .data = bp_fish_tail_3},
    {.header.magic = LV_IMAGE_HEADER_MAGIC, .header.cf = LV_COLOR_FORMAT_A8, .header.w = 58, .header.h = 38, .header.stride = 58, .data_size = sizeof(bp_fish_tail_4), .data = bp_fish_tail_4},
    {.header.magic = LV_IMAGE_HEADER_MAGIC, .header.cf = LV_COLOR_FORMAT_A8, .header.w = 58, .header.h = 38, .header.stride = 58, .data_size = sizeof(bp_fish_tail_5), .data = bp_fish_tail_5},
    {.header.magic = LV_IMAGE_HEADER_MAGIC, .header.cf = LV_COLOR_FORMAT_A8, .header.w = 58, .header.h = 38, .header.stride = 58, .data_size = sizeof(bp_fish_tail_6), .data = bp_fish_tail_6},
    {.header.magic = LV_IMAGE_HEADER_MAGIC, .header.cf = LV_COLOR_FORMAT_A8, .header.w = 58, .header.h = 38, .header.stride = 58, .data_size = sizeof(bp_fish_tail_7), .data = bp_fish_tail_7},
    {.header.magic = LV_IMAGE_HEADER_MAGIC, .header.cf = LV_COLOR_FORMAT_A8, .header.w = 58, .header.h = 38, .header.stride = 58, .data_size = sizeof(bp_fish_tail_8), .data = bp_fish_tail_8},
};
